200,ARG,A,"1490,1492,1493",1,UNL,A,5.03,True,Carboxylate,"4210,4211","(6.3614999999999995, 44.841, 53.3395)","(2.1266666666666665, 45.166999999999994, 50.640666666666675)"
200,ARG,A,"1490,1492,1493",1,UNL,A,4.23,True,Carboxylate,"4210,4211","(5.1695, 43.329, 52.94)","(2.1266666666666665, 45.166999999999994, 50.640666666666675)"
200,ARG,A,"1490,1492,1493",1,UNL,A,3.88,True,Carboxylate,"4211,4212","(4.37, 44.6365, 53.757999999999996)","(2.1266666666666665, 45.166999999999994, 50.640666666666675)"
200,ARG,A,"1490,1492,1493",1,UNL,A,4.66,True,Carboxylate,"4210,4211","(3.263, 41.221500000000006, 48.435)","(2.1266666666666665, 45.166999999999994, 50.640666666666675)"
200,ARG,A,"1490,1492,1493",1,UNL,A,4.69,True,Carboxylate,"4210,4211","(6.571, 44.9785, 52.1175)","(2.1266666666666665, 45.166999999999994, 50.640666666666675)"
200,ARG,A,"1490,1492,1493",1,UNL,A,4.79,True,Carboxylate,"4210,4211","(6.23, 42.787, 51.289)","(2.1266666666666665, 45.166999999999994, 50.640666666666675)"
200,ARG,A,"1490,1492,1493",1,UNL,A,4.47,True,Carboxylate,"4223,4224","(6.585, 44.917, 50.4715)","(2.1266666666666665, 45.166999999999994, 50.640666666666675)"
319,ASP,A,"2394,2395",1,UNL,A,5.50,False,Sulfonium,4222,"(10.447, 43.138, 47.571)","(8.333, 39.211, 44.353)"
319,ASP,A,"2394,2395",1,UNL,A,5.06,False,Sulfonium,4223,"(10.425, 42.898, 47.107)","(8.333, 39.211, 44.353)"
200,ARG,A,"1490,1492,1493",1,UNL,A,3.89,True,Carboxylate,"4229,4230","(5.5875, 44.4895, 52.294)","(2.1266666666666665, 45.166999999999994, 50.640666666666675)"
319,ASP,A,"2394,2395",1,UNL,A,5.24,False,Tertamine,4188,"(11.369, 43.295, 45.582)","(8.333, 39.211, 44.353)"
319,ASP,A,"2394,2395",1,UNL,A,5.37,False,Tertamine,4189,"(11.474, 43.03, 46.442)","(8.333, 39.211, 44.353)"
200,ARG,A,"1490,1492,1493",1,UNL,A,5.48,True,Carboxylate,"4221,4222","(3.3705, 39.8675, 51.232)","(2.1266666666666665, 45.166999999999994, 50.640666666666675)"
386,ARG,A,"2895,2897,2898",1,UNL,A,5.40,True,Carboxylate,"4221,4222","(13.094, 43.0135, 53.6285)","(13.938333333333333, 37.68233333333333, 53.593333333333334)"
386,ARG,A,"2895,2897,2898",1,UNL,A,5.47,True,Carboxylate,"4221,4222","(13.177, 43.098, 53.652)","(13.938333333333333, 37.68233333333333, 53.593333333333334)"
200,ARG,A,"1490,1492,1493",1,UNL,A,2.99,True,Carboxylate,"4221,4222","(4.640000000000001, 44.2885, 49.288)","(2.1266666666666665, 45.166999999999994, 50.640666666666675)"
319,ASP,A,"2394,2395",1,UNL,A,5.40,False,Tertamine,4190,"(11.213, 41.698, 48.182)","(8.333, 39.211, 44.353)"
319,ASP,A,"2394,2395",1,UNL,A,4.93,False,Tertamine,4193,"(12.079, 39.829, 47.498)","(8.333, 39.211, 44.353)"
319,ASP,A,"2394,2395",1,UNL,A,4.36,False,Tertamine,4191,"(11.333, 42.069, 45.724)","(8.333, 39.211, 44.353)"
319,ASP,A,"2394,2395",1,UNL,A,4.34,False,Tertamine,4189,"(11.612, 41.436, 46.117)","(8.333, 39.211, 44.353)"
319,ASP,A,"2394,2395",1,UNL,A,4.07,False,Tertamine,4190,"(11.146, 38.889, 47.274)","(8.333, 39.211, 44.353)"
200,ARG,A,"1490,1492,1493",1,UNL,A,3.27,True,Carboxylate,"4213,4214","(5.0215, 45.4855, 49.1495)","(2.1266666666666665, 45.166999999999994, 50.640666666666675)"
386,ARG,A,"2895,2897,2898",1,UNL,A,5.15,True,Carboxylate,"4213,4214","(12.6705, 42.667, 53.2615)","(13.938333333333333, 37.68233333333333, 53.593333333333334)"
200,ARG,A,"1490,1492,1493",1,UNL,A,4.90,True,Carboxylate,"4213,4214","(3.2685, 40.577, 49.3445)","(2.1266666666666665, 45.166999999999994, 50.640666666666675)"
200,ARG,A,"1490,1492,1493",1,UNL,A,5.36,True,Carboxylate,"4213,4214","(4.2555, 40.8215, 52.9555)","(2.1266666666666665, 45.166999999999994, 50.640666666666675)"
200,ARG,A,"1490,1492,1493",1,UNL,A,4.48,True,Carboxylate,"4213,4214","(5.7895, 42.632, 51.082499999999996)","(2.1266666666666665, 45.166999999999994, 50.640666666666675)"
200,ARG,A,"1490,1492,1493",1,UNL,A,3.80,True,Carboxylate,"4213,4214","(3.5645, 41.659, 50.879)","(2.1266666666666665, 45.166999999999994, 50.640666666666675)"
200,ARG,A,"1490,1492,1493",1,UNL,A,4.62,True,Carboxylate,"4213,4214","(5.173, 41.808499999999995, 49.768)","(2.1266666666666665, 45.166999999999994, 50.640666666666675)"
319,ASP,A,"2394,2395",1,UNL,A,4.18,False,Tertamine,4190,"(11.304, 38.825, 47.273)","(8.333, 39.211, 44.353)"
319,ASP,A,"2394,2395",1,UNL,A,5.07,False,Tertamine,4191,"(10.67, 42.397, 47.531)","(8.333, 39.211, 44.353)"
319,ASP,A,"2394,2395",1,UNL,A,4.19,False,Tertamine,4190,"(11.231, 38.863, 47.359)","(8.333, 39.211, 44.353)"
319,ASP,A,"2394,2395",1,UNL,A,5.08,False,Tertamine,4191,"(10.579, 42.437, 47.569)","(8.333, 39.211, 44.353)"
319,ASP,A,"2394,2395",1,UNL,A,4.21,False,Tertamine,4190,"(11.248, 38.944, 47.377)","(8.333, 39.211, 44.353)"
319,ASP,A,"2394,2395",1,UNL,A,5.27,False,Tertamine,4188,"(12.018, 42.308, 46.498)","(8.333, 39.211, 44.353)"
200,ARG,A,"1490,1492,1493",1,UNL,A,5.16,True,Carboxylate,"4221,4220","(6.701499999999999, 43.21, 49.282)","(2.1266666666666665, 45.166999999999994, 50.640666666666675)"
200,ARG,A,"1490,1492,1493",1,UNL,A,4.37,True,Carboxylate,"4211,4212","(5.7204999999999995, 43.025000000000006, 51.8925)","(2.1266666666666665, 45.166999999999994, 50.640666666666675)"
200,ARG,A,"1490,1492,1493",1,UNL,A,4.37,True,Carboxylate,"4211,4212","(5.7204999999999995, 43.024, 51.893)","(2.1266666666666665, 45.166999999999994, 50.640666666666675)"
319,ASP,A,"2394,2395",1,UNL,A,4.61,False,Tertamine,4190,"(10.626, 41.659, 47.522)","(8.333, 39.211, 44.353)"
200,ARG,A,"1490,1492,1493",1,UNL,A,5.03,True,Carboxylate,"4211,4212","(2.998, 40.5235, 48.929)","(2.1266666666666665, 45.166999999999994, 50.640666666666675)"
200,ARG,A,"1490,1492,1493",1,UNL,A,4.46,True,Carboxylate,"4213,4214","(3.318, 41.167500000000004, 49.067)","(2.1266666666666665, 45.166999999999994, 50.640666666666675)"
200,ARG,A,"1490,1492,1493",1,UNL,A,4.38,True,Carboxylate,"4211,4212","(5.684, 42.9795, 51.947)","(2.1266666666666665, 45.166999999999994, 50.640666666666675)"
319,ASP,A,"2394,2395",1,UNL,A,4.21,False,Tertamine,4190,"(11.244, 38.984, 47.386)","(8.333, 39.211, 44.353)"
319,ASP,A,"2394,2395",1,UNL,A,5.41,False,Tertamine,4190,"(10.393, 42.762, 47.88)","(8.333, 39.211, 44.353)"
200,ARG,A,"1490,1492,1493",1,UNL,A,4.85,True,Carboxylate,"4228,4229","(5.6075, 44.079, 53.835499999999996)","(2.1266666666666665, 45.166999999999994, 50.640666666666675)"
200,ARG,A,"1490,1492,1493",1,UNL,A,2.43,True,Carboxylate,"4226,4224","(4.049, 43.7805, 50.117000000000004)","(2.1266666666666665, 45.166999999999994, 50.640666666666675)"
200,ARG,A,"1490,1492,1493",1,UNL,A,4.12,True,Carboxylate,"4226,4224","(4.6325, 42.2385, 52.083)","(2.1266666666666665, 45.166999999999994, 50.640666666666675)"
200,ARG,A,"1490,1492,1493",1,UNL,A,4.32,True,Carboxylate,"4225,4227","(6.176, 44.811, 49.171)","(2.1266666666666665, 45.166999999999994, 50.640666666666675)"
200,ARG,A,"1490,1492,1493",1,UNL,A,5.08,True,Carboxylate,"4213,4214","(7.077999999999999, 44.403999999999996, 51.4785)","(2.1266666666666665, 45.166999999999994, 50.640666666666675)"
200,ARG,A,"1490,1492,1493",1,UNL,A,4.66,True,Carboxylate,"4213,4214","(3.7010000000000005, 40.952, 51.8535)","(2.1266666666666665, 45.166999999999994, 50.640666666666675)"
200,ARG,A,"1490,1492,1493",1,UNL,A,3.59,True,Carboxylate,"4215,4216","(4.8065, 43.1525, 49.343999999999994)","(2.1266666666666665, 45.166999999999994, 50.640666666666675)"
200,ARG,A,"1490,1492,1493",1,UNL,A,4.67,True,Carboxylate,"4213,4214","(3.706, 40.9405, 51.840999999999994)","(2.1266666666666665, 45.166999999999994, 50.640666666666675)"
200,ARG,A,"1490,1492,1493",1,UNL,A,3.59,True,Carboxylate,"4215,4216","(4.7989999999999995, 43.1545, 49.337)","(2.1266666666666665, 45.166999999999994, 50.640666666666675)"
200,ARG,A,"1490,1492,1493",1,UNL,A,4.69,True,Carboxylate,"4213,4214","(4.138, 41.1515, 51.98950000000001)","(2.1266666666666665, 45.166999999999994, 50.640666666666675)"
200,ARG,A,"1490,1492,1493",1,UNL,A,4.33,True,Carboxylate,"4215,4216","(3.8529999999999998, 41.8265, 48.4995)","(2.1266666666666665, 45.166999999999994, 50.640666666666675)"
200,ARG,A,"1490,1492,1493",1,UNL,A,5.44,True,Carboxylate,"4214,4215","(7.481, 45.145, 51.626000000000005)","(2.1266666666666665, 45.166999999999994, 50.640666666666675)"
200,ARG,A,"1490,1492,1493",1,UNL,A,3.56,True,Carboxylate,"4215,4216","(5.161, 45.184, 48.7765)","(2.1266666666666665, 45.166999999999994, 50.640666666666675)"
200,ARG,A,"1490,1492,1493",1,UNL,A,5.34,True,Carboxylate,"4214,4215","(7.1259999999999994, 43.8365, 51.949)","(2.1266666666666665, 45.166999999999994, 50.640666666666675)"
319,ASP,A,"2394,2395",1,UNL,A,4.23,False,Tertamine,4191,"(9.149, 42.411, 46.99)","(8.333, 39.211, 44.353)"
200,ARG,A,"1490,1492,1493",1,UNL,A,4.59,True,Carboxylate,"4212,4213","(4.2125, 41.082, 50.7755)","(2.1266666666666665, 45.166999999999994, 50.640666666666675)"
200,ARG,A,"1490,1492,1493",1,UNL,A,3.45,True,Carboxylate,"4214,4215","(2.5789999999999997, 41.878, 49.694500000000005)","(2.1266666666666665, 45.166999999999994, 50.640666666666675)"
200,ARG,A,"1490,1492,1493",1,UNL,A,3.28,True,Carboxylate,"4213,4214","(4.9955, 43.605999999999995, 50.936499999999995)","(2.1266666666666665, 45.166999999999994, 50.640666666666675)"
200,ARG,A,"1490,1492,1493",1,UNL,A,4.58,True,Carboxylate,"4215,4214","(6.4, 45.821, 49.143)","(2.1266666666666665, 45.166999999999994, 50.640666666666675)"
200,ARG,A,"1490,1492,1493",1,UNL,A,3.57,True,Carboxylate,"4217,4216","(4.6225000000000005, 43.0105, 49.274)","(2.1266666666666665, 45.166999999999994, 50.640666666666675)"
200,ARG,A,"1490,1492,1493",1,UNL,A,4.54,True,Carboxylate,"4217,4218","(6.356, 45.826499999999996, 49.1225)","(2.1266666666666665, 45.166999999999994, 50.640666666666675)"
200,ARG,A,"1490,1492,1493",1,UNL,A,4.62,True,Carboxylate,"4214,4215","(4.082, 41.210499999999996, 52.0205)","(2.1266666666666665, 45.166999999999994, 50.640666666666675)"
200,ARG,A,"1490,1492,1493",1,UNL,A,5.47,True,Carboxylate,"4217,4216","(4.1975, 40.552, 48.549499999999995)","(2.1266666666666665, 45.166999999999994, 50.640666666666675)"
200,ARG,A,"1490,1492,1493",1,UNL,A,5.38,True,Carboxylate,"4217,4216","(6.5855, 44.626000000000005, 47.673)","(2.1266666666666665, 45.166999999999994, 50.640666666666675)"
200,ARG,A,"1490,1492,1493",1,UNL,A,4.78,True,Carboxylate,"4217,4216","(6.630999999999999, 43.576499999999996, 50.5665)","(2.1266666666666665, 45.166999999999994, 50.640666666666675)"
200,ARG,A,"1490,1492,1493",1,UNL,A,4.59,True,Carboxylate,"4217,4216","(3.872, 40.951499999999996, 50.1055)","(2.1266666666666665, 45.166999999999994, 50.640666666666675)"
200,ARG,A,"1490,1492,1493",1,UNL,A,5.03,True,Carboxylate,"4217,4216","(6.4575, 42.725, 49.861)","(2.1266666666666665, 45.166999999999994, 50.640666666666675)"
200,ARG,A,"1490,1492,1493",1,UNL,A,3.64,True,Carboxylate,"4218,4219","(5.172499999999999, 43.1765, 50.448499999999996)","(2.1266666666666665, 45.166999999999994, 50.640666666666675)"
200,ARG,A,"1490,1492,1493",1,UNL,A,4.61,True,Carboxylate,"4219,4220","(6.452999999999999, 45.945, 49.2485)","(2.1266666666666665, 45.166999999999994, 50.640666666666675)"
386,ARG,A,"2895,2897,2898",1,UNL,A,3.45,True,Carboxylate,"4219,4220","(11.815000000000001, 40.3685, 53.1535)","(13.938333333333333, 37.68233333333333, 53.593333333333334)"
200,ARG,A,"1490,1492,1493",1,UNL,A,3.84,True,Carboxylate,"4218,4219","(3.937, 42.343, 48.7655)","(2.1266666666666665, 45.166999999999994, 50.640666666666675)"
319,ASP,A,"2394,2395",1,UNL,A,4.49,False,Sulfonium,4217,"(12.054, 39.956, 46.751)","(8.333, 39.211, 44.353)"
319,ASP,A,"2394,2395",1,UNL,A,3.74,False,Sulfonium,4217,"(11.733, 38.495, 45.741)","(8.333, 39.211, 44.353)"
319,ASP,A,"2394,2395",1,UNL,A,4.83,False,Tertamine,4189,"(10.581, 42.117, 47.491)","(8.333, 39.211, 44.353)"
319,ASP,A,"2394,2395",1,UNL,A,5.45,False,Sulfonium,4215,"(11.111, 43.148, 46.902)","(8.333, 39.211, 44.353)"
200,ARG,A,"1490,1492,1493",1,UNL,A,4.76,True,Carboxylate,"4207,4208","(2.6695, 41.0985, 48.224000000000004)","(2.1266666666666665, 45.166999999999994, 50.640666666666675)"
200,ARG,A,"1490,1492,1493",1,UNL,A,3.34,True,Carboxylate,"4207,4208","(5.4155, 44.585499999999996, 50.748)","(2.1266666666666665, 45.166999999999994, 50.640666666666675)"
200,ARG,A,"1490,1492,1493",1,UNL,A,5.46,True,Carboxylate,"4207,4208","(1.391, 39.931, 49.2925)","(2.1266666666666665, 45.166999999999994, 50.640666666666675)"
200,ARG,A,"1490,1492,1493",1,UNL,A,4.88,True,Carboxylate,"4207,4208","(5.8055, 44.5785, 53.7975)","(2.1266666666666665, 45.166999999999994, 50.640666666666675)"
200,ARG,A,"1490,1492,1493",1,UNL,A,3.91,True,Carboxylate,"4207,4208","(5.622999999999999, 43.436, 50.9)","(2.1266666666666665, 45.166999999999994, 50.640666666666675)"
200,ARG,A,"1490,1492,1493",1,UNL,A,4.52,True,Carboxylate,"4207,4208","(6.5765, 44.71, 49.9625)","(2.1266666666666665, 45.166999999999994, 50.640666666666675)"
319,ASP,A,"2394,2395",1,UNL,A,5.45,False,Tertamine,4188,"(9.719, 43.071, 47.945)","(8.333, 39.211, 44.353)"
318,ASP,A,"2386,2387",1,UNL,A,5.22,False,Tertamine,4189,"(11.557, 43.2, 44.343)","(10.3535, 40.1395, 40.286500000000004)"
319,ASP,A,"2394,2395",1,UNL,A,5.13,False,Tertamine,4189,"(11.557, 43.2, 44.343)","(8.333, 39.211, 44.353)"
200,ARG,A,"1490,1492,1493",1,UNL,A,4.82,True,Carboxylate,"4215,4216","(5.736000000000001, 42.3055, 52.0745)","(2.1266666666666665, 45.166999999999994, 50.640666666666675)"
200,ARG,A,"1490,1492,1493",1,UNL,A,3.44,True,Carboxylate,"4213,4214","(5.087, 43.6035, 49.8445)","(2.1266666666666665, 45.166999999999994, 50.640666666666675)"
200,ARG,A,"1490,1492,1493",1,UNL,A,4.58,True,Carboxylate,"4215,4216","(3.2190000000000003, 41.0105, 49.054)","(2.1266666666666665, 45.166999999999994, 50.640666666666675)"
200,ARG,A,"1490,1492,1493",1,UNL,A,3.57,True,Carboxylate,"4215,4216","(4.829000000000001, 43.235, 49.335)","(2.1266666666666665, 45.166999999999994, 50.640666666666675)"
200,ARG,A,"1490,1492,1493",1,UNL,A,4.77,True,Carboxylate,"4217,4216","(6.6465, 46.0665, 49.393)","(2.1266666666666665, 45.166999999999994, 50.640666666666675)"
200,ARG,A,"1490,1492,1493",1,UNL,A,4.70,True,Carboxylate,"4213,4214","(4.0495, 41.065, 51.885000000000005)","(2.1266666666666665, 45.166999999999994, 50.640666666666675)"
