200,ARG,A,"1542,1544,1545",1,UNL,A,5.43,True,Carboxylate,"4431,4432","(-16.1475, -8.9365, 9.018)","(-12.479666666666667, -12.935666666666668, 8.760666666666667)"
200,ARG,A,"1542,1544,1545",1,UNL,A,4.46,True,Carboxylate,"4431,4432","(-15.518, -9.7835, 9.612)","(-12.479666666666667, -12.935666666666668, 8.760666666666667)"
200,ARG,A,"1542,1544,1545",1,UNL,A,4.22,True,Carboxylate,"4431,4432","(-15.7215, -10.267, 8.293)","(-12.479666666666667, -12.935666666666668, 8.760666666666667)"
200,ARG,A,"1542,1544,1545",1,UNL,A,4.91,True,Carboxylate,"4431,4432","(-14.971, -8.7695, 9.468499999999999)","(-12.479666666666667, -12.935666666666668, 8.760666666666667)"
200,ARG,A,"1542,1544,1545",1,UNL,A,5.32,True,Carboxylate,"4431,4432","(-16.576999999999998, -14.876999999999999, 11.5365)","(-12.479666666666667, -12.935666666666668, 8.760666666666667)"
200,ARG,A,"1542,1544,1545",1,UNL,A,3.29,True,Carboxylate,"4444,4445","(-13.190000000000001, -10.9265, 11.2665)","(-12.479666666666667, -12.935666666666668, 8.760666666666667)"
319,ASP,A,"2474,2475",1,UNL,A,4.89,False,Tertamine,4410,"(-18.436, -8.203, 15.866)","(-18.487000000000002, -12.9025, 17.22)"
319,ASP,A,"2474,2475",1,UNL,A,5.42,False,Tertamine,4409,"(-18.37, -8.06, 14.783)","(-18.487000000000002, -12.9025, 17.22)"
200,ARG,A,"1542,1544,1545",1,UNL,A,5.25,True,Carboxylate,"4442,4443","(-17.517000000000003, -14.427499999999998, 8.835)","(-12.479666666666667, -12.935666666666668, 8.760666666666667)"
319,ASP,A,"2474,2475",1,UNL,A,5.49,False,Tertamine,4411,"(-15.692, -9.658, 13.783)","(-18.487000000000002, -12.9025, 17.22)"
200,ARG,A,"1542,1544,1545",1,UNL,A,3.86,True,Carboxylate,"4442,4443","(-13.498000000000001, -10.5445, 11.611)","(-12.479666666666667, -12.935666666666668, 8.760666666666667)"
319,ASP,A,"2474,2475",1,UNL,A,5.45,False,Tertamine,4410,"(-18.066, -8.383, 14.201)","(-18.487000000000002, -12.9025, 17.22)"
200,ARG,A,"1542,1544,1545",1,UNL,A,5.36,True,Carboxylate,"4439,4440","(-16.301499999999997, -13.4425, 12.4785)","(-12.479666666666667, -12.935666666666668, 8.760666666666667)"
319,ASP,A,"2474,2475",1,UNL,A,4.17,False,Tertamine,4412,"(-15.331, -10.242, 16.602)","(-18.487000000000002, -12.9025, 17.22)"
319,ASP,A,"2474,2475",1,UNL,A,5.30,False,Sulfonium,4450,"(-19.192, -8.327, 14.649)","(-18.487000000000002, -12.9025, 17.22)"
200,ARG,A,"1542,1544,1545",1,UNL,A,4.97,True,Carboxylate,"4451,4452","(-15.258, -8.8315, 8.451)","(-12.479666666666667, -12.935666666666668, 8.760666666666667)"
319,ASP,A,"2474,2475",1,UNL,A,4.15,False,Tertamine,4412,"(-21.715, -10.451, 16.319)","(-18.487000000000002, -12.9025, 17.22)"
319,ASP,A,"2474,2475",1,UNL,A,5.13,False,Tertamine,4410,"(-17.257, -9.012, 14.115)","(-18.487000000000002, -12.9025, 17.22)"
200,ARG,A,"1542,1544,1545",1,UNL,A,4.30,True,Carboxylate,"4434,4435","(-13.8605, -10.492999999999999, 12.018)","(-12.479666666666667, -12.935666666666668, 8.760666666666667)"
200,ARG,A,"1542,1544,1545",1,UNL,A,4.18,True,Carboxylate,"4434,4435","(-13.953, -10.278500000000001, 11.636)","(-12.479666666666667, -12.935666666666668, 8.760666666666667)"
200,ARG,A,"1542,1544,1545",1,UNL,A,5.44,True,Carboxylate,"4434,4435","(-17.8235, -12.7675, 7.7345)","(-12.479666666666667, -12.935666666666668, 8.760666666666667)"
200,ARG,A,"1542,1544,1545",1,UNL,A,3.28,True,Carboxylate,"4434,4435","(-15.4095, -13.0985, 10.2215)","(-12.479666666666667, -12.935666666666668, 8.760666666666667)"
200,ARG,A,"1542,1544,1545",1,UNL,A,4.14,True,Carboxylate,"4434,4435","(-14.6445, -9.447, 8.214)","(-12.479666666666667, -12.935666666666668, 8.760666666666667)"
319,ASP,A,"2474,2475",1,UNL,A,4.01,False,Tertamine,4409,"(-15.118, -10.999, 16.166)","(-18.487000000000002, -12.9025, 17.22)"
200,ARG,A,"1542,1544,1545",1,UNL,A,5.44,True,Carboxylate,"4454,4455","(-17.416, -10.666, 8.6135)","(-12.479666666666667, -12.935666666666668, 8.760666666666667)"
200,ARG,A,"1542,1544,1545",1,UNL,A,4.02,True,Carboxylate,"4454,4455","(-15.966, -12.378, 10.6845)","(-12.479666666666667, -12.935666666666668, 8.760666666666667)"
319,ASP,A,"2474,2475",1,UNL,A,4.55,False,Tertamine,4412,"(-18.247, -8.577, 15.814)","(-18.487000000000002, -12.9025, 17.22)"
319,ASP,A,"2474,2475",1,UNL,A,4.75,False,Tertamine,4412,"(-20.245, -8.804, 15.581)","(-18.487000000000002, -12.9025, 17.22)"
319,ASP,A,"2474,2475",1,UNL,A,4.17,False,Tertamine,4412,"(-18.657, -8.875, 16.153)","(-18.487000000000002, -12.9025, 17.22)"
200,ARG,A,"1542,1544,1545",1,UNL,A,2.81,True,Carboxylate,"4445,4447","(-14.716, -12.405, 10.369499999999999)","(-12.479666666666667, -12.935666666666668, 8.760666666666667)"
200,ARG,A,"1542,1544,1545",1,UNL,A,3.50,True,Carboxylate,"4445,4447","(-14.137, -9.905000000000001, 9.3305)","(-12.479666666666667, -12.935666666666668, 8.760666666666667)"
200,ARG,A,"1542,1544,1545",1,UNL,A,4.78,True,Carboxylate,"4434,4435","(-17.198, -13.306000000000001, 8.0655)","(-12.479666666666667, -12.935666666666668, 8.760666666666667)"
200,ARG,A,"1542,1544,1545",1,UNL,A,3.71,True,Carboxylate,"4436,4437","(-15.4615, -12.1055, 10.805)","(-12.479666666666667, -12.935666666666668, 8.760666666666667)"
200,ARG,A,"1542,1544,1545",1,UNL,A,5.04,True,Carboxylate,"4434,4435","(-17.4675, -13.21, 8.0615)","(-12.479666666666667, -12.935666666666668, 8.760666666666667)"
200,ARG,A,"1542,1544,1545",1,UNL,A,3.65,True,Carboxylate,"4436,4437","(-15.479, -12.4015, 10.773)","(-12.479666666666667, -12.935666666666668, 8.760666666666667)"
319,ASP,A,"2474,2475",1,UNL,A,5.33,False,Tertamine,4412,"(-19.148, -8.257, 14.688)","(-18.487000000000002, -12.9025, 17.22)"
200,ARG,A,"1542,1544,1545",1,UNL,A,4.31,True,Carboxylate,"4433,4434","(-16.7065, -12.235499999999998, 9.2485)","(-12.479666666666667, -12.935666666666668, 8.760666666666667)"
200,ARG,A,"1542,1544,1545",1,UNL,A,2.97,True,Carboxylate,"4435,4436","(-14.817499999999999, -11.1995, 9.3385)","(-12.479666666666667, -12.935666666666668, 8.760666666666667)"
200,ARG,A,"1542,1544,1545",1,UNL,A,4.31,True,Carboxylate,"4433,4434","(-16.7065, -12.235499999999998, 9.2485)","(-12.479666666666667, -12.935666666666668, 8.760666666666667)"
200,ARG,A,"1542,1544,1545",1,UNL,A,3.69,True,Carboxylate,"4433,4434","(-16.123, -13.513, 8.682)","(-12.479666666666667, -12.935666666666668, 8.760666666666667)"
200,ARG,A,"1542,1544,1545",1,UNL,A,4.83,True,Carboxylate,"4435,4436","(-16.356, -15.3325, 10.3535)","(-12.479666666666667, -12.935666666666668, 8.760666666666667)"
200,ARG,A,"1542,1544,1545",1,UNL,A,3.12,True,Carboxylate,"4435,4436","(-13.4755, -10.7195, 10.722999999999999)","(-12.479666666666667, -12.935666666666668, 8.760666666666667)"
200,ARG,A,"1542,1544,1545",1,UNL,A,4.90,True,Carboxylate,"4434,4435","(-16.5475, -10.8575, 10.523499999999999)","(-12.479666666666667, -12.935666666666668, 8.760666666666667)"
200,ARG,A,"1542,1544,1545",1,UNL,A,2.54,True,Carboxylate,"4436,4437","(-14.7545, -12.437999999999999, 9.780000000000001)","(-12.479666666666667, -12.935666666666668, 8.760666666666667)"
200,ARG,A,"1542,1544,1545",1,UNL,A,4.91,True,Carboxylate,"4438,4437","(-16.4175, -12.3145, 11.6345)","(-12.479666666666667, -12.935666666666668, 8.760666666666667)"
200,ARG,A,"1542,1544,1545",1,UNL,A,4.49,True,Carboxylate,"4438,4439","(-13.631, -10.14, 12.083)","(-12.479666666666667, -12.935666666666668, 8.760666666666667)"
200,ARG,A,"1542,1544,1545",1,UNL,A,4.34,True,Carboxylate,"4437,4438","(-16.796499999999998, -12.589, 8.491)","(-12.479666666666667, -12.935666666666668, 8.760666666666667)"
200,ARG,A,"1542,1544,1545",1,UNL,A,3.50,True,Carboxylate,"4437,4438","(-14.5485, -13.1005, 11.5745)","(-12.479666666666667, -12.935666666666668, 8.760666666666667)"
386,ARG,A,"2982,2984,2985",1,UNL,A,5.13,True,Carboxylate,"4431,4432","(-19.822499999999998, -6.9645, 10.733)","(-24.883, -6.156666666666666, 10.836666666666668)"
200,ARG,A,"1542,1544,1545",1,UNL,A,3.77,True,Carboxylate,"4439,4440","(-15.825000000000001, -11.725999999999999, 10.0175)","(-12.479666666666667, -12.935666666666668, 8.760666666666667)"
200,ARG,A,"1542,1544,1545",1,UNL,A,4.53,True,Carboxylate,"4441,4440","(-13.7925, -9.718499999999999, 11.6725)","(-12.479666666666667, -12.935666666666668, 8.760666666666667)"
319,ASP,A,"2474,2475",1,UNL,A,4.79,False,Tertamine,4410,"(-18.804, -9.107, 14.313)","(-18.487000000000002, -12.9025, 17.22)"
319,ASP,A,"2474,2475",1,UNL,A,5.49,False,Sulfonium,4436,"(-18.449, -7.725, 15.385)","(-18.487000000000002, -12.9025, 17.22)"
200,ARG,A,"1542,1544,1545",1,UNL,A,4.72,True,Carboxylate,"4428,4429","(-15.908000000000001, -15.500499999999999, 10.754999999999999)","(-12.479666666666667, -12.935666666666668, 8.760666666666667)"
200,ARG,A,"1542,1544,1545",1,UNL,A,4.04,True,Carboxylate,"4428,4429","(-15.597999999999999, -10.399000000000001, 9.1405)","(-12.479666666666667, -12.935666666666668, 8.760666666666667)"
200,ARG,A,"1542,1544,1545",1,UNL,A,5.03,True,Carboxylate,"4428,4429","(-16.951, -10.6355, 8.6435)","(-12.479666666666667, -12.935666666666668, 8.760666666666667)"
200,ARG,A,"1542,1544,1545",1,UNL,A,4.50,True,Carboxylate,"4428,4429","(-16.032, -10.167000000000002, 8.8375)","(-12.479666666666667, -12.935666666666668, 8.760666666666667)"
200,ARG,A,"1542,1544,1545",1,UNL,A,4.64,True,Carboxylate,"4428,4429","(-15.8905, -10.642, 10.909)","(-12.479666666666667, -12.935666666666668, 8.760666666666667)"
200,ARG,A,"1542,1544,1545",1,UNL,A,2.56,True,Carboxylate,"4434,4435","(-14.3855, -11.577, 9.795)","(-12.479666666666667, -12.935666666666668, 8.760666666666667)"
200,ARG,A,"1542,1544,1545",1,UNL,A,4.87,True,Carboxylate,"4434,4435","(-17.2885, -13.120000000000001, 8.0335)","(-12.479666666666667, -12.935666666666668, 8.760666666666667)"
200,ARG,A,"1542,1544,1545",1,UNL,A,3.65,True,Carboxylate,"4436,4437","(-15.373, -12.221, 10.86)","(-12.479666666666667, -12.935666666666668, 8.760666666666667)"
319,ASP,A,"2474,2475",1,UNL,A,4.90,False,Tertamine,4412,"(-18.417, -8.015, 16.89)","(-18.487000000000002, -12.9025, 17.22)"
