$RESNR,RESTYPE,Chains,RESNR_LIG,RESTYPE_LIG,RESCHAIN_LIG,PROT_IDX_LIST,CENTDIST,ANGLE,OFFSET,TYPE,LIG_IDX_LIST,LIGCOO,PROTCOO
193,PHE,A,1,UNL,A,"147,714,781,479,148,000,000,000",4.86,82.82,1.41,T,"44,004,401,440,244,000,000","(-52.517399999999995, 8.987199999999998, 5.7522)","(-49.03233333333333, 5.604499999999999, 5.556)"
415,TYR,A,1,UNL,A,"320,632,073,208,320,000,000,000",5.44,77.56,0.51,T,"44,004,401,440,244,000,000","(-53.8582, 10.822199999999999, 12.5684)","(-52.79333333333333, 11.996666666666668, 17.777333333333335)"
448,TYR,A,1,UNL,A,"347,834,793,480,348,000,000,000",4.95,62.35,1.69,T,"438,643,874,388,438,000,000,000","(-51.225, 8.988000000000001, 10.0825)","(-49.39483333333334, 4.5489999999999995, 11.304666666666668)"
448,TYR,A,1,UNL,A,"347,834,793,480,348,000,000,000",4.96,63.28,1.73,T,"438,643,874,388,438,000,000,000","(-51.238499999999995, 8.969833333333332, 10.034)","(-49.39483333333334, 4.5489999999999995, 11.304666666666668)"
448,TYR,A,1,UNL,A,"347,834,793,480,348,000,000,000",4.95,62.42,1.71,T,"438,643,874,388,438,000,000,000","(-51.214666666666666, 8.9875, 10.096333333333332)","(-49.39483333333334, 4.5489999999999995, 11.304666666666668)"
448,TYR,A,1,UNL,A,"347,834,793,480,348,000,000,000",4.96,63.28,1.71,T,"438,643,874,388,438,000,000,000","(-51.259166666666665, 8.964833333333333, 10.0365)","(-49.39483333333334, 4.5489999999999995, 11.304666666666668)"
448,TYR,A,1,UNL,A,"347,834,793,480,348,000,000,000",4.95,62.31,1.69,T,"438,643,874,388,438,000,000,000","(-51.230500000000006, 8.984833333333333, 10.089166666666667)","(-49.39483333333334, 4.5489999999999995, 11.304666666666668)"
448,TYR,A,1,UNL,A,"347,834,793,480,348,000,000,000",4.95,63.32,1.71,T,"438,643,874,388,438,000,000,000","(-51.255500000000005, 8.960666666666667, 10.040666666666667)","(-49.39483333333334, 4.5489999999999995, 11.304666666666668)"
448,TYR,A,1,UNL,A,"347,834,793,480,348,000,000,000",5.02,68.91,1.41,T,"438,143,904,391,439,000,000,000","(-51.62583333333334, 8.758833333333333, 9.710500000000001)","(-49.39483333333334, 4.5489999999999995, 11.304666666666668)"
448,TYR,A,1,UNL,A,"347,834,793,480,348,000,000,000",4.93,68.95,1.02,T,"439,043,924,393,439,000,000,000","(-51.87833333333333, 8.621166666666667, 10.070333333333334)","(-49.39483333333334, 4.5489999999999995, 11.304666666666668)"
448,TYR,A,1,UNL,A,"347,834,793,480,348,000,000,000",4.93,64.8,1.96,T,"438,643,874,388,438,000,000,000","(-51.1095, 9.039833333333332, 10.205333333333334)","(-49.39483333333334, 4.5489999999999995, 11.304666666666668)"
448,TYR,A,1,UNL,A,"347,834,793,480,348,000,000,000",5.01,64.86,1.95,T,"438,743,884,389,439,000,000,000","(-51.0815, 9.132, 10.208)","(-49.39483333333334, 4.5489999999999995, 11.304666666666668)"
448,TYR,A,1,UNL,A,"347,834,793,480,348,000,000,000",5.03,65.54,1.86,T,"438,743,884,389,439,000,000,000","(-51.175333333333334, 9.1135, 10.161999999999999)","(-49.39483333333334, 4.5489999999999995, 11.304666666666668)"
448,TYR,A,1,UNL,A,"347,834,793,480,348,000,000,000",5,63.65,0.96,T,"438,743,884,389,439,000,000,000","(-51.59133333333333, 8.786999999999999, 9.822999999999999)","(-49.39483333333334, 4.5489999999999995, 11.304666666666668)"
448,TYR,A,1,UNL,A,"347,834,793,480,348,000,000,000",4.99,65.14,1.88,T,"438,643,874,388,438,000,000,000","(-51.158166666666666, 9.074166666666665, 10.177166666666666)","(-49.39483333333334, 4.5489999999999995, 11.304666666666668)"
448,TYR,A,1,UNL,A,"347,834,793,480,348,000,000,000",4.89,63.28,1.12,T,"438,643,874,388,438,000,000,000","(-51.45733333333333, 8.749833333333333, 9.874)","(-49.39483333333334, 4.5489999999999995, 11.304666666666668)"
448,TYR,A,1,UNL,A,"347,834,793,480,348,000,000,000",4.99,64.75,1.98,T,"438,743,884,389,439,000,000,000","(-51.059666666666665, 9.121333333333334, 10.2165)","(-49.39483333333334, 4.5489999999999995, 11.304666666666668)"
448,TYR,A,1,UNL,A,"347,834,793,480,348,000,000,000",4.99,64.99,1.89,T,"438,743,884,389,439,000,000,000","(-51.154833333333336, 9.074499999999999, 10.175166666666668)","(-49.39483333333334, 4.5489999999999995, 11.304666666666668)"
448,TYR,A,1,UNL,A,"347,834,793,480,348,000,000,000",4.89,64.28,1.16,T,"438,743,884,389,439,000,000,000","(-51.4475, 8.753666666666666, 9.877333333333333)","(-49.39483333333334, 4.5489999999999995, 11.304666666666668)"
448,TYR,A,1,UNL,A,"347,834,793,480,348,000,000,000",5.36,64.28,1.89,T,"439,243,944,395,439,000,000,000","(-50.107499999999995, 9.777, 10.344833333333332)","(-49.39483333333334, 4.5489999999999995, 11.304666666666668)"
448,TYR,A,1,UNL,A,"347,834,793,480,348,000,000,000",4.8,71.8,1.06,T,"439,243,944,395,439,000,000,000","(-51.354166666666664, 8.874333333333333, 10.632)","(-49.39483333333334, 4.5489999999999995, 11.304666666666668)"
448,TYR,A,1,UNL,A,"347,834,793,480,348,000,000,000",4.84,64.32,1.99,T,"438,643,874,388,438,000,000,000","(-51.05833333333334, 8.948166666666667, 10.170833333333333)","(-49.39483333333334, 4.5489999999999995, 11.304666666666668)"
448,TYR,A,1,UNL,A,"347,834,793,480,348,000,000,000",5.03,63.53,1.69,T,"438,743,884,389,439,000,000,000","(-51.222833333333334, 9.078666666666667, 10.095333333333334)","(-49.39483333333334, 4.5489999999999995, 11.304666666666668)"
448,TYR,A,1,UNL,A,"347,834,793,480,348,000,000,000",5,64.78,1.98,T,"438,743,884,389,439,000,000,000","(-51.0705, 9.134166666666667, 10.221666666666666)","(-49.39483333333334, 4.5489999999999995, 11.304666666666668)"
448,TYR,A,1,UNL,A,"347,834,793,480,348,000,000,000",4.99,65.16,1.87,T,"438,743,884,389,439,000,000,000","(-51.16283333333333, 9.078166666666666, 10.172333333333334)","(-49.39483333333334, 4.5489999999999995, 11.304666666666668)"
448,TYR,A,1,UNL,A,"347,834,793,480,348,000,000,000",4.9,63.8,1.13,T,"438,743,884,389,439,000,000,000","(-51.454, 8.755833333333333, 9.855666666666666)","(-49.39483333333334, 4.5489999999999995, 11.304666666666668)"
193,PHE,A,1,UNL,A,"147,714,781,479,148,000,000,000",4.74,60.38,1,T,"440,044,014,402,440,000,000,000","(-51.35066666666666, 8.7255, 8.265)","(-49.03233333333333, 5.604499999999999, 5.556)"
448,TYR,A,1,UNL,A,"347,834,793,480,348,000,000,000",4.87,61.86,1.83,T,"438,643,874,388,438,000,000,000","(-51.1395, 8.899333333333333, 9.975)","(-49.39483333333334, 4.5489999999999995, 11.304666666666668)"
448,TYR,A,1,UNL,A,"347,834,793,480,348,000,000,000",5.04,64.97,1.86,T,"438,643,874,388,438,000,000,000","(-51.14433333333334, 9.1485, 10.207833333333333)","(-49.39483333333334, 4.5489999999999995, 11.304666666666668)"
448,TYR,A,1,UNL,A,"347,834,793,480,348,000,000,000",5.05,65.33,1.84,T,"438,643,874,388,438,000,000,000","(-51.20099999999999, 9.126999999999999, 10.1855)","(-49.39483333333334, 4.5489999999999995, 11.304666666666668)"
448,TYR,A,1,UNL,A,"347,834,793,480,348,000,000,000",4.99,66.68,1.02,T,"438,643,874,388,438,000,000,000","(-51.6055, 8.746166666666666, 9.745333333333333)","(-49.39483333333334, 4.5489999999999995, 11.304666666666668)"
448,TYR,A,1,UNL,A,"347,834,793,480,348,000,000,000",4.92,65.4,1.99,T,"438,643,874,388,438,000,000,000","(-51.11866666666666, 9.044666666666666, 10.274166666666666)","(-49.39483333333334, 4.5489999999999995, 11.304666666666668)"
448,TYR,A,1,UNL,A,"347,834,793,480,348,000,000,000",5.01,65.6,1.92,T,"438,743,884,389,439,000,000,000","(-51.13999999999999, 9.1105, 10.188666666666668)","(-49.39483333333334, 4.5489999999999995, 11.304666666666668)"
448,TYR,A,1,UNL,A,"347,834,793,480,348,000,000,000",4.95,62.36,1.71,T,"438,643,874,388,438,000,000,000","(-51.2225, 8.985000000000001, 10.095666666666665)","(-49.39483333333334, 4.5489999999999995, 11.304666666666668)"
448,TYR,A,1,UNL,A,"347,834,793,480,348,000,000,000",4.95,63.48,1.72,T,"438,643,874,388,438,000,000,000","(-51.2515, 8.962333333333332, 10.042500000000002)","(-49.39483333333334, 4.5489999999999995, 11.304666666666668)"
448,TYR,A,1,UNL,A,"347,834,793,480,348,000,000,000",5.03,64.9,1.97,T,"438,743,884,389,439,000,000,000","(-51.07483333333332, 9.158, 10.2155)","(-49.39483333333334, 4.5489999999999995, 11.304666666666668)"
448,TYR,A,1,UNL,A,"347,834,793,480,348,000,000,000",5.01,65.28,1.87,T,"438,743,884,389,439,000,000,000","(-51.181666666666665, 9.1015, 10.197333333333333)","(-49.39483333333334, 4.5489999999999995, 11.304666666666668)"
448,TYR,A,1,UNL,A,"347,834,793,480,348,000,000,000",4.96,66.34,1.04,T,"438,743,884,389,439,000,000,000","(-51.560833333333335, 8.730499999999997, 9.756666666666666)","(-49.39483333333334, 4.5489999999999995, 11.304666666666668)"
193,PHE,A,1,UNL,A,"147,714,781,479,148,000,000,000",4.7,62.88,0.78,T,"440,044,014,402,440,000,000,000","(-51.038666666666664, 8.666833333333335, 8.500666666666666)","(-49.03233333333333, 5.604499999999999, 5.556)"
193,PHE,A,1,UNL,A,"147,714,781,479,148,000,000,000",4.68,63.3,0.81,T,"440,044,014,402,440,000,000,000","(-51.43616666666666, 8.631, 8.189000000000002)","(-49.03233333333333, 5.604499999999999, 5.556)"
448,TYR,A,1,UNL,A,"347,834,793,480,348,000,000,000",4.9,61.21,1.7,T,"438,643,874,388,438,000,000,000","(-51.169666666666664, 8.914333333333333, 9.9775)","(-49.39483333333334, 4.5489999999999995, 11.304666666666668)"
448,TYR,A,1,UNL,A,"347,834,793,480,348,000,000,000",5.01,65.17,1.85,T,"438,743,884,389,439,000,000,000","(-51.1875, 9.087666666666667, 10.170166666666667)","(-49.39483333333334, 4.5489999999999995, 11.304666666666668)"
448,TYR,A,1,UNL,A,"347,834,793,480,348,000,000,000",4.96,63.88,0.99,T,"438,743,884,389,439,000,000,000","(-51.523500000000006, 8.772, 9.819833333333333)","(-49.39483333333334, 4.5489999999999995, 11.304666666666668)"
448,TYR,A,1,UNL,A,"347,834,793,480,348,000,000,000",4.91,63,1.42,T,"438,643,874,388,438,000,000,000","(-51.403333333333336, 8.884166666666667, 10.1915)","(-49.39483333333334, 4.5489999999999995, 11.304666666666668)"
193,PHE,A,1,UNL,A,"147,714,781,479,148,000,000,000",4.74,65.19,0.42,T,"44,004,401,440,244,000,000","(-50.82719999999999, 8.8048, 8.5612)","(-49.03233333333333, 5.604499999999999, 5.556)"
448,TYR,A,1,UNL,A,"347,834,793,480,348,000,000,000",4.58,82.01,1.71,T,"438,643,874,388,438,000,000,000","(-51.179833333333335, 8.751666666666667, 10.997166666666667)","(-49.39483333333334, 4.5489999999999995, 11.304666666666668)"
448,TYR,A,1,UNL,A,"347,834,793,480,348,000,000,000",4.8,64.58,1.6,T,"438,643,874,388,438,000,000,000","(-51.19166666666666, 8.818333333333333, 10.050333333333334)","(-49.39483333333334, 4.5489999999999995, 11.304666666666668)"
448,TYR,A,1,UNL,A,"347,834,793,480,348,000,000,000",4.83,62.83,1.64,T,"438,743,884,389,439,000,000,000","(-51.165333333333336, 8.849666666666668, 9.998666666666667)","(-49.39483333333334, 4.5489999999999995, 11.304666666666668)"
448,TYR,A,1,UNL,A,"347,834,793,480,348,000,000,000",4.99,65.05,1.88,T,"438,643,874,388,438,000,000,000","(-51.1715, 9.0805, 10.18833333333333)","(-49.39483333333334, 4.5489999999999995, 11.304666666666668)"
448,TYR,A,1,UNL,A,"347,834,793,480,348,000,000,000",4.9,63.12,1.15,T,"438,643,874,388,438,000,000,000","(-51.44650000000001, 8.772166666666665, 9.894333333333334)","(-49.39483333333334, 4.5489999999999995, 11.304666666666668)"
448,TYR,A,1,UNL,A,"347,834,793,480,348,000,000,000",4.82,60.14,1.47,T,"438,643,874,388,438,000,000,000","(-51.375499999999995, 8.753, 10.022333333333334)","(-49.39483333333334, 4.5489999999999995, 11.304666666666668)"
193,PHE,A,1,UNL,A,"147,714,781,479,148,000,000,000",5.47,74.02,1.99,T,"438,643,874,388,438,000,000,000","(-50.91866666666667, 9.014166666666666, 9.400166666666667)","(-49.03233333333333, 5.604499999999999, 5.556)"
448,TYR,A,1,UNL,A,"347,834,793,480,348,000,000,000",5.11,63.96,1.69,T,"438,643,874,388,438,000,000,000","(-50.40533333333334, 9.323833333333333, 9.785)","(-49.39483333333334, 4.5489999999999995, 11.304666666666668)"
448,TYR,A,1,UNL,A,"347,834,793,480,348,000,000,000",5.02,65.44,1.86,T,"438,743,884,389,439,000,000,000","(-51.32083333333333, 9.1315, 10.636000000000001)","(-49.39483333333334, 4.5489999999999995, 11.304666666666668)"
448,TYR,A,1,UNL,A,"347,834,793,480,348,000,000,000",4.98,66.62,1.95,T,"438,743,884,389,439,000,000,000","(-51.28783333333333, 9.104166666666666, 10.594166666666666)","(-49.39483333333334, 4.5489999999999995, 11.304666666666668)"
193,PHE,A,1,UNL,A,"147,714,781,479,148,000,000,000",5.16,83.09,1.9,T,"439,143,924,393,439,000,000,000","(-52.80166666666667, 8.374500000000001, 7.742666666666666)","(-49.03233333333333, 5.604499999999999, 5.556)"
448,TYR,A,1,UNL,A,"347,834,793,480,348,000,000,000",4.7,72.82,1.01,T,"439,243,944,395,439,000,000,000","(-51.42816666666667, 8.771833333333333, 10.920333333333332)","(-49.39483333333334, 4.5489999999999995, 11.304666666666668)"
448,TYR,A,1,UNL,A,"347,834,793,480,348,000,000,000",5.04,60.45,1.07,T,"439,243,944,395,439,000,000,000","(-51.54633333333334, 9.040333333333335, 10.510166666666665)","(-49.39483333333334, 4.5489999999999995, 11.304666666666668)"
193,PHE,A,1,UNL,A,"147,714,781,479,148,000,000,000",4.7,62.68,0.79,T,"440,044,014,402,440,000,000,000","(-51.04633333333334, 8.666500000000001, 8.505166666666666)","(-49.03233333333333, 5.604499999999999, 5.556)"
448,TYR,A,1,UNL,A,"347,834,793,480,348,000,000,000",5.24,64.01,0.93,T,"438,743,884,389,439,000,000,000","(-51.81, 9.110166666666666, 10.387666666666666)","(-49.39483333333334, 4.5489999999999995, 11.304666666666668)"
448,TYR,A,1,UNL,A,"347,834,793,480,348,000,000,000",5.23,65.82,1.24,T,"438,743,884,389,439,000,000,000","(-51.61150000000001, 9.168999999999999, 10.270833333333334)","(-49.39483333333334, 4.5489999999999995, 11.304666666666668)"
448,TYR,A,1,UNL,A,"347,834,793,480,348,000,000,000",5.14,69.03,1.04,T,"438,743,884,389,439,000,000,000","(-51.925666666666665, 8.724499999999999, 9.710499999999998)","(-49.39483333333334, 4.5489999999999995, 11.304666666666668)"
448,TYR,A,1,UNL,A,"347,834,793,480,348,000,000,000",4.81,80.07,1.63,T,"43,974,398,439,944,000,000","(-51.7308, 8.6906, 10.573)","(-49.39483333333334, 4.5489999999999995, 11.304666666666668)"
193,PHE,A,1,UNL,A,"147,714,781,479,148,000,000,000",4.75,85.14,1.52,T,"44,004,401,440,244,000,000","(-52.9966, 8.176400000000001, 5.0872)","(-49.03233333333333, 5.604499999999999, 5.556)"
448,TYR,A,1,UNL,A,"347,834,793,480,348,000,000,000",4.93,64.15,1.9,T,"438,643,874,388,438,000,000,000","(-51.154666666666664, 9.026833333333332, 10.2185)","(-49.39483333333334, 4.5489999999999995, 11.304666666666668)"
448,TYR,A,1,UNL,A,"347,834,793,480,348,000,000,000",5.31,76.78,1.75,T,"440,944,114,412,441,000,000,000","(-52.725500000000004, 8.288333333333334, 9.526000000000002)","(-49.39483333333334, 4.5489999999999995, 11.304666666666668)"
193,PHE,A,1,UNL,A,"147,714,781,479,148,000,000,000",4.99,77.4,1.64,T,"44,004,401,440,244,000,000","(-52.8836, 8.738399999999999, 5.075200000000001)","(-49.03233333333333, 5.604499999999999, 5.556)"
193,PHE,A,1,UNL,A,"147,714,781,479,148,000,000,000",4.65,84.91,1.7,T,"438,743,894,390,439,000,000,000","(-52.550000000000004, 8.4845, 6.544333333333333)","(-49.03233333333333, 5.604499999999999, 5.556)"
193,PHE,A,1,UNL,A,"147,714,781,479,148,000,000,000",4.98,76.43,0.94,T,"438,743,894,390,439,000,000,000","(-52.894, 8.602, 6.503833333333333)","(-49.03233333333333, 5.604499999999999, 5.556)"
193,PHE,A,1,UNL,A,"147,714,781,479,148,000,000,000",4.43,73.71,0.63,T,"44,014,402,440,344,000,000","(-52.9528, 7.6044, 6.033600000000001)","(-49.03233333333333, 5.604499999999999, 5.556)"
448,TYR,A,1,UNL,A,"347,834,793,480,348,000,000,000",5.25,63.92,1.01,T,"438,643,874,388,438,000,000,000","(-51.73933333333333, 9.145333333333333, 10.347666666666667)","(-49.39483333333334, 4.5489999999999995, 11.304666666666668)"
448,TYR,A,1,UNL,A,"347,834,793,480,348,000,000,000",5.15,69.6,1.13,T,"438,643,874,388,438,000,000,000","(-51.93483333333334, 8.720166666666666, 9.677999999999999)","(-49.39483333333334, 4.5489999999999995, 11.304666666666668)"
448,TYR,A,1,UNL,A,"347,834,793,480,348,000,000,000",5.23,65.84,1.24,T,"438,643,874,388,438,000,000,000","(-51.609833333333334, 9.170333333333334, 10.261333333333335)","(-49.39483333333334, 4.5489999999999995, 11.304666666666668)"
448,TYR,A,1,UNL,A,"347,834,793,480,348,000,000,000",5,64.6,1.9,T,"438,643,874,388,438,000,000,000","(-51.1105, 9.104166666666668, 10.179)","(-49.39483333333334, 4.5489999999999995, 11.304666666666668)"
448,TYR,A,1,UNL,A,"347,834,793,480,348,000,000,000",5.03,64.96,1.83,T,"438,643,874,388,438,000,000,000","(-51.19166666666666, 9.0985, 10.153333333333334)","(-49.39483333333334, 4.5489999999999995, 11.304666666666668)"
448,TYR,A,1,UNL,A,"347,834,793,480,348,000,000,000",4.91,62.93,1.21,T,"438,643,874,388,438,000,000,000","(-51.41400000000001, 8.793999999999999, 9.876666666666667)","(-49.39483333333334, 4.5489999999999995, 11.304666666666668)"
448,TYR,A,1,UNL,A,"347,834,793,480,348,000,000,000",4.88,62.91,1.27,T,"438,643,874,388,438,000,000,000","(-51.44716666666667, 8.847666666666667, 10.2285)","(-49.39483333333334, 4.5489999999999995, 11.304666666666668)"
193,PHE,A,1,UNL,A,"147,714,781,479,148,000,000,000",4.73,62.39,0.85,T,"440,144,024,403,440,000,000,000","(-51.048833333333334, 8.6575, 8.549999999999999)","(-49.03233333333333, 5.604499999999999, 5.556)"
193,PHE,A,1,UNL,A,"147,714,781,479,148,000,000,000",4.96,84.82,0.27,T,"439,643,974,398,439,000,000,000","(-52.8905, 8.723666666666666, 5.432166666666667)","(-49.03233333333333, 5.604499999999999, 5.556)"
448,TYR,A,1,UNL,A,"347,834,793,480,348,000,000,000",5.01,64.88,1.98,T,"438,643,874,388,438,000,000,000","(-51.06999999999999, 9.146000000000003, 10.219833333333334)","(-49.39483333333334, 4.5489999999999995, 11.304666666666668)"
448,TYR,A,1,UNL,A,"347,834,793,480,348,000,000,000",5.01,65.13,1.88,T,"438,643,874,388,438,000,000,000","(-51.167, 9.094, 10.175666666666666)","(-49.39483333333334, 4.5489999999999995, 11.304666666666668)"
448,TYR,A,1,UNL,A,"347,834,793,480,348,000,000,000",4.9,63.59,1.05,T,"438,643,874,388,438,000,000,000","(-51.52866666666667, 8.74, 9.912999999999998)","(-49.39483333333334, 4.5489999999999995, 11.304666666666668)"
193,PHE,A,1,UNL,A,"147,714,781,479,148,000,000,000",4.33,73.2,0.68,T,"440,144,024,403,440,000,000,000","(-52.88633333333333, 7.542999999999999, 5.939333333333334)","(-49.03233333333333, 5.604499999999999, 5.556)"
448,TYR,A,1,UNL,A,"347,834,793,480,348,000,000,000",4.99,64.75,1.99,T,"438,743,884,389,439,000,000,000","(-51.055666666666674, 9.122666666666666, 10.208333333333334)","(-49.39483333333334, 4.5489999999999995, 11.304666666666668)"
448,TYR,A,1,UNL,A,"347,834,793,480,348,000,000,000",5.01,65.42,1.79,T,"438,743,884,389,439,000,000,000","(-51.224333333333334, 9.072000000000001, 10.174666666666665)","(-49.39483333333334, 4.5489999999999995, 11.304666666666668)"
448,TYR,A,1,UNL,A,"347,834,793,480,348,000,000,000",4.93,64.24,1.27,T,"438,743,884,389,439,000,000,000","(-51.38633333333333, 8.824, 9.875833333333333)","(-49.39483333333334, 4.5489999999999995, 11.304666666666668)"
