$RESNR,RESTYPE,Chains,PROT_IDX_LIST,RESNR_LIG,RESTYPE_LIG,RESCHAIN_LIG,DIST,PROTISPOS,LIG_GROUP,LIG_IDX_LIST,LIGCOO,PROTCOO
200,ARG,A,"151,515,171,518",1,UNL,A,4.93,TRUE,Carboxylate,"43,154,316","(-5.9205000000000005, -17.232999999999997, 27.005000000000003)","(-3.945, -13.716, 29.842333333333332)"
200,ARG,A,"151,515,171,518",1,UNL,A,4.63,TRUE,Carboxylate,"43,164,317","(-4.195, -17.473, 27.1445)","(-3.945, -13.716, 29.842333333333332)"
200,ARG,A,"151,515,171,518",1,UNL,A,3.94,TRUE,Carboxylate,"43,154,316","(-5.505, -17.192500000000003, 28.8385)","(-3.945, -13.716, 29.842333333333332)"
200,ARG,A,"151,515,171,518",1,UNL,A,4.61,TRUE,Carboxylate,"43,154,316","(-7.256, -16.380499999999998, 28.0435)","(-3.945, -13.716, 29.842333333333332)"
200,ARG,A,"151,515,171,518",1,UNL,A,4.94,TRUE,Carboxylate,"43,154,316","(-6.1715, -16.984499999999997, 26.8795)","(-3.945, -13.716, 29.842333333333332)"
200,ARG,A,"151,515,171,518",1,UNL,A,3.78,TRUE,Carboxylate,"43,294,328","(-5.37, -12.0645, 26.7555)","(-3.945, -13.716, 29.842333333333332)"
200,ARG,A,"151,515,171,518",1,UNL,A,3.35,TRUE,Carboxylate,"43,294,328","(-5.7375, -15.749, 27.868000000000002)","(-3.945, -13.716, 29.842333333333332)"
200,ARG,A,"151,515,171,518",1,UNL,A,4.42,TRUE,Carboxylate,"43,294,328","(-6.3675, -15.1325, 26.4255)","(-3.945, -13.716, 29.842333333333332)"
318,ASP,A,"24,202,421",1,UNL,A,5.45,FALSE,Tertamine,4297,"(-12.344, -12.392, 24.186)","(-16.476, -9.2175, 25.781)"
319,ASP,A,"24,282,429",1,UNL,A,4.99,FALSE,Tertamine,4297,"(-12.344, -12.392, 24.186)","(-14.033, -12.4305, 28.878999999999998)"
319,ASP,A,"24,282,429",1,UNL,A,5.08,FALSE,Tertamine,4297,"(-12.242, -12.411, 24.124)","(-14.033, -12.4305, 28.878999999999998)"
319,ASP,A,"24,282,429",1,UNL,A,5.32,FALSE,Sulfonium,4328,"(-11.747, -13.828, 24.279)","(-14.033, -12.4305, 28.878999999999998)"
319,ASP,A,"24,282,429",1,UNL,A,5.4,FALSE,Tertamine,4295,"(-12.916, -15.125, 24.329)","(-14.033, -12.4305, 28.878999999999998)"
200,ARG,A,"151,515,171,518",1,UNL,A,4.3,TRUE,Carboxylate,"43,344,335","(-5.814, -16.8485, 27.5715)","(-3.945, -13.716, 29.842333333333332)"
200,ARG,A,"151,515,171,518",1,UNL,A,4.82,TRUE,Carboxylate,"43,354,336","(-3.8865000000000003, -18.439999999999998, 28.8645)","(-3.945, -13.716, 29.842333333333332)"
319,ASP,A,"24,282,429",1,UNL,A,5.24,FALSE,Tertamine,4295,"(-13.148, -15.006, 24.408)","(-14.033, -12.4305, 28.878999999999998)"
200,ARG,A,"151,515,171,518",1,UNL,A,4.26,TRUE,Carboxylate,"43,344,335","(-5.7055, -16.935, 27.673000000000002)","(-3.945, -13.716, 29.842333333333332)"
200,ARG,A,"151,515,171,518",1,UNL,A,4.95,TRUE,Carboxylate,"43,354,336","(-3.8095, -18.5785, 28.9435)","(-3.945, -13.716, 29.842333333333332)"
200,ARG,A,"151,515,171,518",1,UNL,A,4.56,TRUE,Carboxylate,"43,344,335","(-6.116, -16.6085, 27.070500000000003)","(-3.945, -13.716, 29.842333333333332)"
200,ARG,A,"151,515,171,518",1,UNL,A,4.46,TRUE,Carboxylate,"43,354,336","(-3.858, -17.8735, 28.237000000000002)","(-3.945, -13.716, 29.842333333333332)"
319,ASP,A,"24,282,429",1,UNL,A,5.3,FALSE,Sulfonium,4328,"(-11.577, -14.215, 24.53)","(-14.033, -12.4305, 28.878999999999998)"
319,ASP,A,"24,282,429",1,UNL,A,4.98,FALSE,Tertamine,4294,"(-13.214, -14.453, 24.401)","(-14.033, -12.4305, 28.878999999999998)"
386,ARG,A,"293,029,322,933",1,UNL,A,4.68,TRUE,Carboxylate,"43,264,327","(-9.5815, -20.375999999999998, 23.728)","(-13.155000000000001, -22.62033333333333, 25.749)"
319,ASP,A,"24,282,429",1,UNL,A,5.12,FALSE,Tertamine,4295,"(-12.033, -14.516, 24.649)","(-14.033, -12.4305, 28.878999999999998)"
200,ARG,A,"151,515,171,518",1,UNL,A,3.29,TRUE,Carboxylate,"43,264,327","(-6.0329999999999995, -13.2675, 27.344)","(-3.945, -13.716, 29.842333333333332)"
386,ARG,A,"293,029,322,933",1,UNL,A,4.63,TRUE,Carboxylate,"43,264,327","(-9.628499999999999, -20.6185, 23.511000000000003)","(-13.155000000000001, -22.62033333333333, 25.749)"
386,ARG,A,"293,029,322,933",1,UNL,A,5.23,TRUE,Carboxylate,"43,264,327","(-10.548, -19.9535, 22.081)","(-13.155000000000001, -22.62033333333333, 25.749)"
386,ARG,A,"293,029,322,933",1,UNL,A,4.93,TRUE,Carboxylate,"43,264,327","(-9.367, -20.043, 23.924999999999997)","(-13.155000000000001, -22.62033333333333, 25.749)"
319,ASP,A,"24,282,429",1,UNL,A,5.37,FALSE,Tertamine,4295,"(-11.721, -14.696, 24.596)","(-14.033, -12.4305, 28.878999999999998)"
319,ASP,A,"24,282,429",1,UNL,A,5.18,FALSE,Tertamine,4295,"(-12.022, -14.793, 24.732)","(-14.033, -12.4305, 28.878999999999998)"
318,ASP,A,"24,202,421",1,UNL,A,5.2,FALSE,Tertamine,4295,"(-12.933, -10.99, 22.416)","(-16.476, -9.2175, 25.781)"
319,ASP,A,"24,282,429",1,UNL,A,4.77,FALSE,Tertamine,4294,"(-12.417, -14.884, 25.117)","(-14.033, -12.4305, 28.878999999999998)"
319,ASP,A,"24,282,429",1,UNL,A,5.44,FALSE,Tertamine,4294,"(-13.194, -13.323, 23.575)","(-14.033, -12.4305, 28.878999999999998)"
319,ASP,A,"24,282,429",1,UNL,A,5.2,FALSE,Tertamine,4294,"(-12.721, -13.976, 24.092)","(-14.033, -12.4305, 28.878999999999998)"
319,ASP,A,"24,282,429",1,UNL,A,4.35,FALSE,Tertamine,4298,"(-14.098, -15.567, 25.868)","(-14.033, -12.4305, 28.878999999999998)"
318,ASP,A,"24,202,421",1,UNL,A,4.97,FALSE,Tertamine,4296,"(-13.284, -11.37, 22.645)","(-16.476, -9.2175, 25.781)"
318,ASP,A,"24,202,421",1,UNL,A,3.93,FALSE,Tertamine,4296,"(-13.299, -8.58, 23.553)","(-16.476, -9.2175, 25.781)"
200,ARG,A,"151,515,171,518",1,UNL,A,3.32,TRUE,Carboxylate,"43,184,319","(-6.0085, -13.0545, 27.3215)","(-3.945, -13.716, 29.842333333333332)"
200,ARG,A,"151,515,171,518",1,UNL,A,3.38,TRUE,Carboxylate,"43,184,319","(-6.096500000000001, -13.495999999999999, 27.2425)","(-3.945, -13.716, 29.842333333333332)"
386,ARG,A,"293,029,322,933",1,UNL,A,4.71,TRUE,Carboxylate,"43,184,319","(-9.673, -19.991500000000002, 23.979999999999997)","(-13.155000000000001, -22.62033333333333, 25.749)"
386,ARG,A,"293,029,322,933",1,UNL,A,4.71,TRUE,Carboxylate,"43,184,319","(-9.609, -20.299, 23.698500000000003)","(-13.155000000000001, -22.62033333333333, 25.749)"
319,ASP,A,"24,282,429",1,UNL,A,5.28,FALSE,Tertamine,4296,"(-11.695, -14.348, 24.552)","(-14.033, -12.4305, 28.878999999999998)"
200,ARG,A,"151,515,171,518",1,UNL,A,3.59,TRUE,Carboxylate,"43,184,319","(-5.1965, -16.5165, 27.981)","(-3.945, -13.716, 29.842333333333332)"
200,ARG,A,"151,515,171,518",1,UNL,A,4.72,TRUE,Carboxylate,"43,184,319","(-8.1355, -14.419, 31.9045)","(-3.945, -13.716, 29.842333333333332)"
200,ARG,A,"151,515,171,518",1,UNL,A,5.49,TRUE,Carboxylate,"43,184,319","(-7.3505, -17.641, 31.6125)","(-3.945, -13.716, 29.842333333333332)"
386,ARG,A,"293,029,322,933",1,UNL,A,5.29,TRUE,Carboxylate,"43,184,319","(-8.605500000000001, -19.93, 25.853499999999997)","(-13.155000000000001, -22.62033333333333, 25.749)"
319,ASP,A,"24,282,429",1,UNL,A,5.44,FALSE,Tertamine,4296,"(-11.624, -15.254, 24.905)","(-14.033, -12.4305, 28.878999999999998)"
319,ASP,A,"24,282,429",1,UNL,A,5.47,FALSE,Tertamine,4294,"(-13.207, -14.322, 23.809)","(-14.033, -12.4305, 28.878999999999998)"
386,ARG,A,"293,029,322,933",1,UNL,A,5.2,TRUE,Carboxylate,"43,254,326","(-11.371500000000001, -17.957, 27.191499999999998)","(-13.155000000000001, -22.62033333333333, 25.749)"
319,ASP,A,"24,282,429",1,UNL,A,5.21,FALSE,Tertamine,4295,"(-11.991, -14.864, 24.749)","(-14.033, -12.4305, 28.878999999999998)"
386,ARG,A,"293,029,322,933",1,UNL,A,4.67,TRUE,Carboxylate,"43,174,318","(-9.8275, -20.874499999999998, 22.98)","(-13.155000000000001, -22.62033333333333, 25.749)"
319,ASP,A,"24,282,429",1,UNL,A,5.49,FALSE,Tertamine,4294,"(-11.797, -16.102, 25.468)","(-14.033, -12.4305, 28.878999999999998)"
200,ARG,A,"151,515,171,518",1,UNL,A,3.88,TRUE,Carboxylate,"43,174,318","(-6.357, -12.927, 26.907)","(-3.945, -13.716, 29.842333333333332)"
319,ASP,A,"24,282,429",1,UNL,A,5.37,FALSE,Tertamine,4296,"(-11.879, -12.433, 23.957)","(-14.033, -12.4305, 28.878999999999998)"
200,ARG,A,"151,515,171,518",1,UNL,A,5.47,TRUE,Carboxylate,"43,384,339","(-7.764, -15.57, 26.3925)","(-3.945, -13.716, 29.842333333333332)"
386,ARG,A,"293,029,322,933",1,UNL,A,4.8,TRUE,Carboxylate,"43,184,319","(-9.7965, -20.826999999999998, 22.823999999999998)","(-13.155000000000001, -22.62033333333333, 25.749)"
386,ARG,A,"293,029,322,933",1,UNL,A,4.08,TRUE,Carboxylate,"43,154,316","(-11.309999999999999, -19.025, 25.166)","(-13.155000000000001, -22.62033333333333, 25.749)"
200,ARG,A,"151,515,171,518",1,UNL,A,5.25,TRUE,Carboxylate,"43,334,334","(-6.5104999999999995, -17.945999999999998, 28.073)","(-3.945, -13.716, 29.842333333333332)"
200,ARG,A,"151,515,171,518",1,UNL,A,4.63,TRUE,Carboxylate,"43,334,334","(-4.9990000000000006, -18.057000000000002, 28.631999999999998)","(-3.945, -13.716, 29.842333333333332)"
319,ASP,A,"24,282,429",1,UNL,A,5.45,FALSE,Tertamine,4295,"(-11.37, -15.628, 25.362)","(-14.033, -12.4305, 28.878999999999998)"
319,ASP,A,"24,282,429",1,UNL,A,5.12,FALSE,Tertamine,4295,"(-11.585, -14.131, 24.713)","(-14.033, -12.4305, 28.878999999999998)"
200,ARG,A,"151,515,171,518",1,UNL,A,2.58,TRUE,Carboxylate,"43,294,331","(-6.327, -14.562000000000001, 29.3285)","(-3.945, -13.716, 29.842333333333332)"
200,ARG,A,"151,515,171,518",1,UNL,A,5.42,TRUE,Carboxylate,"43,164,317","(-7.6129999999999995, -16.2555, 26.758499999999998)","(-3.945, -13.716, 29.842333333333332)"
200,ARG,A,"151,515,171,518",1,UNL,A,5.41,TRUE,Carboxylate,"43,184,319","(-6.2855, -16.052, 25.555500000000002)","(-3.945, -13.716, 29.842333333333332)"
200,ARG,A,"151,515,171,518",1,UNL,A,5.41,TRUE,Carboxylate,"43,184,319","(-6.2855, -16.052, 25.555500000000002)","(-3.945, -13.716, 29.842333333333332)"
200,ARG,A,"151,515,171,518",1,UNL,A,5.46,TRUE,Carboxylate,"43,174,318","(-7.289, -15.866, 26.094)","(-3.945, -13.716, 29.842333333333332)"
386,ARG,A,"293,029,322,933",1,UNL,A,5.29,TRUE,Carboxylate,"43,154,316","(-9.1015, -20.104, 23.4685)","(-13.155000000000001, -22.62033333333333, 25.749)"
386,ARG,A,"293,029,322,933",1,UNL,A,5.38,TRUE,Carboxylate,"43,214,322","(-9.400500000000001, -18.796, 25.268)","(-13.155000000000001, -22.62033333333333, 25.749)"
386,ARG,A,"293,029,322,933",1,UNL,A,3.39,TRUE,Carboxylate,"43,214,320","(-10.469000000000001, -20.5565, 25.771)","(-13.155000000000001, -22.62033333333333, 25.749)"
200,ARG,A,"151,515,171,518",1,UNL,A,5.25,TRUE,Carboxylate,"43,194,320","(-7.544, -16.205, 26.934)","(-3.945, -13.716, 29.842333333333332)"
200,ARG,A,"151,515,171,518",1,UNL,A,5.07,TRUE,Carboxylate,"43,214,322","(-6.1135, -15.9925, 25.869999999999997)","(-3.945, -13.716, 29.842333333333332)"
386,ARG,A,"293,029,322,933",1,UNL,A,5.4,TRUE,Carboxylate,"43,214,322","(-12.3975, -17.9665, 23.127000000000002)","(-13.155000000000001, -22.62033333333333, 25.749)"
386,ARG,A,"293,029,322,933",1,UNL,A,5.05,TRUE,Carboxylate,"43,224,323","(-9.716000000000001, -20.447499999999998, 22.7625)","(-13.155000000000001, -22.62033333333333, 25.749)"
200,ARG,A,"151,515,171,518",1,UNL,A,5.24,TRUE,Carboxylate,"43,174,318","(-7.1655, -15.959499999999998, 26.375500000000002)","(-3.945, -13.716, 29.842333333333332)"
386,ARG,A,"293,029,322,933",1,UNL,A,4.02,TRUE,Carboxylate,"43,154,316","(-10.7, -19.4775, 25.235)","(-13.155000000000001, -22.62033333333333, 25.749)"
319,ASP,A,"24,282,429",1,UNL,A,5.33,FALSE,Tertamine,4295,"(-11.396, -14.376, 24.678)","(-14.033, -12.4305, 28.878999999999998)"
319,ASP,A,"24,282,429",1,UNL,A,5.28,FALSE,Tertamine,4294,"(-12.949, -13.965, 23.948)","(-14.033, -12.4305, 28.878999999999998)"
318,ASP,A,"24,202,421",1,UNL,A,4.88,FALSE,Sulfonium,4320,"(-13.669, -12.397, 23.358)","(-16.476, -9.2175, 25.781)"
200,ARG,A,"151,515,171,518",1,UNL,A,4.6,TRUE,Carboxylate,"43,134,312","(-4.3865, -17.792, 27.747)","(-3.945, -13.716, 29.842333333333332)"
200,ARG,A,"151,515,171,518",1,UNL,A,4.51,TRUE,Carboxylate,"43,134,312","(-8.039, -12.5795, 31.350500000000004)","(-3.945, -13.716, 29.842333333333332)"
200,ARG,A,"151,515,171,518",1,UNL,A,4.33,TRUE,Carboxylate,"43,134,312","(-6.8185, -14.771, 26.7765)","(-3.945, -13.716, 29.842333333333332)"
200,ARG,A,"151,515,171,518",1,UNL,A,4.54,TRUE,Carboxylate,"43,134,312","(-6.686999999999999, -17.1885, 28.83)","(-3.945, -13.716, 29.842333333333332)"
200,ARG,A,"151,515,171,518",1,UNL,A,3.88,TRUE,Carboxylate,"43,134,312","(-6.2475000000000005, -16.503, 28.4365)","(-3.945, -13.716, 29.842333333333332)"
200,ARG,A,"151,515,171,518",1,UNL,A,4.9,TRUE,Carboxylate,"43,134,312","(-6.114, -17.9195, 28.547)","(-3.945, -13.716, 29.842333333333332)"
200,ARG,A,"151,515,171,518",1,UNL,A,4.13,TRUE,Carboxylate,"43,134,312","(-6.379, -16.5735, 28.116999999999997)","(-3.945, -13.716, 29.842333333333332)"
200,ARG,A,"151,515,171,518",1,UNL,A,4.63,TRUE,Carboxylate,"43,134,312","(-7.479, -15.3935, 27.358)","(-3.945, -13.716, 29.842333333333332)"
318,ASP,A,"24,202,421",1,UNL,A,5.39,FALSE,Tertamine,4294,"(-13.374, -12.249, 22.584)","(-16.476, -9.2175, 25.781)"
386,ARG,A,"293,029,322,933",1,UNL,A,5.08,TRUE,Carboxylate,"43,214,322","(-9.688500000000001, -20.4095, 22.765)","(-13.155000000000001, -22.62033333333333, 25.749)"
319,ASP,A,"24,282,429",1,UNL,A,5.35,FALSE,Tertamine,4295,"(-11.709, -14.164, 24.387)","(-14.033, -12.4305, 28.878999999999998)"
