$RESNR RESTYPE RESCHAIN PROT_IDX_LIST RESNR_LIG RESTYPE_LIG RESCHAIN_LIG DIST PROTISPOS LIG_GROUP LIG_IDX_LIST LIGCOO PROTCOO
$Number of binding sites detected in 1YVF : 6	with dict_keys(['GOL:X:600', 'GOL:X:601', 'GOL:X:602', 'GOL:X:605', 'PH7:X:800', 'PO4:X:702'])
$selected GOL:X:600
$Number of binding sites detected in 1Z4U : 5	with dict_keys(['GOL:X:602', 'GOL:X:604', 'GOL:X:605', 'PH9:X:600', 'PO4:X:702'])
$selected GOL:X:602
$Number of binding sites detected in 2AWZ : 8	with dict_keys(['5H:X:801', '5H:X:802', 'SO4:X:901', 'SO4:X:902', 'SO4:X:903', 'SO4:X:904', 'SO4:X:905', 'SO4:X:906'])
$selected 5H:X:801
$Number of binding sites detected in 2AX0 : 9	with dict_keys(['5X:X:1001', '5X:X:1002', 'SO4:X:1101', 'SO4:X:1102', 'SO4:X:1103', 'SO4:X:1104', 'SO4:X:1105', 'SO4:X:1106', 'SO4:X:1107'])
$selected 5X:X:1001
$Number of binding sites detected in 2AX1 : 10	with dict_keys(['5EE:X:1001', '5EE:X:1002', 'SO4:X:1101', 'SO4:X:1102', 'SO4:X:1103', 'SO4:X:1104', 'SO4:X:1105', 'SO4:X:1106', 'SO4:X:1107', 'SO4:X:1108'])
$selected 5EE:X:1001
$Number of binding sites detected in 2FVC : 2	with dict_keys(['888:X:901', '888:X:902'])
$selected 888:X:901
$Number of binding sites detected in 2GC8 : 1	with dict_keys(['885:X:579'])
$selected 885:X:579
$Number of binding sites detected in 2GIQ : 2	with dict_keys(['NN2:X:1001', 'NN2:X:2001'])
$selected NN2:X:1001
$Number of binding sites detected in 2JC0 : 3	with dict_keys(['699:X:1563', '699:X:1564', '699:X:1565'])
$selected 699:X:1563
$Number of binding sites detected in 2JC1 : 1	with dict_keys(['698:X:600'])
$selected 698:X:600
$Number of binding sites detected in 2QE5 : 1	with dict_keys(['617:X:579'])
$selected 617:X:579
$Number of binding sites detected in 3BR9 : 1	with dict_keys(['DEY:X:579'])
$selected DEY:X:579
$Number of binding sites detected in 3BSA : 1	with dict_keys(['1PD:X:579'])
$selected 1PD:X:579
$Number of binding sites detected in 3BSC : 1	with dict_keys(['2PD:X:579'])
$selected 2PD:X:579
$Number of binding sites detected in 3CDE : 1	with dict_keys(['N3H:X:579'])
$selected N3H:X:579
$Number of binding sites detected in 3CO9 : 1	with dict_keys(['3MS:X:579'])
$selected 3MS:X:579
$Number of binding sites detected in 3CSO : 1	with dict_keys(['XNI:X:579'])
$selected XNI:X:579
$Number of binding sites detected in 3CVK : 1	with dict_keys(['N34:X:579'])
$selected N34:X:579
$Number of binding sites detected in 3CWJ : 2	with dict_keys(['321:X:1001', '321:X:1002'])
$selected 321:X:1001
$Number of binding sites detected in 3D28 : 1	with dict_keys(['B34:X:579'])
$selected B34:X:579
$Number of binding sites detected in 3D5M : 1	with dict_keys(['4MS:X:579'])
$selected 4MS:X:579
$Number of binding sites detected in 3E51 : 1	with dict_keys(['N35:X:579'])
$selected N35:X:579
$Number of binding sites detected in 3G86 : 3	with dict_keys(['NI:X:700', 'NI:X:701', 'T18:X:571'])
$selected NI:X:700
$Number of binding sites detected in 3GNV : 2	with dict_keys(['GOL:X:580', 'XNZ:X:579'])
$selected GOL:X:580
$Number of binding sites detected in 3GNW : 1	with dict_keys(['XNC:X:579'])
$selected XNC:X:579
$Number of binding sites detected in 3GOL : 2	with dict_keys(['MG:X:580', 'XND:X:579'])
$selected MG:X:580
$Number of binding sites detected in 3GYN : 1	with dict_keys(['B42:X:579'])
$selected B42:X:579
$Number of binding sites detected in 3H2L : 1	with dict_keys(['YAK:X:601'])
$selected YAK:X:601
$Number of binding sites detected in 3H59 : 1	with dict_keys(['H59:X:571'])
$selected H59:X:571
$Number of binding sites detected in 3H5S : 1	with dict_keys(['H5S:X:571'])
$selected H5S:X:571
$Number of binding sites detected in 3H5U : 1	with dict_keys(['H5U:X:571'])
$selected H5U:X:571
$Number of binding sites detected in 3H98 : 2	with dict_keys(['B5P:X:571', 'GOL:X:572'])
$selected B5P:X:571
$Number of binding sites detected in 3HHK : 1	with dict_keys(['77Z:X:564'])
$selected 77Z:X:564
$Number of binding sites detected in 3HKY : 7	with dict_keys(['IX6:X:579', 'SO4:X:580', 'SO4:X:581', 'SO4:X:582', 'SO4:X:583', 'SO4:X:584', 'SO4:X:586'])
$selected IX6:X:579
$Number of binding sites detected in 3IGV : 1	with dict_keys(['B80:X:579'])
$selected B80:X:579
$Number of binding sites detected in 3SKA : 3	with dict_keys(['053:X:577', '053:X:578', 'PO4:X:577'])
$selected 053:X:577
$Number of binding sites detected in 3SKE : 3	with dict_keys(['054:X:577', '054:X:578', 'PO4:X:577'])
$selected 054:X:577
$Number of binding sites detected in 3SKH : 1	with dict_keys(['058:X:577'])
$selected 058:X:577
$Number of binding sites detected in 3TYQ : 3	with dict_keys(['HI4:X:577', 'PO4:X:578', 'PO4:X:579'])
$selected HI4:X:577
$Number of binding sites detected in 3TYV : 3	with dict_keys(['HI3:X:577', 'HI3:X:578', 'PO4:X:577'])
$selected HI3:X:577
$Number of binding sites detected in 3U4O : 2	with dict_keys(['08E:X:579', 'PO4:X:580'])
$selected 08E:X:579
$Number of binding sites detected in 3U4R : 1	with dict_keys(['08F:X:579'])
$selected 08F:X:579
$Number of binding sites detected in 3UPH : 3	with dict_keys(['0C1:X:577', '0C1:X:578', 'PO4:X:577'])
$selected 0C1:X:577
$Number of binding sites detected in 3UPI : 3	with dict_keys(['0C2:X:586', '0C2:X:587', 'PO4:X:586'])
$selected 0C2:X:586
