"Molecule ChEMBL ID";"Molecule Name";"Molecule Max Phase";"Molecular Weight";"#RO5 Violations";"AlogP";"Compound Key";"Smiles";"Standard Type";"Standard Relation";"Standard Value";"Standard Units";"pChEMBL Value";"Data Validity Comment";"Comment";"Uo Units";"Ligand Efficiency BEI";"Ligand Efficiency LE";"Ligand Efficiency LLE";"Ligand Efficiency SEI";"Potential Duplicate";"Assay ChEMBL ID";"Assay Description";"Assay Type";"BAO Format ID";"BAO Label";"Assay Organism";"Assay Tissue ChEMBL ID";"Assay Tissue Name";"Assay Cell Type";"Assay Subcellular Fraction";"Assay Parameters";"Assay Variant Accession";"Assay Variant Mutation";"Target ChEMBL ID";"Target Name";"Target Organism";"Target Type";"Document ChEMBL ID";"Source ID";"Source Description";"Document Journal";"Document Year";"Cell ChEMBL ID";"Properties"
"CHEMBL362796";"";"None";"464.44";"0";"3.56";"11";"NCCC[C@@]1(C(=O)O)C[C@H](C(=O)O)[C@H](c2ccccc2)N1C(=O)c1ccc(C(F)(F)F)cc1";"IC50";"'>'";"20000.0";"nM";"";"";"";"UO_0000065";"";"";"";"";"0";"CHEMBL832931";"Inhibitory concentration against Hepatitis C virus RNA dependent RNA polymerase Nonstructural protein 5B";"B";"BAO_0000357";"single protein format";"Hepatitis C virus";"None";"None";"None";"None";"";"";"";"CHEMBL5375";"Hepatitis C virus NS5B RNA-dependent RNA polymerase";"Hepatitis C virus";"SINGLE PROTEIN";"CHEMBL1142030";"1";"Scientific Literature";"Bioorg Med Chem Lett";"2005";"None";""
"CHEMBL180457";"";"None";"332.14";"0";"1.99";"1 (+/-)";"O=C(O)[C@H]1C[C@@H](C(=O)O)N(C(=O)c2ccc(Cl)c(Cl)c2)C1";"IC50";"'='";"12000.0";"nM";"4.92";"";"";"UO_0000065";"14.82";"0.32";"2.93";"5.18";"0";"CHEMBL832931";"Inhibitory concentration against Hepatitis C virus RNA dependent RNA polymerase Nonstructural protein 5B";"B";"BAO_0000357";"single protein format";"Hepatitis C virus";"None";"None";"None";"None";"";"";"";"CHEMBL5375";"Hepatitis C virus NS5B RNA-dependent RNA polymerase";"Hepatitis C virus";"SINGLE PROTEIN";"CHEMBL1142030";"1";"Scientific Literature";"Bioorg Med Chem Lett";"2005";"None";""
"CHEMBL360224";"";"None";"469.48";"0";"4.92";"14(-)";"CC(C)C[C@@]1(C(=O)O)C[C@H](C(=O)O)[C@@H](c2cccs2)N1C(=O)c1ccc(C(F)(F)F)cc1";"IC50";"'='";"18000.0";"nM";"4.75";"";"";"UO_0000065";"10.11";"0.20";"-0.18";"5.00";"0";"CHEMBL832931";"Inhibitory concentration against Hepatitis C virus RNA dependent RNA polymerase Nonstructural protein 5B";"B";"BAO_0000357";"single protein format";"Hepatitis C virus";"None";"None";"None";"None";"";"";"";"CHEMBL5375";"Hepatitis C virus NS5B RNA-dependent RNA polymerase";"Hepatitis C virus";"SINGLE PROTEIN";"CHEMBL1142030";"1";"Scientific Literature";"Bioorg Med Chem Lett";"2005";"None";""
"CHEMBL180099";"";"None";"469.48";"0";"4.92";"25";"CC(C)C[C@@]1(C(=O)O)C[C@H](C(=O)O)[C@H](c2cccs2)N1C(=O)c1cccc(C(F)(F)F)c1";"IC50";"'='";"600.0";"nM";"6.22";"";"";"UO_0000065";"13.25";"0.27";"1.30";"6.56";"0";"CHEMBL832931";"Inhibitory concentration against Hepatitis C virus RNA dependent RNA polymerase Nonstructural protein 5B";"B";"BAO_0000357";"single protein format";"Hepatitis C virus";"None";"None";"None";"None";"";"";"";"CHEMBL5375";"Hepatitis C virus NS5B RNA-dependent RNA polymerase";"Hepatitis C virus";"SINGLE PROTEIN";"CHEMBL1142030";"1";"Scientific Literature";"Bioorg Med Chem Lett";"2005";"None";""
"CHEMBL369789";"";"None";"513.47";"1";"4.77";"13";"O=C(O)[C@H]1C[C@@](Cc2ccc(O)cc2)(C(=O)O)N(C(=O)c2ccc(C(F)(F)F)cc2)[C@H]1c1ccccc1";"IC50";"'>'";"20000.0";"nM";"";"";"";"UO_0000065";"";"";"";"";"0";"CHEMBL832931";"Inhibitory concentration against Hepatitis C virus RNA dependent RNA polymerase Nonstructural protein 5B";"B";"BAO_0000357";"single protein format";"Hepatitis C virus";"None";"None";"None";"None";"";"";"";"CHEMBL5375";"Hepatitis C virus NS5B RNA-dependent RNA polymerase";"Hepatitis C virus";"SINGLE PROTEIN";"CHEMBL1142030";"1";"Scientific Literature";"Bioorg Med Chem Lett";"2005";"None";""
"CHEMBL180619";"";"None";"479.41";"0";"3.68";"12";"O=C(O)CC[C@@]1(C(=O)O)C[C@H](C(=O)O)[C@H](c2ccccc2)N1C(=O)c1ccc(C(F)(F)F)cc1";"IC50";"'>'";"20000.0";"nM";"";"";"";"UO_0000065";"";"";"";"";"0";"CHEMBL832931";"Inhibitory concentration against Hepatitis C virus RNA dependent RNA polymerase Nonstructural protein 5B";"B";"BAO_0000357";"single protein format";"Hepatitis C virus";"None";"None";"None";"None";"";"";"";"CHEMBL5375";"Hepatitis C virus NS5B RNA-dependent RNA polymerase";"Hepatitis C virus";"SINGLE PROTEIN";"CHEMBL1142030";"1";"Scientific Literature";"Bioorg Med Chem Lett";"2005";"None";""
"CHEMBL360456";"";"None";"429.44";"0";"4.15";"21";"CC(C)C[C@@]1(C(=O)O)C[C@H](C(=O)O)[C@H](C(C)C)N1C(=O)c1ccc(C(F)(F)F)cc1";"IC50";"'='";"500.0";"nM";"6.30";"";"";"UO_0000065";"14.67";"0.29";"2.15";"6.64";"0";"CHEMBL832931";"Inhibitory concentration against Hepatitis C virus RNA dependent RNA polymerase Nonstructural protein 5B";"B";"BAO_0000357";"single protein format";"Hepatitis C virus";"None";"None";"None";"None";"";"";"";"CHEMBL5375";"Hepatitis C virus NS5B RNA-dependent RNA polymerase";"Hepatitis C virus";"SINGLE PROTEIN";"CHEMBL1142030";"1";"Scientific Literature";"Bioorg Med Chem Lett";"2005";"None";""
"CHEMBL178557";"";"None";"446.48";"0";"3.81";"24";"CC(C)C[C@@]1(C(=O)O)C[C@H](C(=O)O)[C@H](c2cccs2)N1C(=O)c1ccc([N+](=O)[O-])cc1";"IC50";"'='";"3200.0";"nM";"5.50";"";"";"UO_0000065";"12.31";"0.24";"1.68";"3.98";"0";"CHEMBL832931";"Inhibitory concentration against Hepatitis C virus RNA dependent RNA polymerase Nonstructural protein 5B";"B";"BAO_0000357";"single protein format";"Hepatitis C virus";"None";"None";"None";"None";"";"";"";"CHEMBL5375";"Hepatitis C virus NS5B RNA-dependent RNA polymerase";"Hepatitis C virus";"SINGLE PROTEIN";"CHEMBL1142030";"1";"Scientific Literature";"Bioorg Med Chem Lett";"2005";"None";""
"CHEMBL360946";"";"None";"493.48";"0";"4.87";"16";"COc1ccccc1[C@H]1[C@@H](C(=O)O)C[C@@](CC(C)C)(C(=O)O)N1C(=O)c1ccc(C(F)(F)F)cc1";"IC50";"'='";"5100.0";"nM";"5.29";"";"";"UO_0000065";"10.72";"0.21";"0.42";"5.08";"0";"CHEMBL832931";"Inhibitory concentration against Hepatitis C virus RNA dependent RNA polymerase Nonstructural protein 5B";"B";"BAO_0000357";"single protein format";"Hepatitis C virus";"None";"None";"None";"None";"";"";"";"CHEMBL5375";"Hepatitis C virus NS5B RNA-dependent RNA polymerase";"Hepatitis C virus";"SINGLE PROTEIN";"CHEMBL1142030";"1";"Scientific Literature";"Bioorg Med Chem Lett";"2005";"None";""
"CHEMBL360800";"";"None";"497.47";"1";"5.06";"8";"O=C(O)[C@H]1C[C@@](Cc2ccccc2)(C(=O)O)N(C(=O)c2ccc(C(F)(F)F)cc2)[C@H]1c1ccccc1";"IC50";"'='";"1900.0";"nM";"5.72";"";"";"UO_0000065";"11.50";"0.22";"0.66";"6.03";"0";"CHEMBL832931";"Inhibitory concentration against Hepatitis C virus RNA dependent RNA polymerase Nonstructural protein 5B";"B";"BAO_0000357";"single protein format";"Hepatitis C virus";"None";"None";"None";"None";"";"";"";"CHEMBL5375";"Hepatitis C virus NS5B RNA-dependent RNA polymerase";"Hepatitis C virus";"SINGLE PROTEIN";"CHEMBL1142030";"1";"Scientific Literature";"Bioorg Med Chem Lett";"2005";"None";""
"CHEMBL361428";"";"None";"401.48";"0";"3.91";"22";"CC(C)C[C@@]1(C(=O)O)C[C@H](C(=O)O)[C@H](c2cccs2)N1C(=O)c1ccccc1";"IC50";"'='";"11400.0";"nM";"4.94";"";"";"UO_0000065";"12.31";"0.24";"1.03";"5.21";"0";"CHEMBL832931";"Inhibitory concentration against Hepatitis C virus RNA dependent RNA polymerase Nonstructural protein 5B";"B";"BAO_0000357";"single protein format";"Hepatitis C virus";"None";"None";"None";"None";"";"";"";"CHEMBL5375";"Hepatitis C virus NS5B RNA-dependent RNA polymerase";"Hepatitis C virus";"SINGLE PROTEIN";"CHEMBL1142030";"1";"Scientific Literature";"Bioorg Med Chem Lett";"2005";"None";""
"CHEMBL181634";"";"None";"470.47";"0";"4.32";"18";"CC(C)C[C@@]1(C(=O)O)C[C@H](C(=O)O)[C@H](c2nccs2)N1C(=O)c1ccc(C(F)(F)F)cc1";"IC50";"'='";"400.0";"nM";"6.40";"";"";"UO_0000065";"13.60";"0.27";"2.08";"5.94";"0";"CHEMBL832931";"Inhibitory concentration against Hepatitis C virus RNA dependent RNA polymerase Nonstructural protein 5B";"B";"BAO_0000357";"single protein format";"Hepatitis C virus";"None";"None";"None";"None";"";"";"";"CHEMBL5375";"Hepatitis C virus NS5B RNA-dependent RNA polymerase";"Hepatitis C virus";"SINGLE PROTEIN";"CHEMBL1142030";"1";"Scientific Literature";"Bioorg Med Chem Lett";"2005";"None";""
"CHEMBL179389";"";"None";"470.37";"1";"5.21";"27";"CC(C)C[C@@]1(C(=O)O)C[C@H](C(=O)O)[C@H](c2cccs2)N1C(=O)c1ccc(Cl)c(Cl)c1";"IC50";"'='";"600.0";"nM";"6.22";"";"";"UO_0000065";"13.23";"0.28";"1.01";"6.56";"0";"CHEMBL832931";"Inhibitory concentration against Hepatitis C virus RNA dependent RNA polymerase Nonstructural protein 5B";"B";"BAO_0000357";"single protein format";"Hepatitis C virus";"None";"None";"None";"None";"";"";"";"CHEMBL5375";"Hepatitis C virus NS5B RNA-dependent RNA polymerase";"Hepatitis C virus";"SINGLE PROTEIN";"CHEMBL1142030";"1";"Scientific Literature";"Bioorg Med Chem Lett";"2005";"None";""
"CHEMBL361981";"";"None";"421.37";"0";"3.84";"9";"C[C@@]1(C(=O)O)C[C@H](C(=O)O)[C@H](c2ccccc2)N1C(=O)c1ccc(C(F)(F)F)cc1";"IC50";"'>'";"20000.0";"nM";"";"";"";"UO_0000065";"";"";"";"";"0";"CHEMBL832931";"Inhibitory concentration against Hepatitis C virus RNA dependent RNA polymerase Nonstructural protein 5B";"B";"BAO_0000357";"single protein format";"Hepatitis C virus";"None";"None";"None";"None";"";"";"";"CHEMBL5375";"Hepatitis C virus NS5B RNA-dependent RNA polymerase";"Hepatitis C virus";"SINGLE PROTEIN";"CHEMBL1142030";"1";"Scientific Literature";"Bioorg Med Chem Lett";"2005";"None";""
"CHEMBL181158";"";"None";"402.47";"0";"3.30";"28";"CC(C)C[C@@]1(C(=O)O)C[C@H](C(=O)O)[C@H](c2cccs2)N1C(=O)c1ccncc1";"IC50";"'>'";"20000.0";"nM";"";"";"";"UO_0000065";"";"";"";"";"0";"CHEMBL832931";"Inhibitory concentration against Hepatitis C virus RNA dependent RNA polymerase Nonstructural protein 5B";"B";"BAO_0000357";"single protein format";"Hepatitis C virus";"None";"None";"None";"None";"";"";"";"CHEMBL5375";"Hepatitis C virus NS5B RNA-dependent RNA polymerase";"Hepatitis C virus";"SINGLE PROTEIN";"CHEMBL1142030";"1";"Scientific Literature";"Bioorg Med Chem Lett";"2005";"None";""
"CHEMBL361781";"";"None";"331.25";"0";"1.71";"1 (+/-)";"O=C(O)[C@H]1C[C@@H](C(=O)O)N(C(=O)c2ccc(C(F)(F)F)cc2)C1";"IC50";"'='";"7600.0";"nM";"5.12";"";"";"UO_0000065";"15.45";"0.30";"3.41";"5.39";"0";"CHEMBL832931";"Inhibitory concentration against Hepatitis C virus RNA dependent RNA polymerase Nonstructural protein 5B";"B";"BAO_0000357";"single protein format";"Hepatitis C virus";"None";"None";"None";"None";"";"";"";"CHEMBL5375";"Hepatitis C virus NS5B RNA-dependent RNA polymerase";"Hepatitis C virus";"SINGLE PROTEIN";"CHEMBL1142030";"1";"Scientific Literature";"Bioorg Med Chem Lett";"2005";"None";""
"CHEMBL180188";"";"None";"463.45";"0";"4.86";"7";"CC(C)C[C@@]1(C(=O)O)C[C@H](C(=O)O)[C@H](c2ccccc2)N1C(=O)c1ccc(C(F)(F)F)cc1";"IC50";"'='";"700.0";"nM";"6.16";"";"";"UO_0000065";"13.28";"0.25";"1.29";"6.48";"0";"CHEMBL832931";"Inhibitory concentration against Hepatitis C virus RNA dependent RNA polymerase Nonstructural protein 5B";"B";"BAO_0000357";"single protein format";"Hepatitis C virus";"None";"None";"None";"None";"";"";"";"CHEMBL5375";"Hepatitis C virus NS5B RNA-dependent RNA polymerase";"Hepatitis C virus";"SINGLE PROTEIN";"CHEMBL1142030";"1";"Scientific Literature";"Bioorg Med Chem Lett";"2005";"None";""
"CHEMBL181570";"";"None";"409.55";"0";"4.56";"30";"CCCCCCC(=O)N1[C@@H](c2cccs2)[C@@H](C(=O)O)C[C@@]1(CC(C)C)C(=O)O";"IC50";"'>'";"20000.0";"nM";"";"";"";"UO_0000065";"";"";"";"";"0";"CHEMBL832931";"Inhibitory concentration against Hepatitis C virus RNA dependent RNA polymerase Nonstructural protein 5B";"B";"BAO_0000357";"single protein format";"Hepatitis C virus";"None";"None";"None";"None";"";"";"";"CHEMBL5375";"Hepatitis C virus NS5B RNA-dependent RNA polymerase";"Hepatitis C virus";"SINGLE PROTEIN";"CHEMBL1142030";"1";"Scientific Literature";"Bioorg Med Chem Lett";"2005";"None";""
"CHEMBL360543";"";"None";"464.44";"0";"4.26";"20";"CC(C)C[C@@]1(C(=O)O)C[C@H](C(=O)O)[C@H](c2ccccn2)N1C(=O)c1ccc(C(F)(F)F)cc1";"IC50";"'='";"700.0";"nM";"6.16";"";"";"UO_0000065";"13.25";"0.25";"1.89";"5.71";"0";"CHEMBL832931";"Inhibitory concentration against Hepatitis C virus RNA dependent RNA polymerase Nonstructural protein 5B";"B";"BAO_0000357";"single protein format";"Hepatitis C virus";"None";"None";"None";"None";"";"";"";"CHEMBL5375";"Hepatitis C virus NS5B RNA-dependent RNA polymerase";"Hepatitis C virus";"SINGLE PROTEIN";"CHEMBL1142030";"1";"Scientific Literature";"Bioorg Med Chem Lett";"2005";"None";""
"CHEMBL180948";"";"None";"469.48";"0";"4.92";"14(+/-)";"CC(C)C[C@@]1(C(=O)O)C[C@H](C(=O)O)[C@H](c2cccs2)N1C(=O)c1ccc(C(F)(F)F)cc1";"IC50";"'='";"300.0";"nM";"6.52";"";"";"UO_0000065";"13.89";"0.28";"1.60";"6.87";"0";"CHEMBL832931";"Inhibitory concentration against Hepatitis C virus RNA dependent RNA polymerase Nonstructural protein 5B";"B";"BAO_0000357";"single protein format";"Hepatitis C virus";"None";"None";"None";"None";"";"";"";"CHEMBL5375";"Hepatitis C virus NS5B RNA-dependent RNA polymerase";"Hepatitis C virus";"SINGLE PROTEIN";"CHEMBL1142030";"1";"Scientific Literature";"Bioorg Med Chem Lett";"2005";"None";""
"CHEMBL181308";"";"None";"477.48";"1";"5.17";"17";"Cc1ccc([C@H]2[C@@H](C(=O)O)C[C@@](CC(C)C)(C(=O)O)N2C(=O)c2ccc(C(F)(F)F)cc2)cc1";"IC50";"'='";"1000.0";"nM";"6.00";"";"";"UO_0000065";"12.57";"0.24";"0.83";"6.32";"0";"CHEMBL832931";"Inhibitory concentration against Hepatitis C virus RNA dependent RNA polymerase Nonstructural protein 5B";"B";"BAO_0000357";"single protein format";"Hepatitis C virus";"None";"None";"None";"None";"";"";"";"CHEMBL5375";"Hepatitis C virus NS5B RNA-dependent RNA polymerase";"Hepatitis C virus";"SINGLE PROTEIN";"CHEMBL1142030";"1";"Scientific Literature";"Bioorg Med Chem Lett";"2005";"None";""
"CHEMBL413358";"";"None";"497.90";"1";"5.52";"15";"CC(C)C[C@@]1(C(=O)O)C[C@H](C(=O)O)[C@H](c2ccc(Cl)cc2)N1C(=O)c1ccc(C(F)(F)F)cc1";"IC50";"'='";"900.0";"nM";"6.05";"";"";"UO_0000065";"12.14";"0.24";"0.53";"6.37";"0";"CHEMBL832931";"Inhibitory concentration against Hepatitis C virus RNA dependent RNA polymerase Nonstructural protein 5B";"B";"BAO_0000357";"single protein format";"Hepatitis C virus";"None";"None";"None";"None";"";"";"";"CHEMBL5375";"Hepatitis C virus NS5B RNA-dependent RNA polymerase";"Hepatitis C virus";"SINGLE PROTEIN";"CHEMBL1142030";"1";"Scientific Literature";"Bioorg Med Chem Lett";"2005";"None";""
"CHEMBL361429";"";"None";"435.93";"0";"4.56";"23";"CC(C)C[C@@]1(C(=O)O)C[C@H](C(=O)O)[C@H](c2cccs2)N1C(=O)c1ccc(Cl)cc1";"IC50";"'='";"1700.0";"nM";"5.77";"";"";"UO_0000065";"13.24";"0.27";"1.21";"6.08";"0";"CHEMBL832931";"Inhibitory concentration against Hepatitis C virus RNA dependent RNA polymerase Nonstructural protein 5B";"B";"BAO_0000357";"single protein format";"Hepatitis C virus";"None";"None";"None";"None";"";"";"";"CHEMBL5375";"Hepatitis C virus NS5B RNA-dependent RNA polymerase";"Hepatitis C virus";"SINGLE PROTEIN";"CHEMBL1142030";"1";"Scientific Literature";"Bioorg Med Chem Lett";"2005";"None";""
"CHEMBL178443";"";"None";"469.48";"0";"4.92";"26";"CC(C)C[C@@]1(C(=O)O)C[C@H](C(=O)O)[C@H](c2cccs2)N1C(=O)c1ccccc1C(F)(F)F";"IC50";"'>'";"20000.0";"nM";"";"";"";"UO_0000065";"";"";"";"";"0";"CHEMBL832931";"Inhibitory concentration against Hepatitis C virus RNA dependent RNA polymerase Nonstructural protein 5B";"B";"BAO_0000357";"single protein format";"Hepatitis C virus";"None";"None";"None";"None";"";"";"";"CHEMBL5375";"Hepatitis C virus NS5B RNA-dependent RNA polymerase";"Hepatitis C virus";"SINGLE PROTEIN";"CHEMBL1142030";"1";"Scientific Literature";"Bioorg Med Chem Lett";"2005";"None";""
"CHEMBL180771";"";"None";"451.54";"1";"5.06";"29";"CC(C)C[C@@]1(C(=O)O)C[C@H](C(=O)O)[C@H](c2cccs2)N1C(=O)c1cccc2ccccc12";"IC50";"'='";"700.0";"nM";"6.16";"";"";"UO_0000065";"13.63";"0.26";"1.09";"6.48";"0";"CHEMBL832931";"Inhibitory concentration against Hepatitis C virus RNA dependent RNA polymerase Nonstructural protein 5B";"B";"BAO_0000357";"single protein format";"Hepatitis C virus";"None";"None";"None";"None";"";"";"";"CHEMBL5375";"Hepatitis C virus NS5B RNA-dependent RNA polymerase";"Hepatitis C virus";"SINGLE PROTEIN";"CHEMBL1142030";"1";"Scientific Literature";"Bioorg Med Chem Lett";"2005";"None";""
"CHEMBL180948";"";"None";"469.48";"0";"4.92";"14(+)";"CC(C)C[C@@]1(C(=O)O)C[C@H](C(=O)O)[C@H](c2cccs2)N1C(=O)c1ccc(C(F)(F)F)cc1";"IC50";"'='";"190.0";"nM";"6.72";"";"";"UO_0000065";"14.32";"0.29";"1.80";"7.08";"0";"CHEMBL832931";"Inhibitory concentration against Hepatitis C virus RNA dependent RNA polymerase Nonstructural protein 5B";"B";"BAO_0000357";"single protein format";"Hepatitis C virus";"None";"None";"None";"None";"";"";"";"CHEMBL5375";"Hepatitis C virus NS5B RNA-dependent RNA polymerase";"Hepatitis C virus";"SINGLE PROTEIN";"CHEMBL1142030";"1";"Scientific Literature";"Bioorg Med Chem Lett";"2005";"None";""
"CHEMBL179508";"";"None";"453.41";"0";"4.46";"19";"CC(C)C[C@@]1(C(=O)O)C[C@H](C(=O)O)[C@H](c2ccco2)N1C(=O)c1ccc(C(F)(F)F)cc1";"IC50";"'='";"800.0";"nM";"6.10";"";"";"UO_0000065";"13.45";"0.26";"1.64";"5.64";"0";"CHEMBL832931";"Inhibitory concentration against Hepatitis C virus RNA dependent RNA polymerase Nonstructural protein 5B";"B";"BAO_0000357";"single protein format";"Hepatitis C virus";"None";"None";"None";"None";"";"";"";"CHEMBL5375";"Hepatitis C virus NS5B RNA-dependent RNA polymerase";"Hepatitis C virus";"SINGLE PROTEIN";"CHEMBL1142030";"1";"Scientific Literature";"Bioorg Med Chem Lett";"2005";"None";""
"CHEMBL433580";"";"None";"463.45";"1";"5.01";"10";"CCCC[C@@]1(C(=O)O)C[C@H](C(=O)O)[C@H](c2ccccc2)N1C(=O)c1ccc(C(F)(F)F)cc1";"IC50";"'='";"3300.0";"nM";"5.48";"";"";"UO_0000065";"11.83";"0.23";"0.47";"5.78";"0";"CHEMBL832931";"Inhibitory concentration against Hepatitis C virus RNA dependent RNA polymerase Nonstructural protein 5B";"B";"BAO_0000357";"single protein format";"Hepatitis C virus";"None";"None";"None";"None";"";"";"";"CHEMBL5375";"Hepatitis C virus NS5B RNA-dependent RNA polymerase";"Hepatitis C virus";"SINGLE PROTEIN";"CHEMBL1142030";"1";"Scientific Literature";"Bioorg Med Chem Lett";"2005";"None";""
