RESNR,RESTYPE,Chains,RESNR_LIG,RESTYPE_LIG,RESCHAIN_LIG,PROT_IDX_LIST,CENTDIST,ANGLE,OFFSET,TYPE,LIG_IDX_LIST,LIGCOO,PROTCOO
$3tyv,CHEMBL1148625,CHEMBL372357,6,$selected UNL:A:1,,,,,,,,,
193,PHE,A,1,UNL,A,"147,214,731,474,147,000,000,000",5.29,80.12,0.61,T,"442,944,304,431,443,000,000,000","(26.94633333333333, 44.24416666666667, 40.17966666666667)","(24.28616666666667, 39.721, 39.49399999999999)"
$3tyv,CHEMBL1148625,CHEMBL372357,7,$selected UNL:A:1,,,,,,,,,
193,PHE,A,1,UNL,A,"147,214,731,474,147,000,000,000",5.17,75.06,1.79,T,"442,944,304,431,443,000,000,000","(26.68683333333333, 44.30166666666667, 39.6025)","(24.28616666666667, 39.721, 39.49399999999999)"
$3tyv,CHEMBL1148625,CHEMBL203426,2,$selected UNL:A:1,,,,,,,,,
193,PHE,A,1,UNL,A,"147,214,731,474,147,000,000,000",5.35,83.64,0.4,T,"443,044,314,432,443,000,000,000","(27.034333333333333, 44.20616666666666, 40.48716666666667)","(24.28616666666667, 39.721, 39.49399999999999)"
$3tyv,CHEMBL1148625,CHEMBL202987,1,$selected UNL:A:1,,,,,,,,,
193,PHE,A,1,UNL,A,"147,214,731,474,147,000,000,000",4.94,87.83,0.79,T,"443,744,384,439,444,000,000,000","(26.718333333333334, 43.99699999999999, 39.90233333333334)","(24.28616666666667, 39.721, 39.49399999999999)"
$3tyv,CHEMBL1148625,CHEMBL202449,4,$selected UNL:A:1,,,,,,,,,
193,PHE,A,1,UNL,A,"147,214,731,474,147,000,000,000",5.09,71.82,1.95,T,"44,304,431,443,244,300,000","(26.6644, 44.2154, 39.797799999999995)","(24.28616666666667, 39.721, 39.49399999999999)"
$3tyv,CHEMBL1148625,CHEMBL202449,7,$selected UNL:A:1,,,,,,,,,
193,PHE,A,1,UNL,A,"147,214,731,474,147,000,000,000",5.03,69.39,1.43,T,"44,304,431,443,244,300,000","(26.8714, 44.013999999999996, 39.874)","(24.28616666666667, 39.721, 39.49399999999999)"
$3tyv,CHEMBL1148625,CHEMBL202448,5,$selected UNL:A:1,,,,,,,,,
193,PHE,A,1,UNL,A,"147,214,731,474,147,000,000,000",5.05,88.34,1.39,T,"442,944,304,431,443,000,000,000","(27.24683333333334, 43.61933333333334, 40.72766666666667)","(24.28616666666667, 39.721, 39.49399999999999)"
$3tyv,CHEMBL1148625,CHEMBL201912,2,$selected UNL:A:1,,,,,,,,,
193,PHE,A,1,UNL,A,"147,214,731,474,147,000,000,000",5.44,86.13,0.56,T,"442,944,304,431,443,000,000,000","(27.128333333333334, 44.22749999999999, 40.597833333333334)","(24.28616666666667, 39.721, 39.49399999999999)"
$3tyv,CHEMBL1148625,CHEMBL377721,5,$selected UNL:A:1,,,,,,,,,
193,PHE,A,1,UNL,A,"147,214,731,474,147,000,000,000",5.17,77.89,0.6,T,"443,044,314,432,443,000,000,000","(26.96666666666667, 43.98916666666667, 40.65683333333333)","(24.28616666666667, 39.721, 39.49399999999999)"
$3tyv,CHEMBL1148625,CHEMBL202581,7,$selected UNL:A:1,,,,,,,,,
193,PHE,A,1,UNL,A,"147,214,731,474,147,000,000,000",5.04,73.55,1.69,T,"442,944,304,431,443,000,000,000","(26.39816666666667, 44.28383333333334, 39.904833333333336)","(24.28616666666667, 39.721, 39.49399999999999)"
$3tyv,CHEMBL1148625,CHEMBL201873,2,$selected UNL:A:1,,,,,,,,,
193,PHE,A,1,UNL,A,"147,214,731,474,147,000,000,000",4.91,81.13,0.17,T,"443,044,314,432,443,000,000,000","(26.671000000000003, 43.905499999999996, 40.446)","(24.28616666666667, 39.721, 39.49399999999999)"
$3tyv,CHEMBL1148625,CHEMBL201873,4,$selected UNL:A:1,,,,,,,,,
193,PHE,A,1,UNL,A,"147,214,731,474,147,000,000,000",4.86,71.1,1.35,T,"443,044,314,432,443,000,000,000","(25.865, 44.26983333333334, 40.12733333333333)","(24.28616666666667, 39.721, 39.49399999999999)"
$3tyv,CHEMBL1148625,CHEMBL370203,3,$selected UNL:A:1,,,,,,,,,
193,PHE,A,1,UNL,A,"147,214,731,474,147,000,000,000",4.92,83.07,0.42,T,"442,944,304,431,443,000,000,000","(26.838833333333337, 43.84049999999999, 40.335166666666666)","(24.28616666666667, 39.721, 39.49399999999999)"
$3tyv,CHEMBL1148625,CHEMBL201337,2,$selected UNL:A:1,,,,,,,,,
193,PHE,A,1,UNL,A,"147,214,731,474,147,000,000,000",4.9,77.23,0.49,T,"443,044,314,432,443,000,000,000","(26.676, 43.88516666666666, 40.46666666666667)","(24.28616666666667, 39.721, 39.49399999999999)"
$3tyv,CHEMBL1148625,CHEMBL201337,4,$selected UNL:A:1,,,,,,,,,
193,PHE,A,1,UNL,A,"147,214,731,474,147,000,000,000",4.94,69.07,1.69,T,"443,044,314,432,443,000,000,000","(26.132666666666665, 44.269000000000005, 40.041999999999994)","(24.28616666666667, 39.721, 39.49399999999999)"
$3tyv,CHEMBL1148625,CHEMBL202514,3,$selected UNL:A:1,,,,,,,,,
193,PHE,A,1,UNL,A,"147,214,731,474,147,000,000,000",4.89,76.86,0.54,T,"443,044,314,432,443,000,000,000","(26.6845, 43.883, 40.39966666666667)","(24.28616666666667, 39.721, 39.49399999999999)"
$3tyv,CHEMBL1148625,CHEMBL200985,3,$selected UNL:A:1,,,,,,,,,
193,PHE,A,1,UNL,A,"147,214,731,474,147,000,000,000",4.94,77.62,0.52,T,"443,044,314,432,443,000,000,000","(26.691666666666666, 43.9435, 40.39116666666667)","(24.28616666666667, 39.721, 39.49399999999999)"
$3tyv,CHEMBL1148625,CHEMBL381497,2,$selected UNL:A:1,,,,,,,,,
448,TYR,A,1,UNL,A,"346,234,633,464,346,000,000,000",5.45,73.65,1.98,T,"443,044,314,432,443,000,000,000","(25.022833333333335, 43.43416666666667, 46.653)","(21.501, 40.678666666666665, 43.534166666666664)"
$3tyv,CHEMBL1148625,CHEMBL381497,4,$selected UNL:A:1,,,,,,,,,
193,PHE,A,1,UNL,A,"147,214,731,474,147,000,000,000",4.97,74.64,0.79,T,"443,044,314,432,443,000,000,000","(26.732333333333333, 43.972833333333334, 40.26766666666667)","(24.28616666666667, 39.721, 39.49399999999999)"
$3tyv,CHEMBL1148625,CHEMBL201063,6,$selected UNL:A:1,,,,,,,,,
193,PHE,A,1,UNL,A,"147,214,731,474,147,000,000,000",4.91,79.1,0.39,T,"443,044,314,432,443,000,000,000","(26.603166666666667, 43.94883333333333, 40.44200000000001)","(24.28616666666667, 39.721, 39.49399999999999)"
$3tyv,CHEMBL1148625,CHEMBL201063,9,$selected UNL:A:1,,,,,,,,,
193,PHE,A,1,UNL,A,"147,214,731,474,147,000,000,000",4.95,76.53,0.62,T,"443,044,314,432,443,000,000,000","(26.709166666666665, 43.96016666666666, 40.278)","(24.28616666666667, 39.721, 39.49399999999999)"
$3tyv,CHEMBL1148625,CHEMBL201231,4,$selected UNL:A:1,,,,,,,,,
193,PHE,A,1,UNL,A,"147,214,731,474,147,000,000,000",4.91,77.32,0.57,T,"443,044,314,432,443,000,000,000","(26.566499999999994, 43.95666666666667, 40.46866666666667)","(24.28616666666667, 39.721, 39.49399999999999)"
$3tyv,CHEMBL1148625,CHEMBL201231,9,$selected UNL:A:1,,,,,,,,,
448,TYR,A,1,UNL,A,"346,234,633,464,346,000,000,000",5.01,68.8,1.85,T,"443,044,314,432,443,000,000,000","(24.833, 43.401833333333336, 46.09366666666667)","(21.501, 40.678666666666665, 43.534166666666664)"
$3tyv,CHEMBL1148625,CHEMBL202191,3,$selected UNL:A:1,,,,,,,,,
193,PHE,A,1,UNL,A,"147,214,731,474,147,000,000,000",5.18,77.74,0.8,T,"443,044,314,432,443,000,000,000","(27.05966666666667, 44.03716666666667, 40.181666666666665)","(24.28616666666667, 39.721, 39.49399999999999)"
$3tyv,CHEMBL1148625,CHEMBL380341,9,$selected UNL:A:1,,,,,,,,,
193,PHE,A,1,UNL,A,"147,214,731,474,147,000,000,000",4.91,80.46,0.11,T,"442,944,304,431,443,000,000,000","(26.836333333333332, 43.826666666666675, 40.36600000000001)","(24.28616666666667, 39.721, 39.49399999999999)"
$3tyv,CHEMBL1148625,CHEMBL201088,4,$selected UNL:A:1,,,,,,,,,
193,PHE,A,1,UNL,A,"147,214,731,474,147,000,000,000",4.95,76.55,0.55,T,"442,944,304,431,443,000,000,000","(26.722333333333335, 43.919000000000004, 40.461999999999996)","(24.28616666666667, 39.721, 39.49399999999999)"
$3tyv,CHEMBL1148625,CHEMBL201336,3,$selected UNL:A:1,,,,,,,,,
448,TYR,A,1,UNL,A,"346,234,633,464,346,000,000,000",5.12,72.91,1.66,T,"443,044,314,432,443,000,000,000","(24.986500000000003, 42.782833333333336, 46.64433333333333)","(21.501, 40.678666666666665, 43.534166666666664)"
$3tyv,CHEMBL1148625,CHEMBL201336,4,$selected UNL:A:1,,,,,,,,,
448,TYR,A,1,UNL,A,"346,234,633,464,346,000,000,000",5.13,69.27,1.96,T,"443,044,314,432,443,000,000,000","(25.0515, 42.695166666666665, 46.644666666666666)","(21.501, 40.678666666666665, 43.534166666666664)"
$3tyv,CHEMBL1148625,CHEMBL201336,9,$selected UNL:A:1,,,,,,,,,
193,PHE,A,1,UNL,A,"147,214,731,474,147,000,000,000",5.17,75.57,1.53,T,"443,044,314,432,443,000,000,000","(26.542333333333335, 44.365, 39.79999999999999)","(24.28616666666667, 39.721, 39.49399999999999)"
$3tyv,CHEMBL1148625,CHEMBL201770,4,$selected UNL:A:1,,,,,,,,,
193,PHE,A,1,UNL,A,"147,214,731,474,147,000,000,000",4.87,79.87,0.3,T,"442,944,304,431,443,000,000,000","(26.75916666666667, 43.8025, 40.466833333333334)","(24.28616666666667, 39.721, 39.49399999999999)"
$3tyv,CHEMBL1148625,CHEMBL201040,4,$selected UNL:A:1,,,,,,,,,
193,PHE,A,1,UNL,A,"147,214,731,474,147,000,000,000",4.89,79.64,0.22,T,"442,944,304,431,443,000,000,000","(26.685166666666664, 43.82483333333334, 40.62633333333333)","(24.28616666666667, 39.721, 39.49399999999999)"
$3tyv,CHEMBL1148625,CHEMBL201360,3,$selected UNL:A:1,,,,,,,,,
193,PHE,A,1,UNL,A,"147,214,731,474,147,000,000,000",5.02,81.58,0.18,T,"442,944,304,431,443,000,000,000","(26.786666666666665, 43.963833333333326, 40.46383333333333)","(24.28616666666667, 39.721, 39.49399999999999)"
$3tyv,CHEMBL1148625,CHEMBL201360,8,$selected UNL:A:1,,,,,,,,,
193,PHE,A,1,UNL,A,"147,214,731,474,147,000,000,000",5.21,73.53,1.72,T,"442,944,304,431,443,000,000,000","(26.688000000000002, 44.32833333333334, 39.81366666666667)","(24.28616666666667, 39.721, 39.49399999999999)"
$3tyv,CHEMBL1148625,CHEMBL201140,9,$selected UNL:A:1,,,,,,,,,
193,PHE,A,1,UNL,A,"147,214,731,474,147,000,000,000",5.01,71.13,1.72,T,"442,944,304,431,443,000,000,000","(26.32183333333333, 44.297, 39.604166666666664)","(24.28616666666667, 39.721, 39.49399999999999)"
$3tyv,CHEMBL1148625,CHEMBL381310,1,$selected UNL:A:1,,,,,,,,,
448,TYR,A,1,UNL,A,"346,234,633,464,346,000,000,000",5.19,75.23,1.57,T,"442,944,304,431,443,000,000,000","(24.980499999999996, 42.796, 46.74333333333334)","(21.501, 40.678666666666665, 43.534166666666664)"
$3tyv,CHEMBL1148625,CHEMBL381310,9,$selected UNL:A:1,,,,,,,,,
448,TYR,A,1,UNL,A,"346,234,633,464,346,000,000,000",5.19,71.64,1.95,T,"442,944,304,431,443,000,000,000","(25.010833333333334, 42.77666666666667, 46.73233333333334)","(21.501, 40.678666666666665, 43.534166666666664)"
$3tyv,CHEMBL1148625,CHEMBL201567,5,$selected UNL:A:1,,,,,,,,,
193,PHE,A,1,UNL,A,"147,214,731,474,147,000,000,000",4.97,72.03,1.04,T,"443,044,314,432,443,000,000,000","(26.733833333333333, 43.949333333333335, 40.431333333333335)","(24.28616666666667, 39.721, 39.49399999999999)"
$3tyv,CHEMBL1148625,CHEMBL380442,2,$selected UNL:A:1,,,,,,,,,
448,TYR,A,1,UNL,A,"346,234,633,464,346,000,000,000",5.29,75.8,1.67,T,"442,944,304,431,443,000,000,000","(24.910666666666668, 42.81816666666666, 46.969)","(21.501, 40.678666666666665, 43.534166666666664)"
$3tyv,CHEMBL1148625,CHEMBL201385,8,$selected UNL:A:1,,,,,,,,,
448,TYR,A,1,UNL,A,"346,234,633,464,346,000,000,000",5.32,79.55,0.49,T,"443,544,374,438,443,000,000,000","(25.3535, 44.268, 44.26283333333333)","(21.501, 40.678666666666665, 43.534166666666664)"
$3tyv,CHEMBL1148625,CHEMBL371635,5,$selected UNL:A:1,,,,,,,,,
448,TYR,A,1,UNL,A,"346,234,633,464,346,000,000,000",5.08,66.71,1.7,T,"443,544,374,438,443,000,000,000","(25.468333333333334, 43.30866666666666, 45.30416666666667)","(21.501, 40.678666666666665, 43.534166666666664)"
$3tyv,CHEMBL1148625,CHEMBL203312,5,$selected UNL:A:1,,,,,,,,,
193,PHE,A,1,UNL,A,"147,214,731,474,147,000,000,000",4.91,80.99,0.14,T,"442,944,304,431,443,000,000,000","(26.778499999999998, 43.830666666666666, 40.494166666666665)","(24.28616666666667, 39.721, 39.49399999999999)"
$3tyv,CHEMBL1148625,CHEMBL202271,9,$selected UNL:A:1,,,,,,,,,
193,PHE,A,1,UNL,A,"147,214,731,474,147,000,000,000",5.25,72.71,1.91,T,"442,944,304,431,443,000,000,000","(26.501166666666666, 44.456500000000005, 39.965333333333334)","(24.28616666666667, 39.721, 39.49399999999999)"
$3tyv,CHEMBL1148625,CHEMBL201814,3,$selected UNL:A:1,,,,,,,,,
193,PHE,A,1,UNL,A,"147,214,731,474,147,000,000,000",4.89,66.47,1.71,T,"442,944,304,431,443,000,000,000","(25.921666666666667, 44.2925, 40.041000000000004)","(24.28616666666667, 39.721, 39.49399999999999)"
$3tyv,CHEMBL1148625,CHEMBL201814,8,$selected UNL:A:1,,,,,,,,,
193,PHE,A,1,UNL,A,"147,214,731,474,147,000,000,000",5.14,71.47,1.97,T,"442,944,304,431,443,000,000,000","(26.538, 44.33183333333333, 39.80416666666667)","(24.28616666666667, 39.721, 39.49399999999999)"
$3tyv,CHEMBL1148625,CHEMBL381218,5,$selected UNL:A:1,,,,,,,,,
193,PHE,A,1,UNL,A,"147,214,731,474,147,000,000,000",5.18,71.9,1.9,T,"442,944,304,431,443,000,000,000","(26.549166666666665, 44.36416666666667, 39.82366666666667)","(24.28616666666667, 39.721, 39.49399999999999)"
$3tyv,CHEMBL1148625,CHEMBL201341,4,$selected UNL:A:1,,,,,,,,,
193,PHE,A,1,UNL,A,"147,214,731,474,147,000,000,000",4.96,77.81,0.53,T,"442,944,304,431,443,000,000,000","(26.72933333333334, 43.921, 40.4775)","(24.28616666666667, 39.721, 39.49399999999999)"
$3tyv,CHEMBL1148625,CHEMBL201555,7,$selected UNL:A:1,,,,,,,,,
193,PHE,A,1,UNL,A,"147,214,731,474,147,000,000,000",5.16,74.74,1.68,T,"442,944,304,431,443,000,000,000","(26.554999999999996, 44.346666666666664, 39.84733333333333)","(24.28616666666667, 39.721, 39.49399999999999)"
$3tyv,CHEMBL1148625,CHEMBL202250,5,$selected UNL:A:1,,,,,,,,,
193,PHE,A,1,UNL,A,"147,214,731,474,147,000,000,000",4.94,80.53,0.28,T,"442,944,304,431,443,000,000,000","(26.754166666666674, 43.894666666666666, 40.46133333333333)","(24.28616666666667, 39.721, 39.49399999999999)"
$3tyv,CHEMBL1148625,CHEMBL201305,5,$selected UNL:A:1,,,,,,,,,
193,PHE,A,1,UNL,A,"147,214,731,474,147,000,000,000",4.95,78.34,0.44,T,"442,944,304,431,443,000,000,000","(26.718666666666667, 43.92683333333333, 40.45433333333333)","(24.28616666666667, 39.721, 39.49399999999999)"
$3tyv,CHEMBL1148625,CHEMBL202566,2,$selected UNL:A:1,,,,,,,,,
193,PHE,A,1,UNL,A,"147,214,731,474,147,000,000,000",5,82.11,0.65,T,"443,644,374,439,444,000,000,000","(26.413333333333338, 44.166333333333334, 40.356833333333334)","(24.28616666666667, 39.721, 39.49399999999999)"
$3tyv,CHEMBL1148625,CHEMBL201256,6,$selected UNL:A:1,,,,,,,,,
193,PHE,A,1,UNL,A,"147,214,731,474,147,000,000,000",4.83,85.65,0.29,T,"443,644,374,438,443,000,000,000","(26.525833333333335, 43.897333333333336, 40.442166666666665)","(24.28616666666667, 39.721, 39.49399999999999)"
$3tyv,CHEMBL4602603,CHEMBL4646449,4,,,,,,,,,,
193,PHE,A,1,UNL,A,"147,214,731,474,147,000,000,000",5.17,71.27,1.98,T,"44,294,430,443,144,300,000","(26.2446, 44.179199999999994, 41.2358)","(24.28616666666667, 39.721, 39.49399999999999)"
$3tyv,CHEMBL4602603,CHEMBL4646449,8,,,,,,,,,,
448,TYR,A,1,UNL,A,"346,234,633,464,346,000,000,000",4.66,74.46,0.68,T,"444,544,464,447,444,000,000,000","(24.609166666666667, 44.132666666666665, 43.9205)","(21.501, 40.678666666666665, 43.534166666666664)"
$3tyv,CHEMBL4602603,CHEMBL2011266,6,,,,,,,,,,
448,TYR,A,1,UNL,A,"346,234,633,464,346,000,000,000",4.63,75.78,0.46,T,"444,544,464,447,444,000,000,000","(24.611666666666665, 44.092000000000006, 43.80883333333335)","(21.501, 40.678666666666665, 43.534166666666664)"
$3tyv,CHEMBL4602603,CHEMBL4640738,4,,,,,,,,,,
448,TYR,A,1,UNL,A,"346,234,633,464,346,000,000,000",4.84,74.01,0.74,T,"44,274,430,443,144,300,000","(25.1852, 43.7768, 44.0394)","(21.501, 40.678666666666665, 43.534166666666664)"
$3tyv,CHEMBL4602603,CHEMBL3617579,3,,,,,,,,,,
193,PHE,A,1,UNL,A,"147,214,731,474,147,000,000,000",5.13,81.86,1.69,T,"442,744,294,430,443,000,000,000","(25.785833333333333, 44.36816666666667, 41.05350000000001)","(24.28616666666667, 39.721, 39.49399999999999)"
$3tyv,CHEMBL4602603,CHEMBL474496,7,,,,,,,,,,
448,TYR,A,1,UNL,A,"346,234,633,464,346,000,000,000",5.28,78.74,1.64,T,"443,544,364,437,443,000,000,000","(24.602, 44.72583333333333, 42.147)","(21.501, 40.678666666666665, 43.534166666666664)"
$3tyv,CHEMBL4602603,CHEMBL474496,8,,,,,,,,,,
415,TYR,A,1,UNL,A,"319,531,963,197,319,000,000,000",4.98,64.07,1.09,T,"44,254,426,442,744,200,000","(24.8542, 46.578199999999995, 46.7374)","(25.130333333333336, 46.49366666666666, 51.71366666666666)"
