RESNR,RESTYPE,Chains,PROT_IDX_LIST,RESNR_LIG,RESTYPE_LIG,RESCHAIN_LIG,DIST,PROTISPOS,LIG_GROUP,LIG_IDX_LIST,LIGCOO,PROTCOO
$3upi,CHEMBL1142030,CHEMBL180948,8,$selected UNL:A:1,,,,,,,,
386,ARG,A,"296,029,622,963",1,UNL,A,5.04,TRUE,Carboxylate,"44,344,435","(26.7595, 49.707499999999996, 45.048500000000004)","(29.932, 50.16233333333334, 48.93233333333333)"
$3upi,CHEMBL1142030,CHEMBL180948,9,$selected UNL:A:1,,,,,,,,
386,ARG,A,"296,029,622,963",1,UNL,A,5.26,TRUE,Carboxylate,"44,344,435","(25.718, 47.322500000000005, 47.5875)","(29.932, 50.16233333333334, 48.93233333333333)"
$3upi,CHEMBL1142030,CHEMBL179508,4,$selected UNL:A:1,,,,,,,,
394,ARG,A,"302,030,223,023",1,UNL,A,5.39,TRUE,Carboxylate,"44,364,435","(26.8665, 49.948, 43.433)","(27.522000000000002, 55.27866666666667, 43.827)"
$3upi,CHEMBL1142030,CHEMBL179508,6,$selected UNL:A:1,,,,,,,,
386,ARG,A,"296,029,622,963",1,UNL,A,4.91,TRUE,Carboxylate,"44,364,435","(27.274, 49.8915, 44.818)","(29.932, 50.16233333333334, 48.93233333333333)"
394,ARG,A,"302,030,223,023",1,UNL,A,5.48,TRUE,Carboxylate,"44,364,435","(27.274, 49.8915, 44.818)","(27.522000000000002, 55.27866666666667, 43.827)"
$3upi,CHEMBL1142030,CHEMBL179508,9,$selected UNL:A:1,,,,,,,,
386,ARG,A,"296,029,622,963",1,UNL,A,4.02,TRUE,Carboxylate,"44,364,435","(27.383499999999998, 47.8865, 46.8085)","(29.932, 50.16233333333334, 48.93233333333333)"
$3upi,CHEMBL1142030,CHEMBL178557,7,$selected UNL:A:1,,,,,,,,
386,ARG,A,"296,029,622,963",1,UNL,A,4.03,TRUE,Carboxylate,"44,334,434","(28.5275, 47.916, 45.8935)","(29.932, 50.16233333333334, 48.93233333333333)"
$3upi,CHEMBL1142030,CHEMBL178557,9,$selected UNL:A:1,,,,,,,,
386,ARG,A,"296,029,622,963",1,UNL,A,4.85,TRUE,Carboxylate,"44,334,434","(26.439, 48.406000000000006, 46.063)","(29.932, 50.16233333333334, 48.93233333333333)"
$3upi,CHEMBL1142030,CHEMBL180948,8,$selected UNL:A:1,,,,,,,,
386,ARG,A,"296,029,622,963",1,UNL,A,4.6,TRUE,Carboxylate,"44,344,435","(26.622999999999998, 47.8745, 46.703)","(29.932, 50.16233333333334, 48.93233333333333)"
$3upi,CHEMBL1142030,CHEMBL181634,7,$selected UNL:A:1,,,,,,,,
394,ARG,A,"302,030,223,023",1,UNL,A,4.82,TRUE,Carboxylate,"44,344,435","(24.6425, 51.4165, 43.6315)","(27.522000000000002, 55.27866666666667, 43.827)"
$3upi,CHEMBL1142030,CHEMBL179508,3,$selected UNL:A:1,,,,,,,,
394,ARG,A,"302,030,223,023",1,UNL,A,5.14,TRUE,Carboxylate,"44,364,435","(26.7635, 50.2385, 43.178)","(27.522000000000002, 55.27866666666667, 43.827)"
$3upi,CHEMBL1142030,CHEMBL179508,4,$selected UNL:A:1,,,,,,,,
386,ARG,A,"296,029,622,963",1,UNL,A,4.89,TRUE,Carboxylate,"44,364,435","(27.3475, 49.953, 44.784499999999994)","(29.932, 50.16233333333334, 48.93233333333333)"
394,ARG,A,"302,030,223,023",1,UNL,A,5.41,TRUE,Carboxylate,"44,364,435","(27.3475, 49.953, 44.784499999999994)","(27.522000000000002, 55.27866666666667, 43.827)"
$3upi,CHEMBL1142030,CHEMBL361429,3,$selected UNL:A:1,,,,,,,,
386,ARG,A,"296,029,622,963",1,UNL,A,5.18,TRUE,Carboxylate,"44,334,432","(26.7165, 49.341, 44.9615)","(29.932, 50.16233333333334, 48.93233333333333)"
$3upi,CHEMBL1142030,CHEMBL361429,8,$selected UNL:A:1,,,,,,,,
386,ARG,A,"296,029,622,963",1,UNL,A,4.81,TRUE,Carboxylate,"44,334,432","(28.5955, 47.093, 45.4845)","(29.932, 50.16233333333334, 48.93233333333333)"
$3upi,CHEMBL1142030,CHEMBL178557,7,$selected UNL:A:1,,,,,,,,
386,ARG,A,"296,029,622,963",1,UNL,A,5.18,TRUE,Carboxylate,"44,334,434","(27.924, 49.607, 44.192)","(29.932, 50.16233333333334, 48.93233333333333)"
$3upi,CHEMBL1142030,CHEMBL361429,2,$selected UNL:A:1,,,,,,,,
386,ARG,A,"296,029,622,963",1,UNL,A,5.15,TRUE,Carboxylate,"44,334,432","(26.7075, 49.402, 44.9855)","(29.932, 50.16233333333334, 48.93233333333333)"
$3upi,CHEMBL1142030,CHEMBL361429,7,$selected UNL:A:1,,,,,,,,
386,ARG,A,"296,029,622,963",1,UNL,A,4.81,TRUE,Carboxylate,"44,334,432","(28.624499999999998, 47.0685, 45.488)","(29.932, 50.16233333333334, 48.93233333333333)"
$3upi,CHEMBL1142030,CHEMBL180099,9,$selected UNL:A:1,,,,,,,,
386,ARG,A,"296,029,622,963",1,UNL,A,5.02,TRUE,Carboxylate,"44,344,435","(27.2575, 49.569500000000005, 44.7295)","(29.932, 50.16233333333334, 48.93233333333333)"
$3upi,CHEMBL1142030,CHEMBL180948,9,$selected UNL:A:1,,,,,,,,
386,ARG,A,"296,029,622,963",1,UNL,A,5.37,TRUE,Carboxylate,"44,344,435","(25.618499999999997, 47.301500000000004, 47.485)","(29.932, 50.16233333333334, 48.93233333333333)"
$3upi,CHEMBL1142030,CHEMBL361429,2,$selected UNL:A:1,,,,,,,,
386,ARG,A,"296,029,622,963",1,UNL,A,5.19,TRUE,Carboxylate,"44,334,432","(26.703, 49.3485, 44.956)","(29.932, 50.16233333333334, 48.93233333333333)"
$3upi,CHEMBL1142030,CHEMBL361429,2,$selected UNL:A:1,,,,,,,,
386,ARG,A,"296,029,622,963",1,UNL,A,4.2,TRUE,Carboxylate,"44,334,432","(27.148, 49.2185, 45.93)","(29.932, 50.16233333333334, 48.93233333333333)"
$3upi,CHEMBL1142030,CHEMBL361429,6,$selected UNL:A:1,,,,,,,,
386,ARG,A,"296,029,622,963",1,UNL,A,4.83,TRUE,Carboxylate,"44,334,432","(28.6585, 47.055499999999995, 45.4555)","(29.932, 50.16233333333334, 48.93233333333333)"
$3upi,CHEMBL1142030,CHEMBL361429,7,$selected UNL:A:1,,,,,,,,
386,ARG,A,"296,029,622,963",1,UNL,A,4.78,TRUE,Carboxylate,"44,334,432","(27.889000000000003, 47.209, 45.775)","(29.932, 50.16233333333334, 48.93233333333333)"
$3upi,CHEMBL1142030,CHEMBL361429,9,$selected UNL:A:1,,,,,,,,
386,ARG,A,"296,029,622,963",1,UNL,A,3.59,TRUE,Carboxylate,"44,334,432","(27.697, 49.0405, 46.3595)","(29.932, 50.16233333333334, 48.93233333333333)"
$3upi,CHEMBL1142030,CHEMBL179508,6,$selected UNL:A:1,,,,,,,,
386,ARG,A,"296,029,622,963",1,UNL,A,4.87,TRUE,Carboxylate,"44,344,435","(28.3145, 47.060500000000005, 45.546499999999995)","(29.932, 50.16233333333334, 48.93233333333333)"
$3upi,CHEMBL1142030,CHEMBL180188,9,$selected UNL:A:1,,,,,,,,
386,ARG,A,"296,029,622,963",1,UNL,A,4.52,TRUE,Carboxylate,"44,364,437","(26.042, 48.649, 47.201)","(29.932, 50.16233333333334, 48.93233333333333)"
$3upi,CHEMBL1142030,CHEMBL433580,4,$selected UNL:A:1,,,,,,,,
386,ARG,A,"296,029,622,963",1,UNL,A,4.02,TRUE,Carboxylate,"44,364,437","(27.4995, 47.8695, 46.694)","(29.932, 50.16233333333334, 48.93233333333333)"
$3upi,CHEMBL1142030,CHEMBL433580,8,$selected UNL:A:1,,,,,,,,
386,ARG,A,"296,029,622,963",1,UNL,A,4.93,TRUE,Carboxylate,"44,364,437","(26.985, 50.551, 44.998999999999995)","(29.932, 50.16233333333334, 48.93233333333333)"
394,ARG,A,"302,030,223,023",1,UNL,A,4.9,TRUE,Carboxylate,"44,364,437","(26.985, 50.551, 44.998999999999995)","(27.522000000000002, 55.27866666666667, 43.827)"
$3upi,CHEMBL1142030,CHEMBL180619,3,$selected UNL:A:1,,,,,,,,
386,ARG,A,"296,029,622,963",1,UNL,A,4.03,TRUE,Carboxylate,"44,354,436","(27.500999999999998, 47.8095, 46.75)","(29.932, 50.16233333333334, 48.93233333333333)"
$3upi,CHEMBL1142030,CHEMBL180619,4,$selected UNL:A:1,,,,,,,,
394,ARG,A,"302,030,223,023",1,UNL,A,5.16,TRUE,Carboxylate,"44,364,437","(26.3675, 50.2685, 43.4535)","(27.522000000000002, 55.27866666666667, 43.827)"
$3upi,CHEMBL1142030,CHEMBL180619,7,$selected UNL:A:1,,,,,,,,
386,ARG,A,"296,029,622,963",1,UNL,A,4.84,TRUE,Carboxylate,"44,354,436","(25.5355, 49.3145, 47.084)","(29.932, 50.16233333333334, 48.93233333333333)"
386,ARG,A,"296,029,622,963",1,UNL,A,5.32,TRUE,Carboxylate,"44,364,437","(26.359499999999997, 46.376000000000005, 47.837)","(29.932, 50.16233333333334, 48.93233333333333)"
$3upi,CHEMBL1142030,CHEMBL181308,4,$selected UNL:A:1,,,,,,,,
386,ARG,A,"296,029,622,963",1,UNL,A,5.2,TRUE,Carboxylate,"44,364,437","(26.041, 49.7565, 45.5115)","(29.932, 50.16233333333334, 48.93233333333333)"
$3upi,CHEMBL1142030,CHEMBL360543,3,$selected UNL:A:1,,,,,,,,
394,ARG,A,"302,030,223,023",1,UNL,A,5.27,TRUE,Carboxylate,"44,364,437","(26.871, 50.0655, 43.3605)","(27.522000000000002, 55.27866666666667, 43.827)"
$3upi,CHEMBL1142030,CHEMBL360543,6,$selected UNL:A:1,,,,,,,,
386,ARG,A,"296,029,622,963",1,UNL,A,4.97,TRUE,Carboxylate,"44,364,437","(27.131, 50.2975, 44.834)","(29.932, 50.16233333333334, 48.93233333333333)"
394,ARG,A,"302,030,223,023",1,UNL,A,5.1,TRUE,Carboxylate,"44,364,437","(27.131, 50.2975, 44.834)","(27.522000000000002, 55.27866666666667, 43.827)"
$3upi,CHEMBL1142030,CHEMBL360543,9,$selected UNL:A:1,,,,,,,,
386,ARG,A,"296,029,622,963",1,UNL,A,4.1,TRUE,Carboxylate,"44,364,437","(27.107999999999997, 47.855, 47.052)","(29.932, 50.16233333333334, 48.93233333333333)"
$3upi,CHEMBL1142030,CHEMBL180188,5,$selected UNL:A:1,,,,,,,,
386,ARG,A,"296,029,622,963",1,UNL,A,3.95,TRUE,Carboxylate,"44,364,437","(27.4195, 47.9375, 46.8445)","(29.932, 50.16233333333334, 48.93233333333333)"
$3upi,CHEMBL1142030,CHEMBL180188,6,$selected UNL:A:1,,,,,,,,
386,ARG,A,"296,029,622,963",1,UNL,A,4.71,TRUE,Carboxylate,"44,354,436","(26.3215, 49.6035, 45.9615)","(29.932, 50.16233333333334, 48.93233333333333)"
386,ARG,A,"296,029,622,963",1,UNL,A,5.19,TRUE,Carboxylate,"44,364,437","(26.322, 46.807500000000005, 47.317)","(29.932, 50.16233333333334, 48.93233333333333)"
$3upi,CHEMBL1142030,CHEMBL180188,9,$selected UNL:A:1,,,,,,,,
394,ARG,A,"302,030,223,023",1,UNL,A,4.77,TRUE,Carboxylate,"44,364,437","(25.5265, 51.6545, 41.454499999999996)","(27.522000000000002, 55.27866666666667, 43.827)"
$3upi,CHEMBL1142030,CHEMBL433580,5,$selected UNL:A:1,,,,,,,,
386,ARG,A,"296,029,622,963",1,UNL,A,4.16,TRUE,Carboxylate,"44,364,437","(27.500500000000002, 48.453, 46.022000000000006)","(29.932, 50.16233333333334, 48.93233333333333)"
$3upi,CHEMBL1142030,CHEMBL362796,4,$selected UNL:A:1,,,,,,,,
386,ARG,A,"296,029,622,963",1,UNL,A,4.06,TRUE,Carboxylate,"44,364,437","(27.498, 47.846000000000004, 46.6575)","(29.932, 50.16233333333334, 48.93233333333333)"
$3upi,CHEMBL1142030,CHEMBL362796,8,$selected UNL:A:1,,,,,,,,
386,ARG,A,"296,029,622,963",1,UNL,A,4.18,TRUE,Carboxylate,"44,364,437","(28.177500000000002, 48.162000000000006, 45.705)","(29.932, 50.16233333333334, 48.93233333333333)"
$3upi,CHEMBL1142030,CHEMBL180619,4,$selected UNL:A:1,,,,,,,,
386,ARG,A,"296,029,622,963",1,UNL,A,5.27,TRUE,Carboxylate,"44,344,435","(25.913, 50.087, 45.521)","(29.932, 50.16233333333334, 48.93233333333333)"
386,ARG,A,"296,029,622,963",1,UNL,A,5.05,TRUE,Carboxylate,"44,364,437","(28.168999999999997, 48.724000000000004, 44.421499999999995)","(29.932, 50.16233333333334, 48.93233333333333)"
$3upi,CHEMBL1142030,CHEMBL180619,5,$selected UNL:A:1,,,,,,,,
386,ARG,A,"296,029,622,963",1,UNL,A,4.56,TRUE,Carboxylate,"44,344,435","(28.162, 47.101, 46.0505)","(29.932, 50.16233333333334, 48.93233333333333)"
386,ARG,A,"296,029,622,963",1,UNL,A,4.74,TRUE,Carboxylate,"44,354,436","(25.9015, 48.092, 47.539)","(29.932, 50.16233333333334, 48.93233333333333)"
$3upi,CHEMBL1142030,CHEMBL413358,4,$selected UNL:A:1,,,,,,,,
386,ARG,A,"296,029,622,963",1,UNL,A,4.01,TRUE,Carboxylate,"44,364,437","(26.405, 48.7185, 47.697)","(29.932, 50.16233333333334, 48.93233333333333)"
$3upi,CHEMBL1142030,CHEMBL181308,2,$selected UNL:A:1,,,,,,,,
386,ARG,A,"296,029,622,963",1,UNL,A,5.02,TRUE,Carboxylate,"44,364,437","(27.2375, 47.232, 45.870999999999995)","(29.932, 50.16233333333334, 48.93233333333333)"
$3upi,CHEMBL1142030,CHEMBL181634,8,$selected UNL:A:1,,,,,,,,
394,ARG,A,"302,030,223,023",1,UNL,A,4.77,TRUE,Carboxylate,"44,344,435","(24.745, 51.397999999999996, 43.673)","(27.522000000000002, 55.27866666666667, 43.827)"
$3upi,CHEMBL1142030,CHEMBL180188,7,$selected UNL:A:1,,,,,,,,
386,ARG,A,"296,029,622,963",1,UNL,A,4.97,TRUE,Carboxylate,"44,364,437","(27.1715, 50.4335, 44.813500000000005)","(29.932, 50.16233333333334, 48.93233333333333)"
394,ARG,A,"302,030,223,023",1,UNL,A,4.96,TRUE,Carboxylate,"44,364,437","(27.1715, 50.4335, 44.813500000000005)","(27.522000000000002, 55.27866666666667, 43.827)"
$3upi,CHEMBL1142030,CHEMBL360800,4,$selected UNL:A:1,,,,,,,,
386,ARG,A,"296,029,622,963",1,UNL,A,4.76,TRUE,Carboxylate,"44,384,439","(26.685000000000002, 48.3785, 45.937)","(29.932, 50.16233333333334, 48.93233333333333)"
$3upi,CHEMBL1142030,CHEMBL360800,5,$selected UNL:A:1,,,,,,,,
200,ARG,A,"153,115,331,534",1,UNL,A,3.83,TRUE,Carboxylate,"44,394,440","(25.8145, 40.38249999999999, 45.459)","(28.38233333333333, 37.775, 46.58733333333333)"
$3upi,CHEMBL1142030,CHEMBL360800,9,$selected UNL:A:1,,,,,,,,
386,ARG,A,"296,029,622,963",1,UNL,A,5.35,TRUE,Carboxylate,"44,384,439","(27.930999999999997, 46.829, 45.257999999999996)","(29.932, 50.16233333333334, 48.93233333333333)"
$3upi,CHEMBL1142030,CHEMBL180619,4,$selected UNL:A:1,,,,,,,,
386,ARG,A,"296,029,622,963",1,UNL,A,5.28,TRUE,Carboxylate,"44,364,437","(26.0755, 47.5525, 46.436)","(29.932, 50.16233333333334, 48.93233333333333)"
$3upi,CHEMBL1142030,CHEMBL180619,5,$selected UNL:A:1,,,,,,,,
386,ARG,A,"296,029,622,963",1,UNL,A,4.15,TRUE,Carboxylate,"44,354,436","(27.384999999999998, 47.775999999999996, 46.6895)","(29.932, 50.16233333333334, 48.93233333333333)"
$3upi,CHEMBL1142030,CHEMBL369789,2,$selected UNL:A:1,,,,,,,,
386,ARG,A,"296,029,622,963",1,UNL,A,4.75,TRUE,Carboxylate,"44,384,439","(26.259500000000003, 49.2565, 46.067499999999995)","(29.932, 50.16233333333334, 48.93233333333333)"
$3upi,CHEMBL1142030,CHEMBL413358,3,$selected UNL:A:1,,,,,,,,
386,ARG,A,"296,029,622,963",1,UNL,A,4.05,TRUE,Carboxylate,"44,364,437","(26.375, 48.7235, 47.621)","(29.932, 50.16233333333334, 48.93233333333333)"
$3upi,CHEMBL1142030,CHEMBL413358,6,$selected UNL:A:1,,,,,,,,
386,ARG,A,"296,029,622,963",1,UNL,A,4.47,TRUE,Carboxylate,"44,364,437","(27.366, 47.272499999999994, 46.681)","(29.932, 50.16233333333334, 48.93233333333333)"
$3upi,CHEMBL1142030,CHEMBL413358,9,$selected UNL:A:1,,,,,,,,
394,ARG,A,"302,030,223,023",1,UNL,A,5.02,TRUE,Carboxylate,"44,364,437","(27.442999999999998, 50.2815, 43.319)","(27.522000000000002, 55.27866666666667, 43.827)"
$3upi,CHEMBL1142030,CHEMBL433580,7,$selected UNL:A:1,,,,,,,,
386,ARG,A,"296,029,622,963",1,UNL,A,5,TRUE,Carboxylate,"44,354,436","(26.213, 49.5705, 45.6495)","(29.932, 50.16233333333334, 48.93233333333333)"
386,ARG,A,"296,029,622,963",1,UNL,A,5.12,TRUE,Carboxylate,"44,364,437","(26.416, 46.867000000000004, 47.198499999999996)","(29.932, 50.16233333333334, 48.93233333333333)"
$3upi,CHEMBL1142030,CHEMBL180619,8,$selected UNL:A:1,,,,,,,,
394,ARG,A,"302,030,223,023",1,UNL,A,5.3,TRUE,Carboxylate,"44,354,436","(26.734499999999997, 50.058499999999995, 43.3175)","(27.522000000000002, 55.27866666666667, 43.827)"
$3upi,CHEMBL1142030,CHEMBL360800,3,$selected UNL:A:1,,,,,,,,
386,ARG,A,"296,029,622,963",1,UNL,A,4.53,TRUE,Carboxylate,"44,384,439","(26.5235, 49.4025, 46.0485)","(29.932, 50.16233333333334, 48.93233333333333)"
$3upi,CHEMBL1142030,CHEMBL433580,4,$selected UNL:A:1,,,,,,,,
386,ARG,A,"296,029,622,963",1,UNL,A,4.05,TRUE,Carboxylate,"44,364,437","(27.4735, 47.8585, 46.68)","(29.932, 50.16233333333334, 48.93233333333333)"
$3upi,CHEMBL1142030,CHEMBL433580,6,$selected UNL:A:1,,,,,,,,
394,ARG,A,"302,030,223,023",1,UNL,A,5.28,TRUE,Carboxylate,"44,364,437","(26.677500000000002, 50.081500000000005, 43.457)","(27.522000000000002, 55.27866666666667, 43.827)"
$3upi,CHEMBL1142030,CHEMBL433580,9,$selected UNL:A:1,,,,,,,,
386,ARG,A,"296,029,622,963",1,UNL,A,4.61,TRUE,Carboxylate,"44,364,437","(25.9115, 48.656000000000006, 47.2505)","(29.932, 50.16233333333334, 48.93233333333333)"
$3upi,CHEMBL1142030,CHEMBL180619,6,$selected UNL:A:1,,,,,,,,
386,ARG,A,"296,029,622,963",1,UNL,A,4.71,TRUE,Carboxylate,"44,364,437","(27.5805, 50.129999999999995, 44.847)","(29.932, 50.16233333333334, 48.93233333333333)"
394,ARG,A,"302,030,223,023",1,UNL,A,5.25,TRUE,Carboxylate,"44,364,437","(27.5805, 50.129999999999995, 44.847)","(27.522000000000002, 55.27866666666667, 43.827)"
$3upi,CHEMBL1142030,CHEMBL180188,4,$selected UNL:A:1,,,,,,,,
386,ARG,A,"296,029,622,963",1,UNL,A,5.19,TRUE,Carboxylate,"44,354,436","(25.804499999999997, 49.935500000000005, 45.792)","(29.932, 50.16233333333334, 48.93233333333333)"
$3upi,CHEMBL1142030,CHEMBL360800,4,$selected UNL:A:1,,,,,,,,
200,ARG,A,"153,115,331,534",1,UNL,A,3.79,TRUE,Carboxylate,"44,394,440","(25.860500000000002, 40.424, 45.611000000000004)","(28.38233333333333, 37.775, 46.58733333333333)"
$3upi,CHEMBL1142030,CHEMBL360800,5,$selected UNL:A:1,,,,,,,,
386,ARG,A,"296,029,622,963",1,UNL,A,4.65,TRUE,Carboxylate,"44,384,439","(26.323500000000003, 49.485, 46.081)","(29.932, 50.16233333333334, 48.93233333333333)"
$3upi,CHEMBL1142030,CHEMBL360800,8,$selected UNL:A:1,,,,,,,,
386,ARG,A,"296,029,622,963",1,UNL,A,4.55,TRUE,Carboxylate,"44,384,439","(26.416, 49.5955, 46.099000000000004)","(29.932, 50.16233333333334, 48.93233333333333)"
$3upi,CHEMBL1142030,CHEMBL433580,8,$selected UNL:A:1,,,,,,,,
386,ARG,A,"296,029,622,963",1,UNL,A,4.7,TRUE,Carboxylate,"44,354,436","(26.509500000000003, 49.4165, 45.805)","(29.932, 50.16233333333334, 48.93233333333333)"
386,ARG,A,"296,029,622,963",1,UNL,A,5.26,TRUE,Carboxylate,"44,364,437","(26.5905, 46.525999999999996, 47.1145)","(29.932, 50.16233333333334, 48.93233333333333)"
$3upi,CHEMBL1142030,CHEMBL433580,9,$selected UNL:A:1,,,,,,,,
200,ARG,A,"153,115,331,534",1,UNL,A,5.31,TRUE,Carboxylate,"44,354,436","(27.3375, 42.8655, 45.491)","(28.38233333333333, 37.775, 46.58733333333333)"
$3upi,CHEMBL1142030,CHEMBL180188,3,$selected UNL:A:1,,,,,,,,
386,ARG,A,"296,029,622,963",1,UNL,A,4.78,TRUE,Carboxylate,"44,354,436","(26.118, 49.7755, 46.08)","(29.932, 50.16233333333334, 48.93233333333333)"
394,ARG,A,"302,030,223,023",1,UNL,A,4.71,TRUE,Carboxylate,"44,364,437","(25.444, 51.073499999999996, 43.430499999999995)","(27.522000000000002, 55.27866666666667, 43.827)"
$3upi,CHEMBL1142030,CHEMBL180188,5,$selected UNL:A:1,,,,,,,,
386,ARG,A,"296,029,622,963",1,UNL,A,4.37,TRUE,Carboxylate,"44,354,436","(28.0915, 47.5565, 45.951499999999996)","(29.932, 50.16233333333334, 48.93233333333333)"
$3upi,CHEMBL1142030,CHEMBL180188,9,$selected UNL:A:1,,,,,,,,
386,ARG,A,"296,029,622,963",1,UNL,A,4.19,TRUE,Carboxylate,"44,354,436","(26.8515, 49.9795, 46.099000000000004)","(29.932, 50.16233333333334, 48.93233333333333)"
$3upi,CHEMBL1142030,CHEMBL360800,3,$selected UNL:A:1,,,,,,,,
386,ARG,A,"296,029,622,963",1,UNL,A,4.5,TRUE,Carboxylate,"44,384,439","(26.538, 49.4765, 46.061)","(29.932, 50.16233333333334, 48.93233333333333)"
$3upi,CHEMBL1142030,CHEMBL360800,5,$selected UNL:A:1,,,,,,,,
386,ARG,A,"296,029,622,963",1,UNL,A,4.8,TRUE,Carboxylate,"44,384,439","(26.686999999999998, 48.352000000000004, 45.89149999999999)","(29.932, 50.16233333333334, 48.93233333333333)"
$3upi,CHEMBL1142030,CHEMBL433580,5,$selected UNL:A:1,,,,,,,,
386,ARG,A,"296,029,622,963",1,UNL,A,4.07,TRUE,Carboxylate,"44,364,437","(27.474, 47.8505, 46.655)","(29.932, 50.16233333333334, 48.93233333333333)"
$3upi,CHEMBL1142030,CHEMBL360800,2,$selected UNL:A:1,,,,,,,,
386,ARG,A,"296,029,622,963",1,UNL,A,4.65,TRUE,Carboxylate,"44,384,439","(26.457, 49.465500000000006, 45.9215)","(29.932, 50.16233333333334, 48.93233333333333)"
$3upi,CHEMBL1142030,CHEMBL360800,5,$selected UNL:A:1,,,,,,,,
386,ARG,A,"296,029,622,963",1,UNL,A,5.04,TRUE,Carboxylate,"44,384,439","(28.073, 46.731, 45.75)","(29.932, 50.16233333333334, 48.93233333333333)"
$3upi,CHEMBL1142030,CHEMBL180188,5,$selected UNL:A:1,,,,,,,,
386,ARG,A,"296,029,622,963",1,UNL,A,4.81,TRUE,Carboxylate,"44,364,437","(27.3485, 49.801500000000004, 44.885999999999996)","(29.932, 50.16233333333334, 48.93233333333333)"
$3upi,CHEMBL1142030,CHEMBL180188,6,$selected UNL:A:1,,,,,,,,
386,ARG,A,"296,029,622,963",1,UNL,A,5.1,TRUE,Carboxylate,"44,364,437","(26.247500000000002, 47.022499999999994, 47.334500000000006)","(29.932, 50.16233333333334, 48.93233333333333)"
$3upi,CHEMBL1142030,CHEMBL360800,3,$selected UNL:A:1,,,,,,,,
386,ARG,A,"296,029,622,963",1,UNL,A,4.93,TRUE,Carboxylate,"44,384,439","(26.661, 48.185, 45.819500000000005)","(29.932, 50.16233333333334, 48.93233333333333)"
$3upi,CHEMBL1142030,CHEMBL180188,6,$selected UNL:A:1,,,,,,,,
386,ARG,A,"296,029,622,963",1,UNL,A,3.93,TRUE,Carboxylate,"44,364,437","(27.2555, 48.0195, 47.0065)","(29.932, 50.16233333333334, 48.93233333333333)"
$3upi,CHEMBL1142030,CHEMBL180188,9,$selected UNL:A:1,,,,,,,,
386,ARG,A,"296,029,622,963",1,UNL,A,5.05,TRUE,Carboxylate,"44,364,437","(27.022, 50.491, 44.814)","(29.932, 50.16233333333334, 48.93233333333333)"
394,ARG,A,"302,030,223,023",1,UNL,A,4.91,TRUE,Carboxylate,"44,364,437","(27.022, 50.491, 44.814)","(27.522000000000002, 55.27866666666667, 43.827)"
$3upi,CHEMBL1148625,CHEMBL180974,4,$selected UNL:A:1,,,,,,,,
319,ASP,A,"24,572,458",1,UNL,A,5.28,FALSE,Tertamine,4408,"(28.084, 43.811, 41.898)","(32.78, 41.7705, 43.195)"
$3upi,CHEMBL1148625,CHEMBL180974,5,$selected UNL:A:1,,,,,,,,
319,ASP,A,"24,572,458",1,UNL,A,5.19,FALSE,Tertamine,4408,"(28.317, 43.751, 41.43)","(32.78, 41.7705, 43.195)"
$3upi,CHEMBL1148625,CHEMBL180974,7,$selected UNL:A:1,,,,,,,,
319,ASP,A,"24,572,458",1,UNL,A,5.33,FALSE,Tertamine,4408,"(28.569, 44.257, 41.064)","(32.78, 41.7705, 43.195)"
$3upi,CHEMBL1148625,CHEMBL203426,2,$selected UNL:A:1,,,,,,,,
319,ASP,A,"24,572,458",1,UNL,A,5.45,FALSE,Tertamine,4408,"(27.929, 43.909, 41.918)","(32.78, 41.7705, 43.195)"
$3upi,CHEMBL1148625,CHEMBL202449,4,$selected UNL:A:1,,,,,,,,
319,ASP,A,"24,572,458",1,UNL,A,5.06,FALSE,Tertamine,4408,"(28.469, 44.317, 42.438)","(32.78, 41.7705, 43.195)"
$3upi,CHEMBL1148625,CHEMBL202448,8,$selected UNL:A:1,,,,,,,,
319,ASP,A,"24,572,458",1,UNL,A,5.41,FALSE,Tertamine,4408,"(28.041, 44.032, 41.882)","(32.78, 41.7705, 43.195)"
$3upi,CHEMBL1148625,CHEMBL202304,5,$selected UNL:A:1,,,,,,,,
319,ASP,A,"24,572,458",1,UNL,A,5.11,FALSE,Tertamine,4408,"(28.458, 44.396, 42.428)","(32.78, 41.7705, 43.195)"
318,ASP,A,"24,492,450",1,UNL,A,4.44,FALSE,Tertamine,4411,"(30.442, 45.483, 40.193)","(33.074, 43.9295, 36.9755)"
319,ASP,A,"24,572,458",1,UNL,A,5.32,FALSE,Tertamine,4411,"(30.442, 45.483, 40.193)","(32.78, 41.7705, 43.195)"
$3upi,CHEMBL1148625,CHEMBL202304,6,$selected UNL:A:1,,,,,,,,
318,ASP,A,"24,492,450",1,UNL,A,4.36,FALSE,Tertamine,4411,"(30.577, 45.582, 40.15)","(33.074, 43.9295, 36.9755)"
319,ASP,A,"24,572,458",1,UNL,A,5.35,FALSE,Tertamine,4411,"(30.577, 45.582, 40.15)","(32.78, 41.7705, 43.195)"
$3upi,CHEMBL1148625,CHEMBL383170,4,$selected UNL:A:1,,,,,,,,
319,ASP,A,"24,572,458",1,UNL,A,5.36,FALSE,Tertamine,4408,"(28.042, 43.904, 41.898)","(32.78, 41.7705, 43.195)"
$3upi,CHEMBL1148625,CHEMBL201722,1,$selected UNL:A:1,,,,,,,,
143,GLU,A,"11,221,123",1,UNL,A,4,FALSE,Tertamine,4411,"(26.005, 51.623, 38.763)","(28.439999999999998, 54.795500000000004, 38.671499999999995)"
$3upi,CHEMBL1148625,CHEMBL201722,2,$selected UNL:A:1,,,,,,,,
143,GLU,A,"11,221,123",1,UNL,A,3.75,FALSE,Tertamine,4411,"(26.901, 51.402, 39.083)","(28.439999999999998, 54.795500000000004, 38.671499999999995)"
$3upi,CHEMBL1148625,CHEMBL201722,3,$selected UNL:A:1,,,,,,,,
143,GLU,A,"11,221,123",1,UNL,A,3.95,FALSE,Tertamine,4411,"(26.459, 51.381, 38.884)","(28.439999999999998, 54.795500000000004, 38.671499999999995)"
$3upi,CHEMBL1148625,CHEMBL201722,8,$selected UNL:A:1,,,,,,,,
200,ARG,A,"153,115,331,534",1,UNL,A,5.03,TRUE,Carboxylate,"44,364,438","(25.857, 41.75, 44.8285)","(28.38233333333333, 37.775, 46.58733333333333)"
143,GLU,A,"11,221,123",1,UNL,A,4.23,FALSE,Tertamine,4411,"(25.587, 51.684, 38.848)","(28.439999999999998, 54.795500000000004, 38.671499999999995)"
$3upi,CHEMBL1148625,CHEMBL202587,4,$selected UNL:A:1,,,,,,,,
319,ASP,A,"24,572,458",1,UNL,A,5.42,FALSE,Tertamine,4408,"(28.001, 44.085, 42.084)","(32.78, 41.7705, 43.195)"
$3upi,CHEMBL1148625,CHEMBL202587,5,$selected UNL:A:1,,,,,,,,
200,ARG,A,"153,115,331,534",1,UNL,A,5.03,TRUE,Carboxylate,"44,354,436","(26.7745, 42.215, 44.865)","(28.38233333333333, 37.775, 46.58733333333333)"
$3upi,CHEMBL1148625,CHEMBL201912,1,$selected UNL:A:1,,,,,,,,
200,ARG,A,"153,115,331,534",1,UNL,A,4.53,TRUE,Carboxylate,"44,384,439","(26.1755, 41.7355, 46.6005)","(28.38233333333333, 37.775, 46.58733333333333)"
$3upi,CHEMBL1148625,CHEMBL201912,4,$selected UNL:A:1,,,,,,,,
200,ARG,A,"153,115,331,534",1,UNL,A,4.82,TRUE,Carboxylate,"44,384,439","(24.993499999999997, 41.031000000000006, 45.5095)","(28.38233333333333, 37.775, 46.58733333333333)"
$3upi,CHEMBL1148625,CHEMBL201912,5,$selected UNL:A:1,,,,,,,,
200,ARG,A,"153,115,331,534",1,UNL,A,4.78,TRUE,Carboxylate,"44,384,439","(25.025, 41.056, 45.691500000000005)","(28.38233333333333, 37.775, 46.58733333333333)"
$3upi,CHEMBL1148625,CHEMBL201912,7,$selected UNL:A:1,,,,,,,,
200,ARG,A,"153,115,331,534",1,UNL,A,5.31,TRUE,Carboxylate,"44,384,439","(25.403, 41.72, 44.6575)","(28.38233333333333, 37.775, 46.58733333333333)"
$3upi,CHEMBL1148625,CHEMBL377721,9,$selected UNL:A:1,,,,,,,,
318,ASP,A,"24,492,450",1,UNL,A,4.36,FALSE,Tertamine,4411,"(30.999, 47.112, 39.113)","(33.074, 43.9295, 36.9755)"
$3upi,CHEMBL1148625,CHEMBL202261,3,$selected UNL:A:1,,,,,,,,
319,ASP,A,"24,572,458",1,UNL,A,5.29,FALSE,Tertamine,4410,"(27.966, 43.841, 42.457)","(32.78, 41.7705, 43.195)"
$3upi,CHEMBL1148625,CHEMBL202261,4,$selected UNL:A:1,,,,,,,,
319,ASP,A,"24,572,458",1,UNL,A,5.13,FALSE,Sulfonium,4437,"(28.534, 44.185, 41.641)","(32.78, 41.7705, 43.195)"
$3upi,CHEMBL1148625,CHEMBL202261,6,$selected UNL:A:1,,,,,,,,
319,ASP,A,"24,572,458",1,UNL,A,5.41,FALSE,Sulfonium,4437,"(29.208, 45.321, 41.233)","(32.78, 41.7705, 43.195)"
$3upi,CHEMBL1148625,CHEMBL202261,9,$selected UNL:A:1,,,,,,,,
318,ASP,A,"24,492,450",1,UNL,A,5.4,FALSE,Sulfonium,4437,"(27.874, 44.684, 38.208)","(33.074, 43.9295, 36.9755)"
$3upi,CHEMBL1148625,CHEMBL202326,2,$selected UNL:A:1,,,,,,,,
319,ASP,A,"24,572,458",1,UNL,A,5.39,FALSE,Tertamine,4410,"(27.895, 44.023, 42.906)","(32.78, 41.7705, 43.195)"
$3upi,CHEMBL1148625,CHEMBL202326,6,$selected UNL:A:1,,,,,,,,
319,ASP,A,"24,572,458",1,UNL,A,5.39,FALSE,Sulfonium,4437,"(29.75, 46.227, 42.985)","(32.78, 41.7705, 43.195)"
$3upi,CHEMBL1148625,CHEMBL202326,8,$selected UNL:A:1,,,,,,,,
319,ASP,A,"24,572,458",1,UNL,A,5.25,FALSE,Tertamine,4410,"(27.98, 43.87, 42.812)","(32.78, 41.7705, 43.195)"
$3upi,CHEMBL1148625,CHEMBL202005,2,$selected UNL:A:1,,,,,,,,
143,GLU,A,"11,221,123",1,UNL,A,5.12,FALSE,Sulfonium,4445,"(29.116, 50.953, 41.987)","(28.439999999999998, 54.795500000000004, 38.671499999999995)"
$3upi,CHEMBL1148625,CHEMBL202005,4,$selected UNL:A:1,,,,,,,,
143,GLU,A,"11,221,123",1,UNL,A,5.2,FALSE,Sulfonium,4445,"(29.796, 50.566, 41.382)","(28.439999999999998, 54.795500000000004, 38.671499999999995)"
$3upi,CHEMBL1148625,CHEMBL439333,4,$selected UNL:A:1,,,,,,,,
143,GLU,A,"11,221,123",1,UNL,A,5.14,FALSE,Sulfonium,4444,"(28.794, 50.753, 41.828)","(28.439999999999998, 54.795500000000004, 38.671499999999995)"
$3upi,CHEMBL1148625,CHEMBL439333,8,$selected UNL:A:1,,,,,,,,
318,ASP,A,"24,492,450",1,UNL,A,5.33,FALSE,Sulfonium,4444,"(30.284, 46.03, 40.996)","(33.074, 43.9295, 36.9755)"
319,ASP,A,"24,572,458",1,UNL,A,5.4,FALSE,Sulfonium,4444,"(30.284, 46.03, 40.996)","(32.78, 41.7705, 43.195)"
$3upi,CHEMBL1148625,CHEMBL202310,3,$selected UNL:A:1,,,,,,,,
200,ARG,A,"153,115,331,534",1,UNL,A,5.49,TRUE,Carboxylate,"44,414,440","(25.8555, 42.477999999999994, 45.324)","(28.38233333333333, 37.775, 46.58733333333333)"
$3upi,CHEMBL1148625,CHEMBL202310,6,$selected UNL:A:1,,,,,,,,
200,ARG,A,"153,115,331,534",1,UNL,A,5.36,TRUE,Carboxylate,"44,414,440","(26.0395, 42.588499999999996, 46.747)","(28.38233333333333, 37.775, 46.58733333333333)"
$3upi,CHEMBL1148625,CHEMBL425221,3,$selected UNL:A:1,,,,,,,,
386,ARG,A,"296,029,622,963",1,UNL,A,4.42,TRUE,Carboxylate,"44,384,439","(28.0615, 48.178, 45.4585)","(29.932, 50.16233333333334, 48.93233333333333)"
$3upi,CHEMBL1148625,CHEMBL425221,8,$selected UNL:A:1,,,,,,,,
386,ARG,A,"296,029,622,963",1,UNL,A,4.82,TRUE,Carboxylate,"44,384,439","(29.570999999999998, 49.5635, 44.167500000000004)","(29.932, 50.16233333333334, 48.93233333333333)"
319,ASP,A,"24,572,458",1,UNL,A,5.15,FALSE,Tertamine,4408,"(28.367, 44.257, 42.244)","(32.78, 41.7705, 43.195)"
$3upi,CHEMBL1148625,CHEMBL380686,5,$selected UNL:A:1,,,,,,,,
318,ASP,A,"24,492,450",1,UNL,A,4.21,FALSE,Tertamine,4411,"(29.051, 43.152, 37.923)","(33.074, 43.9295, 36.9755)"
$3upi,CHEMBL1148625,CHEMBL201690,8,$selected UNL:A:1,,,,,,,,
143,GLU,A,"11,221,123",1,UNL,A,4.05,FALSE,Tertamine,4411,"(29.317, 52.12, 41.582)","(28.439999999999998, 54.795500000000004, 38.671499999999995)"
$3upi,CHEMBL1148625,CHEMBL201034,6,$selected UNL:A:1,,,,,,,,
319,ASP,A,"24,572,458",1,UNL,A,5.43,FALSE,Tertamine,4408,"(27.986, 43.916, 41.818)","(32.78, 41.7705, 43.195)"
$3upi,CHEMBL1148625,CHEMBL202407,9,$selected UNL:A:1,,,,,,,,
319,ASP,A,"24,572,458",1,UNL,A,5.3,FALSE,Tertamine,4408,"(28.094, 43.932, 41.972)","(32.78, 41.7705, 43.195)"
$3upi,CHEMBL1148625,CHEMBL383449,1,$selected UNL:A:1,,,,,,,,
200,ARG,A,"153,115,331,534",1,UNL,A,5.23,TRUE,Carboxylate,"44,384,439","(24.6415, 41.391000000000005, 46.0595)","(28.38233333333333, 37.775, 46.58733333333333)"
$3upi,CHEMBL1148625,CHEMBL383449,3,$selected UNL:A:1,,,,,,,,
386,ARG,A,"296,029,622,963",1,UNL,A,3.84,TRUE,Carboxylate,"44,384,439","(28.181, 48.435500000000005, 45.985)","(29.932, 50.16233333333334, 48.93233333333333)"
$3upi,CHEMBL1148625,CHEMBL383449,4,$selected UNL:A:1,,,,,,,,
200,ARG,A,"153,115,331,534",1,UNL,A,5.28,TRUE,Carboxylate,"44,384,439","(26.7785, 42.68, 45.483000000000004)","(28.38233333333333, 37.775, 46.58733333333333)"
$3upi,CHEMBL1148625,CHEMBL383449,7,$selected UNL:A:1,,,,,,,,
386,ARG,A,"296,029,622,963",1,UNL,A,3.45,TRUE,Carboxylate,"44,384,439","(27.8765, 48.869, 46.4845)","(29.932, 50.16233333333334, 48.93233333333333)"
$3upi,CHEMBL1148625,CHEMBL426302,5,$selected UNL:A:1,,,,,,,,
319,ASP,A,"24,572,458",1,UNL,A,5.33,FALSE,Tertamine,4408,"(28.057, 43.869, 41.908)","(32.78, 41.7705, 43.195)"
$3upi,CHEMBL1148625,CHEMBL378164,9,$selected UNL:A:1,,,,,,,,
319,ASP,A,"24,572,458",1,UNL,A,5.28,FALSE,Tertamine,4408,"(28.112, 43.948, 42.055)","(32.78, 41.7705, 43.195)"
$3upi,CHEMBL1148625,CHEMBL201769,5,$selected UNL:A:1,,,,,,,,
319,ASP,A,"24,572,458",1,UNL,A,5.27,FALSE,Tertamine,4408,"(28.12, 43.925, 41.988)","(32.78, 41.7705, 43.195)"
$3upi,CHEMBL1148625,CHEMBL201601,4,$selected UNL:A:1,,,,,,,,
319,ASP,A,"24,572,458",1,UNL,A,5.27,FALSE,Tertamine,4410,"(27.847, 43.005, 41.818)","(32.78, 41.7705, 43.195)"
$3upi,CHEMBL1148625,CHEMBL201601,7,$selected UNL:A:1,,,,,,,,
319,ASP,A,"24,572,458",1,UNL,A,5.35,FALSE,Tertamine,4410,"(27.912, 43.996, 43.113)","(32.78, 41.7705, 43.195)"
$3upi,CHEMBL1148625,CHEMBL201406,5,$selected UNL:A:1,,,,,,,,
319,ASP,A,"24,572,458",1,UNL,A,5.37,FALSE,Tertamine,4410,"(27.89, 44.0, 43.238)","(32.78, 41.7705, 43.195)"
$3upi,CHEMBL1148625,CHEMBL201600,4,$selected UNL:A:1,,,,,,,,
319,ASP,A,"24,572,458",1,UNL,A,5.3,FALSE,Tertamine,4408,"(28.133, 44.081, 42.125)","(32.78, 41.7705, 43.195)"
$3upi,CHEMBL1148625,CHEMBL201603,4,$selected UNL:A:1,,,,,,,,
319,ASP,A,"24,572,458",1,UNL,A,5.44,FALSE,Tertamine,4408,"(28.173, 44.465, 42.127)","(32.78, 41.7705, 43.195)"
$3upi,CHEMBL1148625,CHEMBL202375,5,$selected UNL:A:1,,,,,,,,
319,ASP,A,"24,572,458",1,UNL,A,5.45,FALSE,Tertamine,4408,"(27.988, 43.761, 41.533)","(32.78, 41.7705, 43.195)"
$3upi,CHEMBL1148625,CHEMBL201457,9,$selected UNL:A:1,,,,,,,,
319,ASP,A,"24,572,458",1,UNL,A,5.49,FALSE,Tertamine,4408,"(27.855, 43.76, 41.804)","(32.78, 41.7705, 43.195)"
$3upi,CHEMBL1148625,CHEMBL370203,2,$selected UNL:A:1,,,,,,,,
200,ARG,A,"153,115,331,534",1,UNL,A,5.19,TRUE,Carboxylate,"44,344,432","(25.933999999999997, 42.207, 45.430499999999995)","(28.38233333333333, 37.775, 46.58733333333333)"
$3upi,CHEMBL1148625,CHEMBL370203,5,$selected UNL:A:1,,,,,,,,
200,ARG,A,"153,115,331,534",1,UNL,A,5.18,TRUE,Carboxylate,"44,344,432","(25.963, 42.213499999999996, 45.457)","(28.38233333333333, 37.775, 46.58733333333333)"
$3upi,CHEMBL1148625,CHEMBL370203,7,$selected UNL:A:1,,,,,,,,
319,ASP,A,"24,572,458",1,UNL,A,5.1,FALSE,Tertamine,4408,"(28.356, 43.651, 41.496)","(32.78, 41.7705, 43.195)"
$3upi,CHEMBL1148625,CHEMBL201337,1,$selected UNL:A:1,,,,,,,,
319,ASP,A,"24,572,458",1,UNL,A,4.2,FALSE,Tertamine,4411,"(29.544, 43.931, 41.614)","(32.78, 41.7705, 43.195)"
$3upi,CHEMBL1148625,CHEMBL201337,6,$selected UNL:A:1,,,,,,,,
318,ASP,A,"24,492,450",1,UNL,A,5.32,FALSE,Tertamine,4411,"(28.664, 43.898, 39.948)","(33.074, 43.9295, 36.9755)"
$3upi,CHEMBL1148625,CHEMBL202514,6,$selected UNL:A:1,,,,,,,,
319,ASP,A,"24,572,458",1,UNL,A,5.22,FALSE,Tertamine,4408,"(28.294, 44.323, 42.423)","(32.78, 41.7705, 43.195)"
$3upi,CHEMBL1148625,CHEMBL202514,8,$selected UNL:A:1,,,,,,,,
318,ASP,A,"24,492,450",1,UNL,A,5.45,FALSE,Tertamine,4411,"(29.024, 46.451, 39.609)","(33.074, 43.9295, 36.9755)"
$3upi,CHEMBL1148625,CHEMBL200985,6,$selected UNL:A:1,,,,,,,,
319,ASP,A,"24,572,458",1,UNL,A,5.22,FALSE,Tertamine,4408,"(29.03, 45.386, 42.887)","(32.78, 41.7705, 43.195)"
$3upi,CHEMBL1148625,CHEMBL200985,7,$selected UNL:A:1,,,,,,,,
319,ASP,A,"24,572,458",1,UNL,A,4.72,FALSE,Tertamine,4408,"(28.975, 44.117, 41.674)","(32.78, 41.7705, 43.195)"
318,ASP,A,"24,492,450",1,UNL,A,4.47,FALSE,Tertamine,4411,"(28.826, 43.397, 38.251)","(33.074, 43.9295, 36.9755)"
$3upi,CHEMBL1148625,CHEMBL201332,9,$selected UNL:A:1,,,,,,,,
319,ASP,A,"24,572,458",1,UNL,A,5.42,FALSE,Sulfonium,4439,"(29.852, 46.312, 42.776)","(32.78, 41.7705, 43.195)"
$3upi,CHEMBL1148625,CHEMBL381497,1,$selected UNL:A:1,,,,,,,,
200,ARG,A,"153,115,331,534",1,UNL,A,5.27,TRUE,Carboxylate,"44,374,435","(25.876, 42.305, 45.6165)","(28.38233333333333, 37.775, 46.58733333333333)"
318,ASP,A,"24,492,450",1,UNL,A,5.32,FALSE,Tertamine,4411,"(27.872, 42.998, 37.591)","(33.074, 43.9295, 36.9755)"
$3upi,CHEMBL1148625,CHEMBL381497,3,$selected UNL:A:1,,,,,,,,
318,ASP,A,"24,492,450",1,UNL,A,4.86,FALSE,Tertamine,4411,"(30.824, 44.989, 41.155)","(33.074, 43.9295, 36.9755)"
319,ASP,A,"24,572,458",1,UNL,A,4.28,FALSE,Tertamine,4411,"(30.824, 44.989, 41.155)","(32.78, 41.7705, 43.195)"
$3upi,CHEMBL1148625,CHEMBL381497,6,$selected UNL:A:1,,,,,,,,
318,ASP,A,"24,492,450",1,UNL,A,4.11,FALSE,Tertamine,4411,"(30.523, 44.985, 40.022)","(33.074, 43.9295, 36.9755)"
319,ASP,A,"24,572,458",1,UNL,A,5.05,FALSE,Tertamine,4411,"(30.523, 44.985, 40.022)","(32.78, 41.7705, 43.195)"
$3upi,CHEMBL1148625,CHEMBL381497,9,$selected UNL:A:1,,,,,,,,
143,GLU,A,"11,221,123",1,UNL,A,5.41,FALSE,Tertamine,4411,"(29.233, 50.371, 41.674)","(28.439999999999998, 54.795500000000004, 38.671499999999995)"
$3upi,CHEMBL1148625,CHEMBL201063,1,$selected UNL:A:1,,,,,,,,
319,ASP,A,"24,572,458",1,UNL,A,4.87,FALSE,Tertamine,4411,"(29.741, 45.561, 43.589)","(32.78, 41.7705, 43.195)"
$3upi,CHEMBL1148625,CHEMBL201063,4,$selected UNL:A:1,,,,,,,,
318,ASP,A,"24,492,450",1,UNL,A,5.48,FALSE,Tertamine,4411,"(27.778, 43.505, 38.305)","(33.074, 43.9295, 36.9755)"
$3upi,CHEMBL1148625,CHEMBL201063,5,$selected UNL:A:1,,,,,,,,
200,ARG,A,"153,115,331,534",1,UNL,A,5.26,TRUE,Carboxylate,"44,374,435","(26.021, 42.3775, 45.6135)","(28.38233333333333, 37.775, 46.58733333333333)"
$3upi,CHEMBL1148625,CHEMBL201063,8,$selected UNL:A:1,,,,,,,,
200,ARG,A,"153,115,331,534",1,UNL,A,5.14,TRUE,Carboxylate,"44,374,435","(25.884, 42.0905, 45.3515)","(28.38233333333333, 37.775, 46.58733333333333)"
$3upi,CHEMBL1148625,CHEMBL201231,2,$selected UNL:A:1,,,,,,,,
200,ARG,A,"153,115,331,534",1,UNL,A,5.27,TRUE,Carboxylate,"44,374,435","(25.9645, 42.329499999999996, 45.507999999999996)","(28.38233333333333, 37.775, 46.58733333333333)"
$3upi,CHEMBL1148625,CHEMBL201231,8,$selected UNL:A:1,,,,,,,,
200,ARG,A,"153,115,331,534",1,UNL,A,5.17,TRUE,Carboxylate,"44,374,435","(25.864, 42.114000000000004, 45.356)","(28.38233333333333, 37.775, 46.58733333333333)"
319,ASP,A,"24,572,458",1,UNL,A,4.72,FALSE,Tertamine,4411,"(29.638, 44.92, 41.618)","(32.78, 41.7705, 43.195)"
$3upi,CHEMBL1148625,CHEMBL202191,2,$selected UNL:A:1,,,,,,,,
319,ASP,A,"24,572,458",1,UNL,A,4.4,FALSE,Tertamine,4411,"(30.492, 45.525, 43.411)","(32.78, 41.7705, 43.195)"
$3upi,CHEMBL1148625,CHEMBL201088,6,$selected UNL:A:1,,,,,,,,
319,ASP,A,"24,572,458",1,UNL,A,5.23,FALSE,Tertamine,4408,"(28.253, 44.225, 42.289)","(32.78, 41.7705, 43.195)"
$3upi,CHEMBL1148625,CHEMBL201336,4,$selected UNL:A:1,,,,,,,,
319,ASP,A,"24,572,458",1,UNL,A,5.16,FALSE,Tertamine,4411,"(29.077, 44.893, 41.409)","(32.78, 41.7705, 43.195)"
$3upi,CHEMBL1148625,CHEMBL201336,8,$selected UNL:A:1,,,,,,,,
319,ASP,A,"24,572,458",1,UNL,A,4.63,FALSE,Tertamine,4411,"(30.936, 45.81, 41.875)","(32.78, 41.7705, 43.195)"
$3upi,CHEMBL1148625,CHEMBL201770,2,$selected UNL:A:1,,,,,,,,
200,ARG,A,"153,115,331,534",1,UNL,A,4.99,TRUE,Carboxylate,"44,334,431","(25.732, 41.736000000000004, 45.117000000000004)","(28.38233333333333, 37.775, 46.58733333333333)"
$3upi,CHEMBL1148625,CHEMBL201770,3,$selected UNL:A:1,,,,,,,,
200,ARG,A,"153,115,331,534",1,UNL,A,5.08,TRUE,Carboxylate,"44,334,431","(25.84, 41.9745, 45.281499999999994)","(28.38233333333333, 37.775, 46.58733333333333)"
$3upi,CHEMBL1148625,CHEMBL201770,8,$selected UNL:A:1,,,,,,,,
319,ASP,A,"24,572,458",1,UNL,A,5.18,FALSE,Tertamine,4408,"(28.307, 43.715, 41.455)","(32.78, 41.7705, 43.195)"
$3upi,CHEMBL1148625,CHEMBL383418,2,$selected UNL:A:1,,,,,,,,
200,ARG,A,"153,115,331,534",1,UNL,A,5.15,TRUE,Carboxylate,"44,344,432","(25.871000000000002, 42.072, 45.2805)","(28.38233333333333, 37.775, 46.58733333333333)"
$3upi,CHEMBL1148625,CHEMBL383418,8,$selected UNL:A:1,,,,,,,,
200,ARG,A,"153,115,331,534",1,UNL,A,5.16,TRUE,Carboxylate,"44,344,432","(25.942500000000003, 42.150999999999996, 45.3645)","(28.38233333333333, 37.775, 46.58733333333333)"
$3upi,CHEMBL1148625,CHEMBL201606,4,$selected UNL:A:1,,,,,,,,
200,ARG,A,"153,115,331,534",1,UNL,A,5.09,TRUE,Carboxylate,"44,334,435","(25.7515, 41.923500000000004, 45.248000000000005)","(28.38233333333333, 37.775, 46.58733333333333)"
$3upi,CHEMBL1148625,CHEMBL202606,6,$selected UNL:A:1,,,,,,,,
200,ARG,A,"153,115,331,534",1,UNL,A,5.11,TRUE,Carboxylate,"44,334,430","(25.819499999999998, 42.015, 45.3375)","(28.38233333333333, 37.775, 46.58733333333333)"
$3upi,CHEMBL1148625,CHEMBL201635,1,$selected UNL:A:1,,,,,,,,
318,ASP,A,"24,492,450",1,UNL,A,4.14,FALSE,Tertamine,4411,"(29.253, 43.203, 38.401)","(33.074, 43.9295, 36.9755)"
$3upi,CHEMBL1148625,CHEMBL201635,4,$selected UNL:A:1,,,,,,,,
318,ASP,A,"24,492,450",1,UNL,A,4.35,FALSE,Tertamine,4411,"(29.512, 43.278, 39.39)","(33.074, 43.9295, 36.9755)"
319,ASP,A,"24,572,458",1,UNL,A,5.24,FALSE,Tertamine,4411,"(29.512, 43.278, 39.39)","(32.78, 41.7705, 43.195)"
$3upi,CHEMBL1148625,CHEMBL201928,7,$selected UNL:A:1,,,,,,,,
318,ASP,A,"24,492,450",1,UNL,A,5.34,FALSE,Tertamine,4411,"(31.458, 45.228, 41.902)","(33.074, 43.9295, 36.9755)"
319,ASP,A,"24,572,458",1,UNL,A,3.92,FALSE,Tertamine,4411,"(31.458, 45.228, 41.902)","(32.78, 41.7705, 43.195)"
$3upi,CHEMBL1148625,CHEMBL201927,2,$selected UNL:A:1,,,,,,,,
200,ARG,A,"153,115,331,534",1,UNL,A,5.17,TRUE,Carboxylate,"44,334,431","(25.883499999999998, 42.143, 45.382999999999996)","(28.38233333333333, 37.775, 46.58733333333333)"
$3upi,CHEMBL1148625,CHEMBL201927,9,$selected UNL:A:1,,,,,,,,
319,ASP,A,"24,572,458",1,UNL,A,5.18,FALSE,Tertamine,4408,"(28.306, 43.718, 41.471)","(32.78, 41.7705, 43.195)"
$3upi,CHEMBL1148625,CHEMBL201040,2,$selected UNL:A:1,,,,,,,,
200,ARG,A,"153,115,331,534",1,UNL,A,5.15,TRUE,Carboxylate,"44,304,432","(25.8945, 42.122, 45.3805)","(28.38233333333333, 37.775, 46.58733333333333)"
$3upi,CHEMBL1148625,CHEMBL201040,3,$selected UNL:A:1,,,,,,,,
319,ASP,A,"24,572,458",1,UNL,A,5.29,FALSE,Tertamine,4408,"(28.096, 43.856, 41.9)","(32.78, 41.7705, 43.195)"
$3upi,CHEMBL1148625,CHEMBL201040,4,$selected UNL:A:1,,,,,,,,
319,ASP,A,"24,572,458",1,UNL,A,5.08,FALSE,Tertamine,4408,"(28.443, 43.821, 41.515)","(32.78, 41.7705, 43.195)"
$3upi,CHEMBL1148625,CHEMBL201360,6,$selected UNL:A:1,,,,,,,,
319,ASP,A,"24,572,458",1,UNL,A,5.26,FALSE,Tertamine,4408,"(28.117, 43.867, 41.966)","(32.78, 41.7705, 43.195)"
$3upi,CHEMBL1148625,CHEMBL201360,8,$selected UNL:A:1,,,,,,,,
319,ASP,A,"24,572,458",1,UNL,A,5.14,FALSE,Tertamine,4408,"(28.369, 43.768, 41.468)","(32.78, 41.7705, 43.195)"
$3upi,CHEMBL1148625,CHEMBL201360,9,$selected UNL:A:1,,,,,,,,
319,ASP,A,"24,572,458",1,UNL,A,5.29,FALSE,Tertamine,4408,"(28.651, 44.495, 41.31)","(32.78, 41.7705, 43.195)"
$3upi,CHEMBL1148625,CHEMBL381699,2,$selected UNL:A:1,,,,,,,,
200,ARG,A,"153,115,331,534",1,UNL,A,5.03,TRUE,Carboxylate,"44,304,432","(25.7335, 41.841499999999996, 45.254999999999995)","(28.38233333333333, 37.775, 46.58733333333333)"
$3upi,CHEMBL1148625,CHEMBL202325,1,$selected UNL:A:1,,,,,,,,
200,ARG,A,"153,115,331,534",1,UNL,A,5.13,TRUE,Carboxylate,"44,304,432","(25.851, 42.059, 45.3375)","(28.38233333333333, 37.775, 46.58733333333333)"
$3upi,CHEMBL1148625,CHEMBL202325,3,$selected UNL:A:1,,,,,,,,
200,ARG,A,"153,115,331,534",1,UNL,A,5.09,TRUE,Carboxylate,"44,304,432","(25.854, 41.9955, 45.278000000000006)","(28.38233333333333, 37.775, 46.58733333333333)"
$3upi,CHEMBL1148625,CHEMBL201456,8,$selected UNL:A:1,,,,,,,,
319,ASP,A,"24,572,458",1,UNL,A,5.34,FALSE,Tertamine,4408,"(28.6, 44.355, 41.11)","(32.78, 41.7705, 43.195)"
$3upi,CHEMBL1148625,CHEMBL201140,1,$selected UNL:A:1,,,,,,,,
200,ARG,A,"153,115,331,534",1,UNL,A,5.04,TRUE,Carboxylate,"44,344,432","(25.604, 41.714, 45.0985)","(28.38233333333333, 37.775, 46.58733333333333)"
$3upi,CHEMBL1148625,CHEMBL201140,5,$selected UNL:A:1,,,,,,,,
319,ASP,A,"24,572,458",1,UNL,A,5.21,FALSE,Tertamine,4408,"(28.141, 43.824, 42.012)","(32.78, 41.7705, 43.195)"
$3upi,CHEMBL1148625,CHEMBL201140,8,$selected UNL:A:1,,,,,,,,
319,ASP,A,"24,572,458",1,UNL,A,5.16,FALSE,Tertamine,4408,"(28.314, 43.736, 41.531)","(32.78, 41.7705, 43.195)"
$3upi,CHEMBL1148625,CHEMBL381310,1,$selected UNL:A:1,,,,,,,,
200,ARG,A,"153,115,331,534",1,UNL,A,5.01,TRUE,Carboxylate,"44,344,432","(25.604, 41.695, 45.155)","(28.38233333333333, 37.775, 46.58733333333333)"
$3upi,CHEMBL1148625,CHEMBL381310,7,$selected UNL:A:1,,,,,,,,
200,ARG,A,"153,115,331,534",1,UNL,A,5.28,TRUE,Carboxylate,"44,344,432","(26.051000000000002, 42.3925, 45.543)","(28.38233333333333, 37.775, 46.58733333333333)"
$3upi,CHEMBL1148625,CHEMBL201436,5,$selected UNL:A:1,,,,,,,,
319,ASP,A,"24,572,458",1,UNL,A,5.48,FALSE,Tertamine,4408,"(28.139, 43.993, 41.296)","(32.78, 41.7705, 43.195)"
$3upi,CHEMBL1148625,CHEMBL202079,1,$selected UNL:A:1,,,,,,,,
200,ARG,A,"153,115,331,534",1,UNL,A,5.15,TRUE,Carboxylate,"44,304,432","(25.8825, 42.0965, 45.325)","(28.38233333333333, 37.775, 46.58733333333333)"
$3upi,CHEMBL1148625,CHEMBL202079,6,$selected UNL:A:1,,,,,,,,
319,ASP,A,"24,572,458",1,UNL,A,5.3,FALSE,Tertamine,4408,"(28.093, 43.924, 41.983)","(32.78, 41.7705, 43.195)"
$3upi,CHEMBL1148625,CHEMBL202079,7,$selected UNL:A:1,,,,,,,,
200,ARG,A,"153,115,331,534",1,UNL,A,5.23,TRUE,Carboxylate,"44,304,432","(26.042, 42.319, 45.5015)","(28.38233333333333, 37.775, 46.58733333333333)"
$3upi,CHEMBL1148625,CHEMBL427375,5,$selected UNL:A:1,,,,,,,,
319,ASP,A,"24,572,458",1,UNL,A,5.2,FALSE,Tertamine,4408,"(28.268, 43.706, 41.474)","(32.78, 41.7705, 43.195)"
$3upi,CHEMBL1148625,CHEMBL427375,6,$selected UNL:A:1,,,,,,,,
319,ASP,A,"24,572,458",1,UNL,A,5.49,FALSE,Tertamine,4408,"(27.893, 43.942, 41.942)","(32.78, 41.7705, 43.195)"
$3upi,CHEMBL1148625,CHEMBL427375,7,$selected UNL:A:1,,,,,,,,
319,ASP,A,"24,572,458",1,UNL,A,5.25,FALSE,Tertamine,4411,"(28.077, 44.08, 42.85)","(32.78, 41.7705, 43.195)"
$3upi,CHEMBL1148625,CHEMBL427375,8,$selected UNL:A:1,,,,,,,,
319,ASP,A,"24,572,458",1,UNL,A,5.34,FALSE,Tertamine,4408,"(28.067, 43.953, 41.959)","(32.78, 41.7705, 43.195)"
$3upi,CHEMBL1148625,CHEMBL201567,2,$selected UNL:A:1,,,,,,,,
318,ASP,A,"24,492,450",1,UNL,A,5.27,FALSE,Tertamine,4411,"(27.96, 43.077, 37.894)","(33.074, 43.9295, 36.9755)"
$3upi,CHEMBL1148625,CHEMBL202165,2,$selected UNL:A:1,,,,,,,,
200,ARG,A,"153,115,331,534",1,UNL,A,5.21,TRUE,Carboxylate,"44,344,432","(26.052500000000002, 42.308499999999995, 45.4855)","(28.38233333333333, 37.775, 46.58733333333333)"
$3upi,CHEMBL1148625,CHEMBL202165,4,$selected UNL:A:1,,,,,,,,
200,ARG,A,"153,115,331,534",1,UNL,A,5.01,TRUE,Carboxylate,"44,344,432","(25.69, 41.7555, 45.177499999999995)","(28.38233333333333, 37.775, 46.58733333333333)"
$3upi,CHEMBL1148625,CHEMBL202164,2,$selected UNL:A:1,,,,,,,,
200,ARG,A,"153,115,331,534",1,UNL,A,5.21,TRUE,Carboxylate,"44,334,431","(26.0375, 42.292, 45.483999999999995)","(28.38233333333333, 37.775, 46.58733333333333)"
$3upi,CHEMBL1148625,CHEMBL202539,6,$selected UNL:A:1,,,,,,,,
319,ASP,A,"24,572,458",1,UNL,A,5.06,FALSE,Tertamine,4408,"(28.384, 43.525, 41.403)","(32.78, 41.7705, 43.195)"
$3upi,CHEMBL1148625,CHEMBL202319,4,$selected UNL:A:1,,,,,,,,
319,ASP,A,"24,572,458",1,UNL,A,5.02,FALSE,Tertamine,4408,"(29.03, 45.108, 42.986)","(32.78, 41.7705, 43.195)"
$3upi,CHEMBL1148625,CHEMBL202319,5,$selected UNL:A:1,,,,,,,,
319,ASP,A,"24,572,458",1,UNL,A,5.43,FALSE,Tertamine,4408,"(27.879, 43.872, 42.173)","(32.78, 41.7705, 43.195)"
$3upi,CHEMBL1148625,CHEMBL202319,8,$selected UNL:A:1,,,,,,,,
319,ASP,A,"24,572,458",1,UNL,A,4.38,FALSE,Tertamine,4408,"(29.862, 44.934, 42.365)","(32.78, 41.7705, 43.195)"
$3upi,CHEMBL1148625,CHEMBL203254,7,$selected UNL:A:1,,,,,,,,
319,ASP,A,"24,572,458",1,UNL,A,5.24,FALSE,Tertamine,4408,"(28.064, 43.739, 42.045)","(32.78, 41.7705, 43.195)"
$3upi,CHEMBL1148625,CHEMBL203312,5,$selected UNL:A:1,,,,,,,,
319,ASP,A,"24,572,458",1,UNL,A,5.31,FALSE,Tertamine,4408,"(28.07, 43.893, 41.972)","(32.78, 41.7705, 43.195)"
$3upi,CHEMBL1148625,CHEMBL202271,2,$selected UNL:A:1,,,,,,,,
319,ASP,A,"24,572,458",1,UNL,A,5.31,FALSE,Tertamine,4408,"(28.046, 43.86, 42.02)","(32.78, 41.7705, 43.195)"
$3upi,CHEMBL1148625,CHEMBL202271,3,$selected UNL:A:1,,,,,,,,
319,ASP,A,"24,572,458",1,UNL,A,5.01,FALSE,Tertamine,4408,"(28.523, 43.837, 41.539)","(32.78, 41.7705, 43.195)"
$3upi,CHEMBL1148625,CHEMBL202271,6,$selected UNL:A:1,,,,,,,,
319,ASP,A,"24,572,458",1,UNL,A,5.3,FALSE,Tertamine,4408,"(28.574, 44.267, 41.143)","(32.78, 41.7705, 43.195)"
$3upi,CHEMBL1148625,CHEMBL201814,3,$selected UNL:A:1,,,,,,,,
319,ASP,A,"24,572,458",1,UNL,A,5.36,FALSE,Tertamine,4408,"(28.015, 43.85, 41.879)","(32.78, 41.7705, 43.195)"
$3upi,CHEMBL1148625,CHEMBL201814,8,$selected UNL:A:1,,,,,,,,
319,ASP,A,"24,572,458",1,UNL,A,5.34,FALSE,Tertamine,4408,"(28.623, 44.288, 40.987)","(32.78, 41.7705, 43.195)"
$3upi,CHEMBL1148625,CHEMBL201341,3,$selected UNL:A:1,,,,,,,,
319,ASP,A,"24,572,458",1,UNL,A,5.18,FALSE,Tertamine,4408,"(28.196, 43.888, 42.04)","(32.78, 41.7705, 43.195)"
$3upi,CHEMBL1148625,CHEMBL201341,7,$selected UNL:A:1,,,,,,,,
319,ASP,A,"24,572,458",1,UNL,A,5.34,FALSE,Tertamine,4408,"(28.631, 44.254, 40.938)","(32.78, 41.7705, 43.195)"
$3upi,CHEMBL1148625,CHEMBL201555,3,$selected UNL:A:1,,,,,,,,
319,ASP,A,"24,572,458",1,UNL,A,5.27,FALSE,Tertamine,4408,"(28.072, 43.837, 42.036)","(32.78, 41.7705, 43.195)"
$3upi,CHEMBL1148625,CHEMBL201555,6,$selected UNL:A:1,,,,,,,,
319,ASP,A,"24,572,458",1,UNL,A,5.16,FALSE,Tertamine,4408,"(28.338, 43.765, 41.477)","(32.78, 41.7705, 43.195)"
$3upi,CHEMBL1148625,CHEMBL201555,8,$selected UNL:A:1,,,,,,,,
319,ASP,A,"24,572,458",1,UNL,A,5.32,FALSE,Tertamine,4408,"(28.635, 44.281, 41.001)","(32.78, 41.7705, 43.195)"
$3upi,CHEMBL1148625,CHEMBL377275,6,$selected UNL:A:1,,,,,,,,
319,ASP,A,"24,572,458",1,UNL,A,5.45,FALSE,Tertamine,4408,"(27.876, 43.771, 41.894)","(32.78, 41.7705, 43.195)"
$3upi,CHEMBL1148625,CHEMBL381010,6,$selected UNL:A:1,,,,,,,,
319,ASP,A,"24,572,458",1,UNL,A,5.35,FALSE,Tertamine,4408,"(28.018, 43.887, 41.969)","(32.78, 41.7705, 43.195)"
$3upi,CHEMBL1148625,CHEMBL381010,7,$selected UNL:A:1,,,,,,,,
319,ASP,A,"24,572,458",1,UNL,A,5.14,FALSE,Tertamine,4408,"(28.319, 43.682, 41.497)","(32.78, 41.7705, 43.195)"
$3upi,CHEMBL1148625,CHEMBL381010,9,$selected UNL:A:1,,,,,,,,
319,ASP,A,"24,572,458",1,UNL,A,5.35,FALSE,Tertamine,4408,"(28.544, 44.251, 41.074)","(32.78, 41.7705, 43.195)"
$3upi,CHEMBL1148625,CHEMBL382628,3,$selected UNL:A:1,,,,,,,,
319,ASP,A,"24,572,458",1,UNL,A,5.25,FALSE,Tertamine,4408,"(28.231, 43.676, 41.389)","(32.78, 41.7705, 43.195)"
$3upi,CHEMBL1148625,CHEMBL382628,4,$selected UNL:A:1,,,,,,,,
319,ASP,A,"24,572,458",1,UNL,A,5.18,FALSE,Tertamine,4408,"(28.328, 43.737, 41.421)","(32.78, 41.7705, 43.195)"
$3upi,CHEMBL1148625,CHEMBL202250,5,$selected UNL:A:1,,,,,,,,
319,ASP,A,"24,572,458",1,UNL,A,5.32,FALSE,Tertamine,4408,"(28.04, 43.86, 42.004)","(32.78, 41.7705, 43.195)"
$3upi,CHEMBL1148625,CHEMBL202250,6,$selected UNL:A:1,,,,,,,,
319,ASP,A,"24,572,458",1,UNL,A,5.19,FALSE,Tertamine,4408,"(28.313, 43.753, 41.454)","(32.78, 41.7705, 43.195)"
$3upi,CHEMBL1148625,CHEMBL202250,8,$selected UNL:A:1,,,,,,,,
319,ASP,A,"24,572,458",1,UNL,A,5.32,FALSE,Tertamine,4408,"(28.574, 44.237, 41.072)","(32.78, 41.7705, 43.195)"
$3upi,CHEMBL1148625,CHEMBL201305,9,$selected UNL:A:1,,,,,,,,
319,ASP,A,"24,572,458",1,UNL,A,5.2,FALSE,Tertamine,4408,"(28.158, 43.866, 42.045)","(32.78, 41.7705, 43.195)"
$3upi,CHEMBL1148625,CHEMBL201256,7,$selected UNL:A:1,,,,,,,,
319,ASP,A,"24,572,458",1,UNL,A,5.37,FALSE,Tertamine,4410,"(28.968, 45.553, 43.272)","(32.78, 41.7705, 43.195)"
$3upi,CHEMBL1148625,CHEMBL176058,5,$selected UNL:A:1,,,,,,,,
319,ASP,A,"24,572,458",1,UNL,A,5.36,FALSE,Tertamine,4408,"(28.032, 43.912, 41.938)","(32.78, 41.7705, 43.195)"
$3upi,CHEMBL1148625,CHEMBL176058,6,$selected UNL:A:1,,,,,,,,
319,ASP,A,"24,572,458",1,UNL,A,5.39,FALSE,Tertamine,4408,"(28.196, 43.913, 41.324)","(32.78, 41.7705, 43.195)"
$3upi,CHEMBL1148625,114,6,$selected UNL:A:1,,,,,,,,
319,ASP,A,"24,572,458",1,UNL,A,5.33,FALSE,Tertamine,4408,"(28.024, 43.844, 41.964)","(32.78, 41.7705, 43.195)"
$3upi,CHEMBL1148625,115,6,$selected UNL:A:1,,,,,,,,
319,ASP,A,"24,572,458",1,UNL,A,5.39,FALSE,Tertamine,4408,"(27.99, 43.938, 41.993)","(32.78, 41.7705, 43.195)"
$3upi,CHEMBL1148625,115,8,$selected UNL:A:1,,,,,,,,
319,ASP,A,"24,572,458",1,UNL,A,5.38,FALSE,Tertamine,4408,"(28.556, 44.33, 41.071)","(32.78, 41.7705, 43.195)"
$3upi,CHEMBL1148625,119,3,$selected UNL:A:1,,,,,,,,
319,ASP,A,"24,572,458",1,UNL,A,5.42,FALSE,Tertamine,4408,"(27.97, 43.917, 41.93)","(32.78, 41.7705, 43.195)"
$3upi,CHEMBL1148625,121,7,$selected UNL:A:1,,,,,,,,
319,ASP,A,"24,572,458",1,UNL,A,5.45,FALSE,Tertamine,4408,"(28.021, 44.214, 42.142)","(32.78, 41.7705, 43.195)"
$3upi,CHEMBL1148625,122,3,$selected UNL:A:1,,,,,,,,
200,ARG,A,"153,115,331,534",1,UNL,A,5.44,TRUE,Carboxylate,"44,414,440","(26.177500000000002, 42.572, 45.272499999999994)","(28.38233333333333, 37.775, 46.58733333333333)"
$3upi,CHEMBL1148625,122,5,$selected UNL:A:1,,,,,,,,
386,ARG,A,"296,029,622,963",1,UNL,A,4.49,TRUE,Carboxylate,"44,414,440","(28.679000000000002, 47.834999999999994, 45.299499999999995)","(29.932, 50.16233333333334, 48.93233333333333)"
$3upi,CHEMBL1148625,122,9,$selected UNL:A:1,,,,,,,,
386,ARG,A,"296,029,622,963",1,UNL,A,3.39,TRUE,Carboxylate,"44,414,440","(27.104, 49.308499999999995, 47.2685)","(29.932, 50.16233333333334, 48.93233333333333)"
$3upi,CHEMBL1148625,123,5,$selected UNL:A:1,,,,,,,,
386,ARG,A,"296,029,622,963",1,UNL,A,5.03,TRUE,Carboxylate,"44,414,440","(28.302, 48.532, 44.4625)","(29.932, 50.16233333333334, 48.93233333333333)"
$3upi,CHEMBL1148625,123,8,$selected UNL:A:1,,,,,,,,
386,ARG,A,"296,029,622,963",1,UNL,A,3.67,TRUE,Carboxylate,"44,414,440","(29.704, 48.567499999999995, 45.638000000000005)","(29.932, 50.16233333333334, 48.93233333333333)"
319,ASP,A,"24,572,458",1,UNL,A,5.22,FALSE,Tertamine,4408,"(28.289, 44.309, 42.412)","(32.78, 41.7705, 43.195)"
$3upi,CHEMBL1148625,123,9,$selected UNL:A:1,,,,,,,,
386,ARG,A,"296,029,622,963",1,UNL,A,3.23,TRUE,Carboxylate,"44,414,440","(29.319000000000003, 48.5745, 46.188)","(29.932, 50.16233333333334, 48.93233333333333)"
$3upi,CHEMBL1148625,124,2,$selected UNL:A:1,,,,,,,,
386,ARG,A,"296,029,622,963",1,UNL,A,4.98,TRUE,Carboxylate,"44,384,439","(25.4495, 49.317, 46.933499999999995)","(29.932, 50.16233333333334, 48.93233333333333)"
$3upi,CHEMBL1148625,124,3,$selected UNL:A:1,,,,,,,,
200,ARG,A,"153,115,331,534",1,UNL,A,5.47,TRUE,Carboxylate,"44,384,439","(25.872, 42.6345, 46.6135)","(28.38233333333333, 37.775, 46.58733333333333)"
$3upi,CHEMBL1148625,124,9,$selected UNL:A:1,,,,,,,,
386,ARG,A,"296,029,622,963",1,UNL,A,5.41,TRUE,Carboxylate,"44,384,439","(25.058500000000002, 49.082499999999996, 46.8555)","(29.932, 50.16233333333334, 48.93233333333333)"
$3upi,CHEMBL1148625,125,2,$selected UNL:A:1,,,,,,,,
386,ARG,A,"296,029,622,963",1,UNL,A,4.7,TRUE,Carboxylate,"44,384,439","(28.302, 48.644999999999996, 44.7975)","(29.932, 50.16233333333334, 48.93233333333333)"
$3upi,CHEMBL1148625,125,5,$selected UNL:A:1,,,,,,,,
386,ARG,A,"296,029,622,963",1,UNL,A,2.98,TRUE,Carboxylate,"44,384,439","(29.0595, 49.105000000000004, 46.288)","(29.932, 50.16233333333334, 48.93233333333333)"
$3upi,CHEMBL1148625,126,5,$selected UNL:A:1,,,,,,,,
318,ASP,A,"24,492,450",1,UNL,A,4.26,FALSE,Tertamine,4411,"(29.028, 43.153, 38.065)","(33.074, 43.9295, 36.9755)"
$3upi,CHEMBL1148625,127,4,$selected UNL:A:1,,,,,,,,
318,ASP,A,"24,492,450",1,UNL,A,4.19,FALSE,Tertamine,4411,"(29.075, 43.142, 37.938)","(33.074, 43.9295, 36.9755)"
$3upi,CHEMBL1148625,129,8,$selected UNL:A:1,,,,,,,,
319,ASP,A,"24,572,458",1,UNL,A,5.45,FALSE,Tertamine,4408,"(27.921, 43.821, 41.813)","(32.78, 41.7705, 43.195)"
143,GLU,A,"11,221,123",1,UNL,A,5.06,FALSE,Tertamine,4411,"(30.016, 50.506, 40.847)","(28.439999999999998, 54.795500000000004, 38.671499999999995)"
$3upi,CHEMBL1148625,130,4,$selected UNL:A:1,,,,,,,,
319,ASP,A,"24,572,458",1,UNL,A,5.25,FALSE,Tertamine,4408,"(28.138, 43.943, 42.063)","(32.78, 41.7705, 43.195)"
$3upi,CHEMBL1148625,131,4,$selected UNL:A:1,,,,,,,,
319,ASP,A,"24,572,458",1,UNL,A,5.31,FALSE,Tertamine,4408,"(28.073, 43.892, 41.95)","(32.78, 41.7705, 43.195)"
$3upi,CHEMBL1148625,133,2,$selected UNL:A:1,,,,,,,,
319,ASP,A,"24,572,458",1,UNL,A,5.23,FALSE,Tertamine,4408,"(28.148, 43.918, 42.082)","(32.78, 41.7705, 43.195)"
$3upi,CHEMBL1148625,134,4,$selected UNL:A:1,,,,,,,,
319,ASP,A,"24,572,458",1,UNL,A,5.36,FALSE,Tertamine,4410,"(27.93, 44.051, 43.249)","(32.78, 41.7705, 43.195)"
$3upi,CHEMBL1148625,135,5,$selected UNL:A:1,,,,,,,,
319,ASP,A,"24,572,458",1,UNL,A,5.32,FALSE,Tertamine,4410,"(27.889, 43.875, 43.244)","(32.78, 41.7705, 43.195)"
$3upi,CHEMBL1148625,135,6,$selected UNL:A:1,,,,,,,,
319,ASP,A,"24,572,458",1,UNL,A,5.32,FALSE,Tertamine,4410,"(27.85, 42.859, 41.503)","(32.78, 41.7705, 43.195)"
$3upi,CHEMBL1148625,135,9,$selected UNL:A:1,,,,,,,,
319,ASP,A,"24,572,458",1,UNL,A,5.29,FALSE,Sulfonium,4437,"(29.338, 45.49, 41.664)","(32.78, 41.7705, 43.195)"
$3upi,CHEMBL1148625,136,5,$selected UNL:A:1,,,,,,,,
319,ASP,A,"24,572,458",1,UNL,A,5.28,FALSE,Tertamine,4408,"(28.112, 43.912, 41.99)","(32.78, 41.7705, 43.195)"
$3upi,CHEMBL1148625,137,5,$selected UNL:A:1,,,,,,,,
319,ASP,A,"24,572,458",1,UNL,A,5.35,FALSE,Tertamine,4408,"(28.039, 43.847, 41.86)","(32.78, 41.7705, 43.195)"
$3upi,CHEMBL1148625,139,4,$selected UNL:A:1,,,,,,,,
319,ASP,A,"24,572,458",1,UNL,A,5.49,FALSE,Tertamine,4408,"(27.964, 44.137, 42.024)","(32.78, 41.7705, 43.195)"
$3upi,CHEMBL1148625,139,9,$selected UNL:A:1,,,,,,,,
319,ASP,A,"24,572,458",1,UNL,A,5.32,FALSE,Tertamine,4408,"(28.664, 44.393, 41.078)","(32.78, 41.7705, 43.195)"
$3upi,CHEMBL1148625,140,9,$selected UNL:A:1,,,,,,,,
200,ARG,A,"153,115,331,534",1,UNL,A,5.34,TRUE,Carboxylate,"44,344,432","(26.0205, 42.4625, 45.599999999999994)","(28.38233333333333, 37.775, 46.58733333333333)"
$3upi,CHEMBL1148625,141,3,$selected UNL:A:1,,,,,,,,
200,ARG,A,"153,115,331,534",1,UNL,A,5.18,TRUE,Carboxylate,"44,344,432","(25.9595, 42.1965, 45.416)","(28.38233333333333, 37.775, 46.58733333333333)"
$3upi,CHEMBL1148625,141,6,$selected UNL:A:1,,,,,,,,
319,ASP,A,"24,572,458",1,UNL,A,5.1,FALSE,Tertamine,4408,"(28.352, 43.646, 41.497)","(32.78, 41.7705, 43.195)"
$3upi,CHEMBL1148625,141,9,$selected UNL:A:1,,,,,,,,
319,ASP,A,"24,572,458",1,UNL,A,5.03,FALSE,Tertamine,4408,"(28.455, 43.645, 41.432)","(32.78, 41.7705, 43.195)"
$3upi,CHEMBL1148625,144,9,$selected UNL:A:1,,,,,,,,
319,ASP,A,"24,572,458",1,UNL,A,5.4,FALSE,Tertamine,4408,"(27.988, 43.835, 41.796)","(32.78, 41.7705, 43.195)"
$3upi,CHEMBL1148625,145,7,$selected UNL:A:1,,,,,,,,
319,ASP,A,"24,572,458",1,UNL,A,5.36,FALSE,Tertamine,4408,"(28.034, 43.898, 41.907)","(32.78, 41.7705, 43.195)"
$3upi,CHEMBL1148625,145,9,$selected UNL:A:1,,,,,,,,
319,ASP,A,"24,572,458",1,UNL,A,5.25,FALSE,Tertamine,4408,"(28.269, 43.825, 41.467)","(32.78, 41.7705, 43.195)"
$3upi,CHEMBL1148625,146,5,$selected UNL:A:1,,,,,,,,
319,ASP,A,"24,572,458",1,UNL,A,5.07,FALSE,Tertamine,4408,"(29.043, 45.189, 42.947)","(32.78, 41.7705, 43.195)"
$3upi,CHEMBL1148625,146,6,$selected UNL:A:1,,,,,,,,
319,ASP,A,"24,572,458",1,UNL,A,5.44,FALSE,Tertamine,4408,"(27.873, 43.882, 42.173)","(32.78, 41.7705, 43.195)"
$3upi,CHEMBL1148625,147,7,$selected UNL:A:1,,,,,,,,
319,ASP,A,"24,572,458",1,UNL,A,5.14,FALSE,Tertamine,4408,"(29.027, 45.28, 42.986)","(32.78, 41.7705, 43.195)"
$3upi,CHEMBL1148625,148,8,$selected UNL:A:1,,,,,,,,
319,ASP,A,"24,572,458",1,UNL,A,5.41,FALSE,Tertamine,4408,"(28.191, 43.932, 41.303)","(32.78, 41.7705, 43.195)"
$3upi,CHEMBL1148625,149,3,$selected UNL:A:1,,,,,,,,
319,ASP,A,"24,572,458",1,UNL,A,5.33,FALSE,Tertamine,4408,"(28.065, 43.905, 41.926)","(32.78, 41.7705, 43.195)"
$3upi,CHEMBL1148625,149,7,$selected UNL:A:1,,,,,,,,
319,ASP,A,"24,572,458",1,UNL,A,5.34,FALSE,Tertamine,4408,"(28.235, 43.878, 41.352)","(32.78, 41.7705, 43.195)"
$3upi,CHEMBL1148625,152,6,$selected UNL:A:1,,,,,,,,
319,ASP,A,"24,572,458",1,UNL,A,5.41,FALSE,Tertamine,4408,"(27.992, 43.931, 41.891)","(32.78, 41.7705, 43.195)"
$3upi,CHEMBL1148625,152,8,$selected UNL:A:1,,,,,,,,
319,ASP,A,"24,572,458",1,UNL,A,5.01,FALSE,Tertamine,4408,"(28.528, 43.856, 41.56)","(32.78, 41.7705, 43.195)"
$3upi,CHEMBL1148625,153,6,$selected UNL:A:1,,,,,,,,
319,ASP,A,"24,572,458",1,UNL,A,5.26,FALSE,Tertamine,4408,"(28.122, 43.894, 41.976)","(32.78, 41.7705, 43.195)"
$3upi,CHEMBL1148625,157,4,$selected UNL:A:1,,,,,,,,
319,ASP,A,"24,572,458",1,UNL,A,5.46,FALSE,Tertamine,4408,"(27.928, 43.934, 41.915)","(32.78, 41.7705, 43.195)"
$3upi,CHEMBL1148625,157,7,$selected UNL:A:1,,,,,,,,
319,ASP,A,"24,572,458",1,UNL,A,5.44,FALSE,Tertamine,4408,"(28.174, 43.978, 41.313)","(32.78, 41.7705, 43.195)"
$3upi,CHEMBL1148625,159,4,$selected UNL:A:1,,,,,,,,
319,ASP,A,"24,572,458",1,UNL,A,5.45,FALSE,Tertamine,4408,"(27.959, 43.974, 41.944)","(32.78, 41.7705, 43.195)"
$3upi,CHEMBL1148625,162,8,$selected UNL:A:1,,,,,,,,
319,ASP,A,"24,572,458",1,UNL,A,5.32,FALSE,Tertamine,4408,"(29.01, 45.514, 42.974)","(32.78, 41.7705, 43.195)"
$3upi,CHEMBL1148625,163,8,$selected UNL:A:1,,,,,,,,
319,ASP,A,"24,572,458",1,UNL,A,5.35,FALSE,Tertamine,4408,"(28.98, 45.528, 42.97)","(32.78, 41.7705, 43.195)"
$3upi,CHEMBL1148625,165,5,$selected UNL:A:1,,,,,,,,
319,ASP,A,"24,572,458",1,UNL,A,5.33,FALSE,Tertamine,4408,"(28.055, 43.897, 41.926)","(32.78, 41.7705, 43.195)"
$3upi,CHEMBL1148625,166,5,$selected UNL:A:1,,,,,,,,
319,ASP,A,"24,572,458",1,UNL,A,5.35,FALSE,Tertamine,4408,"(28.038, 43.823, 41.798)","(32.78, 41.7705, 43.195)"
$3upi,CHEMBL1148625,167,6,$selected UNL:A:1,,,,,,,,
319,ASP,A,"24,572,458",1,UNL,A,5.2,FALSE,Tertamine,4408,"(28.313, 44.259, 42.262)","(32.78, 41.7705, 43.195)"
$3upi,CHEMBL1148625,167,7,$selected UNL:A:1,,,,,,,,
319,ASP,A,"24,572,458",1,UNL,A,5.04,FALSE,Tertamine,4408,"(28.495, 43.825, 41.526)","(32.78, 41.7705, 43.195)"
$3upi,CHEMBL1148625,168,6,$selected UNL:A:1,,,,,,,,
319,ASP,A,"24,572,458",1,UNL,A,5.16,FALSE,Tertamine,4408,"(28.296, 44.098, 42.166)","(32.78, 41.7705, 43.195)"
$3upi,CHEMBL1148625,168,8,$selected UNL:A:1,,,,,,,,
319,ASP,A,"24,572,458",1,UNL,A,5.36,FALSE,Tertamine,4408,"(28.223, 43.892, 41.328)","(32.78, 41.7705, 43.195)"
$3upi,CHEMBL1148625,169,5,$selected UNL:A:1,,,,,,,,
319,ASP,A,"24,572,458",1,UNL,A,5.22,FALSE,Tertamine,4408,"(28.171, 43.936, 42.047)","(32.78, 41.7705, 43.195)"
$3upi,CHEMBL1148625,170,4,$selected UNL:A:1,,,,,,,,
319,ASP,A,"24,572,458",1,UNL,A,5.31,FALSE,Tertamine,4408,"(28.098, 43.905, 41.888)","(32.78, 41.7705, 43.195)"
$3upi,CHEMBL1148625,170,7,$selected UNL:A:1,,,,,,,,
319,ASP,A,"24,572,458",1,UNL,A,4.94,FALSE,Tertamine,4408,"(28.543, 43.742, 41.589)","(32.78, 41.7705, 43.195)"
$3upi,CHEMBL1148625,171,7,$selected UNL:A:1,,,,,,,,
319,ASP,A,"24,572,458",1,UNL,A,4.98,FALSE,Tertamine,4408,"(28.512, 43.793, 41.623)","(32.78, 41.7705, 43.195)"
$3upi,CHEMBL1148625,175,4,$selected UNL:A:1,,,,,,,,
319,ASP,A,"24,572,458",1,UNL,A,5.43,FALSE,Tertamine,4408,"(27.953, 43.883, 41.896)","(32.78, 41.7705, 43.195)"
$3upi,CHEMBL1148625,180,7,$selected UNL:A:1,,,,,,,,
319,ASP,A,"24,572,458",1,UNL,A,5.3,FALSE,Tertamine,4408,"(28.251, 44.391, 42.383)","(32.78, 41.7705, 43.195)"
$3upi,CHEMBL1148625,181,4,$selected UNL:A:1,,,,,,,,
319,ASP,A,"24,572,458",1,UNL,A,5.49,FALSE,Tertamine,4408,"(27.917, 43.933, 41.855)","(32.78, 41.7705, 43.195)"
$3upi,CHEMBL1148625,181,8,$selected UNL:A:1,,,,,,,,
319,ASP,A,"24,572,458",1,UNL,A,5.43,FALSE,Tertamine,4408,"(28.181, 43.964, 41.331)","(32.78, 41.7705, 43.195)"
$3upi,CHEMBL1148625,183,5,$selected UNL:A:1,,,,,,,,
319,ASP,A,"24,572,458",1,UNL,A,5.42,FALSE,Tertamine,4408,"(27.982, 43.875, 41.814)","(32.78, 41.7705, 43.195)"
$3upi,CHEMBL1148625,184,5,$selected UNL:A:1,,,,,,,,
319,ASP,A,"24,572,458",1,UNL,A,5.38,FALSE,Tertamine,4408,"(28.003, 43.915, 41.946)","(32.78, 41.7705, 43.195)"
$3upi,CHEMBL1148625,185,3,$selected UNL:A:1,,,,,,,,
319,ASP,A,"24,572,458",1,UNL,A,5.35,FALSE,Tertamine,4408,"(28.035, 43.868, 41.906)","(32.78, 41.7705, 43.195)"
$3upi,CHEMBL1148625,186,3,$selected UNL:A:1,,,,,,,,
319,ASP,A,"24,572,458",1,UNL,A,5.27,FALSE,Tertamine,4408,"(28.092, 43.896, 42.042)","(32.78, 41.7705, 43.195)"
$3upi,CHEMBL1148625,189,5,$selected UNL:A:1,,,,,,,,
319,ASP,A,"24,572,458",1,UNL,A,5.32,FALSE,Tertamine,4408,"(28.07, 43.901, 41.933)","(32.78, 41.7705, 43.195)"
$3upi,CHEMBL1148625,191,3,$selected UNL:A:1,,,,,,,,
319,ASP,A,"24,572,458",1,UNL,A,5.31,FALSE,Tertamine,4408,"(28.084, 43.855, 41.868)","(32.78, 41.7705, 43.195)"
$3upi,CHEMBL1148625,191,9,$selected UNL:A:1,,,,,,,,
319,ASP,A,"24,572,458",1,UNL,A,5.12,FALSE,Tertamine,4408,"(29.136, 45.091, 41.823)","(32.78, 41.7705, 43.195)"
$3upi,CHEMBL1148625,192,5,$selected UNL:A:1,,,,,,,,
319,ASP,A,"24,572,458",1,UNL,A,5.17,FALSE,Tertamine,4408,"(28.285, 44.118, 42.181)","(32.78, 41.7705, 43.195)"
$3upi,CHEMBL1148625,194,5,$selected UNL:A:1,,,,,,,,
319,ASP,A,"24,572,458",1,UNL,A,5.29,FALSE,Tertamine,4408,"(28.083, 43.89, 41.979)","(32.78, 41.7705, 43.195)"
$3upi,CHEMBL1148625,197,4,$selected UNL:A:1,,,,,,,,
319,ASP,A,"24,572,458",1,UNL,A,5.38,FALSE,Tertamine,4408,"(28.967, 45.564, 42.977)","(32.78, 41.7705, 43.195)"
$3upi,CHEMBL1148625,201,6,$selected UNL:A:1,,,,,,,,
319,ASP,A,"24,572,458",1,UNL,A,5.35,FALSE,Tertamine,4408,"(28.984, 45.54, 42.964)","(32.78, 41.7705, 43.195)"
$3upi,CHEMBL1148625,201,8,$selected UNL:A:1,,,,,,,,
319,ASP,A,"24,572,458",1,UNL,A,5.48,FALSE,Tertamine,4408,"(28.12, 44.363, 41.936)","(32.78, 41.7705, 43.195)"
$3upi,CHEMBL1148625,206,8,$selected UNL:A:1,,,,,,,,
319,ASP,A,"24,572,458",1,UNL,A,5.25,FALSE,Tertamine,4408,"(29.045, 45.456, 42.963)","(32.78, 41.7705, 43.195)"
$3upi,CHEMBL1148625,207,8,$selected UNL:A:1,,,,,,,,
319,ASP,A,"24,572,458",1,UNL,A,5.35,FALSE,Tertamine,4408,"(28.978, 45.531, 42.979)","(32.78, 41.7705, 43.195)"
$3upi,CHEMBL1148625,208,8,$selected UNL:A:1,,,,,,,,
319,ASP,A,"24,572,458",1,UNL,A,5.43,FALSE,Tertamine,4408,"(28.919, 45.587, 42.997)","(32.78, 41.7705, 43.195)"
$3upi,CHEMBL1148625,209,8,$selected UNL:A:1,,,,,,,,
319,ASP,A,"24,572,458",1,UNL,A,5.3,FALSE,Tertamine,4408,"(29.012, 45.491, 42.99)","(32.78, 41.7705, 43.195)"
$3upi,CHEMBL1148625,210,8,$selected UNL:A:1,,,,,,,,
319,ASP,A,"24,572,458",1,UNL,A,5.33,FALSE,Tertamine,4408,"(28.996, 45.513, 42.979)","(32.78, 41.7705, 43.195)"
$3upi,CHEMBL1148625,211,6,$selected UNL:A:1,,,,,,,,
319,ASP,A,"24,572,458",1,UNL,A,5.31,FALSE,Tertamine,4408,"(29.008, 45.503, 42.925)","(32.78, 41.7705, 43.195)"
$3upi,CHEMBL1148625,212,9,$selected UNL:A:1,,,,,,,,
319,ASP,A,"24,572,458",1,UNL,A,5.41,FALSE,Tertamine,4408,"(28.938, 45.572, 42.961)","(32.78, 41.7705, 43.195)"
$3upi,CHEMBL4602603,CHEMBL4641917,2,$selected UNL:A:1,,,,,,,,
319,ASP,A,"24,572,458",1,UNL,A,4.89,FALSE,Tertamine,4413,"(29.965, 45.752, 43.584)","(32.78, 41.7705, 43.195)"
$3upi,CHEMBL4602603,CHEMBL4641917,3,$selected UNL:A:1,,,,,,,,
319,ASP,A,"24,572,458",1,UNL,A,4.67,FALSE,Tertamine,4413,"(30.004, 45.513, 43.514)","(32.78, 41.7705, 43.195)"
$3upi,CHEMBL4602603,CHEMBL4641917,5,$selected UNL:A:1,,,,,,,,
318,ASP,A,"24,492,450",1,UNL,A,5.12,FALSE,Tertamine,4413,"(28.276, 43.481, 38.718)","(33.074, 43.9295, 36.9755)"
$3upi,CHEMBL4602603,CHEMBL4641917,6,$selected UNL:A:1,,,,,,,,
318,ASP,A,"24,492,450",1,UNL,A,5.38,FALSE,Sulfonium,4449,"(28.028, 45.478, 37.997)","(33.074, 43.9295, 36.9755)"
$3upi,CHEMBL4602603,CHEMBL4641917,8,$selected UNL:A:1,,,,,,,,
143,GLU,A,"11,221,123",1,UNL,A,4.41,FALSE,Tertamine,4413,"(26.324, 50.925, 38.512)","(28.439999999999998, 54.795500000000004, 38.671499999999995)"
$3upi,CHEMBL4602603,CHEMBL4641917,9,$selected UNL:A:1,,,,,,,,
319,ASP,A,"24,572,458",1,UNL,A,4.24,FALSE,Tertamine,4413,"(30.575, 45.391, 43.362)","(32.78, 41.7705, 43.195)"
$3upi,CHEMBL4602603,CHEMBL4636786,1,$selected UNL:A:1,,,,,,,,
319,ASP,A,"24,572,458",1,UNL,A,4.61,FALSE,Tertamine,4411,"(30.067, 45.482, 43.472)","(32.78, 41.7705, 43.195)"
$3upi,CHEMBL4602603,CHEMBL4640738,1,$selected UNL:A:1,,,,,,,,
200,ARG,A,"153,115,331,534",1,UNL,A,5.41,TRUE,Carboxylate,"44,274,428","(25.594, 42.116, 48.204499999999996)","(28.38233333333333, 37.775, 46.58733333333333)"
$3upi,CHEMBL4602603,CHEMBL4640738,2,$selected UNL:A:1,,,,,,,,
200,ARG,A,"153,115,331,534",1,UNL,A,5.23,TRUE,Carboxylate,"44,274,428","(25.91, 41.816, 48.803)","(28.38233333333333, 37.775, 46.58733333333333)"
$3upi,CHEMBL4602603,CHEMBL4640738,3,$selected UNL:A:1,,,,,,,,
200,ARG,A,"153,115,331,534",1,UNL,A,5.06,TRUE,Carboxylate,"44,274,428","(25.218, 41.623000000000005, 47.478)","(28.38233333333333, 37.775, 46.58733333333333)"
