1_0,1_1,2.0628773235437428
1_0,1_2,3.0953283228710706
1_0,1_3,2.7456900471945183
1_0,1_4,2.4965314910542444
1_0,1_5,2.983606869200595
1_0,1_6,2.428789688928171
1_0,1_7,2.4017377937630133
1_0,1_8,2.929539299741316
1_0,1_9,2.306245082085432
2_0,2_1,1.9074913505302216
2_0,2_2,2.357072561180747
2_0,2_3,2.274481527916011
2_0,2_4,2.444786227187063
2_0,2_5,2.4672229916174846
2_0,2_6,2.2835233203924536
2_0,2_7,1.9717856919649908
2_0,2_8,2.0327874171795424
2_0,2_9,1.914815681547541
3_0,3_1,3.0622682807033645
3_0,3_2,2.0672139258229363
3_0,3_3,2.553126272129822
3_0,3_4,2.9986036403247516
3_0,3_5,2.7480458810399484
3_0,3_6,1.6076382654363446
3_0,3_7,2.35988783387606
3_0,3_8,2.3980538585501168
3_0,3_9,3.003827273552271
6_0,6_1,1.7209091450882308
6_0,6_2,2.186916820127821
6_0,6_3,1.813561337417418
6_0,6_4,1.7496832788770766
6_0,6_5,2.4245006316716355
6_0,6_6,2.4860282490498897
6_0,6_7,1.8563641523839378
6_0,6_8,1.8543011875369693
6_0,6_9,1.826877422350082
7_0,7_1,1.2401245359896595
7_0,7_2,1.2213608538125842
7_0,7_3,1.292246357144887
7_0,7_4,1.0082479638780435
7_0,7_5,0.8630744375388707
7_0,7_6,0.9817907362968767
7_0,7_7,1.0340099452969211
7_0,7_8,1.103100472894602
7_0,7_9,1.1328753050163602
9_0,9_1,2.631541580787431
9_0,9_2,2.7758915426245654
9_0,9_3,2.3268846312557865
9_0,9_4,2.842813247334033
9_0,9_5,1.8648308729083523
9_0,9_6,1.911633538347956
9_0,9_7,2.261919996543317
9_0,9_8,1.8817369873040333
9_0,9_9,2.2330048950149393
