NO.Compounds,No.conformation,affinity(kcal/mol),rmsd l.b.,rmsd u.b.,rmsd_from_initial
1,1,-7.9,0,0,0.947195054
1,2,-7.8,1.664,2.096,1.141820752
1,3,-7.7,3.929,5.909,0.609151645
1,4,-7.5,2.204,3.02,1.167021844
1,5,-7.4,2.103,4.883,1.261299437
1,6,-7,3.545,5.843,1.495934987
1,7,-6.7,4.731,6.315,0.722951032
1,8,-6.7,3.911,6.409,1.396839065
1,9,-6.6,4.224,6.648,0.911207504
2,1,-8,0,0,1.023358041
2,2,-7.7,1.61,2.042,1.007705586
2,3,-7.3,3.61,5.754,1.223313439
2,4,-7.3,4.099,5.835,0.849573036
2,5,-7.2,2.07,4.762,1.339360946
2,6,-7.1,4.971,7.07,1.4775354
2,7,-6.8,4.544,6.897,1.155711679
2,8,-6.8,3.324,5.611,1.243952828
2,9,-6.7,3.8,4.769,0.843109962
3,1,-7.7,0,0,1.299035995
3,2,-7.4,3.037,4.225,1.160787369
3,3,-7.3,1.871,4.577,0.539413135
3,4,-7.3,3.629,5.856,0.969672341
3,5,-7.1,3.65,6.005,1.420372277
3,6,-7,4.357,6.815,0.93289928
3,7,-6.9,3.398,5.02,1.355662793
3,8,-6.9,2.312,4.719,1.348701718
3,9,-6.8,3.513,6.094,0.941150234
4,1,-6.9,0,0,1.193601304
4,2,-6.9,2.087,4.926,1.310225713
4,3,-6.6,2.085,5.148,1.367922008
4,4,-6.6,2.124,4.992,1.429775871
4,5,-6.6,1.774,2.857,1.247255174
4,6,-6.4,2.572,5.411,1.468381363
4,7,-6.4,2.599,5.456,0.956523306
4,8,-6.4,2.764,5.49,1.514186204
4,9,-6.3,2.52,3.482,0.953306707
5,1,-7.1,0,0,0.760617344
5,2,-6.9,3.664,6.628,1.661320419
5,3,-6.9,3.585,6.45,1.055169933
5,4,-6.9,1.352,1.775,1.043918657
5,5,-6.7,1.407,1.939,1.123236872
5,6,-6.7,2.299,4.583,1.146160504
5,7,-6.6,2.213,3.992,1.025655036
5,8,-6.5,2.909,5.313,0.933847149
5,9,-6.4,2.69,3.818,0.967023776
6,1,-7.6,0,0,0.964570743
6,2,-7.5,1.716,2.074,1.184353507
6,3,-7.4,2.089,5.027,1.231662581
6,4,-7,3.086,5.8,0.878957582
6,5,-7,2.775,7.19,1.440176669
6,6,-6.9,2.799,7.061,1.192377077
6,7,-6.9,2.975,6.622,0.892049094
6,8,-6.7,3.228,4.51,1.160219922
6,9,-6.6,4.152,6.722,1.1986046
7,1,-8,0,0,1.331034219
7,2,-7.9,1.724,2.2,2.075887777
7,3,-7.7,3.578,5.54,0.929873352
7,4,-7.5,3.179,4.95,1.156138154
7,5,-7.4,2.196,5.036,1.329459134
7,6,-7.3,3.376,4.023,2.005511014
7,7,-7.3,1.683,4.75,1.983497091
7,8,-7.2,3.658,5.945,1.466537262
7,9,-7,2.781,3.723,1.358978087
8,1,-6.9,0,0,1.183124383
8,2,-6.8,2.484,5.116,1.538865281
8,3,-6.8,3.347,5.704,1.480611255
8,4,-6.7,2.57,5.365,1.302865436
8,5,-6.7,2.402,5.185,1.374291267
8,6,-6.4,2.918,3.923,1.217902319
8,7,-6.3,2.564,5.878,1.499901026
8,8,-6.3,2.502,5.506,1.213765057
8,9,-6.1,2.843,5.444,1.342808921
9,1,-8,0,0,0.966662035
9,2,-7.9,1.642,2.195,1.147484273
9,3,-7.7,3.94,5.934,0.612465979
9,4,-7.5,2.117,4.87,1.263403266
9,5,-7.2,3.616,5.842,1.129879487
9,6,-7.1,2.586,3.78,1.15141093
9,7,-7,4.604,6.313,0.536133792
9,8,-7,3.051,4.258,1.178460019
9,9,-6.9,3.838,6.397,1.29939042
10,1,-7.9,0,0,0.957457668
10,2,-7.8,1.645,2.09,1.151190769
10,3,-7.7,2.088,2.651,1.23276081
10,4,-7.6,3.924,5.909,0.61926699
10,5,-7.4,2.1,4.87,1.258945248
10,6,-7.2,3.653,5.818,1.152299694
10,7,-7,4.383,6.082,0.556728371
10,8,-6.8,4.13,6.195,1.450324699
10,9,-6.8,3.042,4.208,1.189950544
11,1,-8.1,0,0,1.006980155
11,2,-7.7,2.07,2.681,1.11155346
11,3,-7.7,1.678,2.102,1.005117429
11,4,-7.5,2.436,3.203,1.091576736
11,5,-7.4,3.65,5.789,1.22226933
11,6,-7.3,2.366,4.821,1.186970061
11,7,-7.3,3.993,5.921,0.834078996
11,8,-7,2.031,4.81,1.360451038
11,9,-6.9,4.641,6.828,1.466588378
12,1,-7.9,0,0,1.404375081
12,2,-7.5,1.979,4.66,1.393263548
12,3,-7.4,3.555,5.745,0.937966068
12,4,-7.2,1.913,4.527,0.759290798
12,5,-7.1,2.815,3.739,1.356078218
12,6,-7.1,2.267,3.6,1.266899808
12,7,-7,3.582,5.948,1.15942759
12,8,-6.9,4.111,6.41,0.862574521
12,9,-6.9,2.951,4.861,1.295608031
13,1,-7,0,0,1.192512397
13,2,-6.9,2.133,4.909,1.310789427
13,3,-6.7,2.267,5.066,1.551055041
13,4,-6.7,2.443,4.788,1.243137363
13,5,-6.7,1.582,2.031,1.344871081
13,6,-6.6,2.107,4.91,1.419534747
13,7,-6.5,2.252,5.348,1.203656548
13,8,-6.4,2.723,5.418,1.493056375
13,9,-6.4,2.201,5.678,1.293344812
14,1,-7.2,0,0,0.910389604
14,2,-6.9,3.653,6.615,1.664056433
14,3,-6.9,3.593,6.449,1.064092626
14,4,-6.9,1.364,1.778,1.031443908
14,5,-6.7,3.228,6.401,1.057639185
14,6,-6.7,3.828,6.041,0.923844563
14,7,-6.6,2.914,5.28,0.92736705
14,8,-6.5,2.362,4.576,1.375959562
14,9,-6.5,2.943,4.436,0.943534163
15,1,-7.6,0,0,0.939612399
15,2,-7.5,1.73,2.066,1.183251369
15,3,-7.4,2.089,5.03,1.219890176
15,4,-7.2,3.164,5.729,0.802453906
15,5,-6.9,2.835,7.15,1.232586998
15,6,-6.9,3.122,5.632,1.295286411
15,7,-6.8,2.957,6.553,1.187856574
15,8,-6.8,2.468,7.08,1.358971612
15,9,-6.7,3.265,5.582,1.200608666
16,1,-7.9,0,0,1.213377407
16,2,-7.8,1.759,2.232,2.094788273
16,3,-7.7,3.549,5.481,0.926379999
16,4,-7.4,2.206,5.067,1.214744595
16,5,-7.3,3.543,5.826,1.60262199
16,6,-7.2,3.331,3.997,1.963627802
16,7,-7.2,2.057,4.85,1.844149547
16,8,-7.2,3.347,5.733,1.408124365
16,9,-7.1,3.223,5.594,1.608224331
17,1,-6.9,0,0,1.183378351
17,2,-6.8,2.479,5.09,1.544914758
17,3,-6.7,3.316,5.653,1.479243128
17,4,-6.7,2.55,5.343,1.306649189
17,5,-6.6,1.759,2.49,1.220569634
17,6,-6.5,2.959,5.661,1.060087141
17,7,-6.3,3.031,4.072,1.217384788
17,8,-6.3,2.609,5.931,1.488521456
17,9,-6.2,2.803,5.508,1.428254874
18,1,-6.9,0,0,1.193304233
18,2,-6.9,2.105,4.925,1.309878491
18,3,-6.8,2.228,5.076,1.547456449
18,4,-6.5,2.672,4.764,1.387761324
18,5,-6.5,2.34,3.687,1.195883523
18,6,-6.4,2.324,5.323,1.196281428
18,7,-6.4,2.505,5.357,1.463494352
18,8,-6.3,2.421,5.677,1.542412596
18,9,-6.3,2.05,5.102,1.143916319
19,1,-7.4,0,0,1.185754184
19,2,-7.1,3.738,6.588,1.664695798
19,3,-7,3.633,6.363,1.057322543
19,4,-7,1.446,1.908,1.034149026
19,5,-6.9,3.704,6.028,0.925333742
19,6,-6.9,1.482,2.103,1.061184525
19,7,-6.8,2.242,4.492,1.181136115
19,8,-6.6,2.611,3.743,0.969167504
19,9,-6.6,3.714,6.231,1.240744782
20,1,-7.9,0,0,1.209612284
20,2,-7.8,1.725,2.196,2.094028796
20,3,-7.6,3.554,5.517,0.928857626
20,4,-7.4,2.241,5.054,1.219374817
20,5,-7.3,3.342,5.595,1.428535162
20,6,-7.2,3.394,4.048,1.938740843
20,7,-7.2,1.654,4.8,1.849106708
20,8,-7.1,2.745,5.372,1.517187311
20,9,-7,3.2,4.838,0.982836117
21,1,-6.9,0,0,1.183477688
21,2,-6.8,2.466,5.083,1.541831362
21,3,-6.7,3.314,5.715,1.479369821
21,4,-6.7,2.547,5.333,1.307714607
21,5,-6.6,1.861,2.793,1.275703402
21,6,-6.5,2.947,5.58,1.065672741
21,7,-6.3,2.392,5.207,1.370733426
21,8,-6.3,1.417,1.724,1.170586402
21,9,-6.3,2.662,5.578,1.447184364
22,1,-8,0,0,0.958276095
22,2,-7.8,1.637,2.18,1.142179464
22,3,-7.7,2.08,2.639,1.233428979
22,4,-7.7,3.929,5.931,0.611561049
22,5,-7.5,2.555,3.58,1.400782227
22,6,-7.4,2.084,4.871,1.266461222
22,7,-7.3,3.604,5.867,1.140170279
22,8,-7,4.154,6.215,1.324494515
22,9,-6.9,3.838,6.391,1.411554352
23,1,-6.8,0,0,1.308584741
23,2,-6.7,2.088,4.816,1.197283808
23,3,-6.6,2.432,6.052,1.292505411
23,4,-6.5,2.157,5.453,1.373430536
23,5,-6.4,1.839,5.267,1.211884202
23,6,-6.4,2.087,2.971,1.06417131
23,7,-6.4,1.841,5.155,1.453975009
23,8,-6.3,2.207,6.081,1.486474585
23,9,-6.3,2.449,4.963,1.598237314
24,1,-7.4,0,0,1.183080776
24,2,-7,3.736,6.592,1.66925907
24,3,-7,3.616,6.367,1.063786822
24,4,-7,1.435,1.9,1.045244026
24,5,-6.9,3.33,6.41,1.057936368
24,6,-6.8,2.263,4.531,1.148895452
24,7,-6.8,3.582,5.933,0.617320384
24,8,-6.7,2.827,5.224,0.933571163
24,9,-6.6,2.598,3.721,0.975267059
25,1,-8,0,0,1.202172319
25,2,-7.8,1.692,2.223,2.096897716
25,3,-7.6,3.546,5.476,0.939439809
25,4,-7.4,2.202,5.033,1.314737031
25,5,-7.3,3.94,5.673,2.013883263
25,6,-7.3,3.374,4.058,1.959451056
25,7,-7.2,3.3,5.632,1.414432855
25,8,-7,3.219,6.437,2.317848754
25,9,-7,4.126,5.703,1.644637725
26,1,-7.5,0,0,1.179807278
26,2,-7.2,3.665,6.528,1.666118084
26,3,-7,3.616,6.373,1.039194597
26,4,-7,1.402,1.813,1.033816507
26,5,-6.8,2.253,4.539,1.173585571
26,6,-6.7,2.741,3.965,1.222865829
26,7,-6.6,2.848,5.296,1.204966594
26,8,-6.6,3.897,6.212,1.239704397
26,9,-6.6,3.676,6.207,1.455072088
27,1,-7,0,0,1.194773381
27,2,-6.9,2.136,4.929,1.307134756
27,3,-6.7,2.109,5.229,1.383449228
27,4,-6.7,1.711,2.16,1.337557321
27,5,-6.7,2.271,5.046,1.542899762
27,6,-6.5,1.908,2.882,0.987801414
27,7,-6.5,2.357,3.758,1.063703915
27,8,-6.3,2.469,5.885,1.394611122
27,9,-6.3,2.326,3.112,0.88878398
28,1,-7.9,0,0,0.94563845
28,2,-7.8,1.666,2.225,1.145955524
28,3,-7.6,3.896,5.86,0.609177139
28,4,-7.4,2.104,4.878,1.262671041
28,5,-7.1,3.652,5.885,1.088059355
28,6,-7,4.218,5.863,0.708532394
28,7,-6.9,2.183,2.969,1.334087668
28,8,-6.8,4.577,6.716,1.267230716
28,9,-6.8,2.432,3.217,1.326771002
29,1,-7,0,0,1.194349912
29,2,-6.9,2.12,4.932,1.299972636
29,3,-6.8,2.252,5.068,1.543039309
29,4,-6.6,1.71,2.491,1.209865322
29,5,-6.5,2.715,5.398,1.486191666
29,6,-6.4,2.377,5.32,1.246034421
29,7,-6.4,2.313,5.412,1.220408313
29,8,-6.3,2.815,5.431,1.456978117
29,9,-6.3,2.503,3.498,0.938352345
30,1,-7.9,0,0,0.945512253
30,2,-7.8,1.678,2.118,1.144472118
30,3,-7.7,3.926,5.922,0.606592369
30,4,-7.4,2.469,3.583,1.341230362
30,5,-7.4,2.108,4.907,1.24476315
30,6,-7.2,3.688,5.938,1.048581253
30,7,-7,4.201,6.287,1.35811596
30,8,-6.9,3.334,5.643,1.333456876
30,9,-6.9,4.175,7.236,1.422969131
31,1,-7.4,0,0,1.103359989
31,2,-7,3.754,6.602,1.671145524
31,3,-7,1.463,1.938,1.037906608
31,4,-7,3.714,6.357,1.120200753
31,5,-6.9,3.762,6.033,0.921752988
31,6,-6.8,2.254,4.491,1.175623693
31,7,-6.6,3.601,6.011,1.22699829
31,8,-6.6,2.422,4.854,0.679341819
31,9,-6.6,2.631,3.858,0.981856669
32,1,-7.9,0,0,0.955846868
32,2,-7.9,1.66,2.114,1.14253408
32,3,-7.7,3.938,5.915,0.611023656
32,4,-7.4,2.091,4.88,1.248693922
32,5,-7.2,3.658,5.934,1.054094633
32,6,-7.2,4.61,6.326,0.692578888
32,7,-7,5.011,7.14,1.372046371
32,8,-6.9,3.303,5.637,1.227368284
32,9,-6.7,4.324,7.222,1.568903296
33,1,-8.1,0,0,1.004471306
33,2,-7.7,1.667,2.184,0.989028742
33,3,-7.4,3.643,5.775,1.218572334
33,4,-7.3,3.995,5.911,0.831230653
33,5,-7.3,2.362,4.842,1.20241856
33,6,-7.1,4.847,7.002,1.374690681
33,7,-6.8,4.421,7.316,1.334223019
33,8,-6.6,4.021,6.192,0.786432956
33,9,-6.5,4.291,6.38,1.284305291
34,1,-8.2,0,0,1.372288186
34,2,-7.8,1.44,1.779,1.153160757
34,3,-7.7,4.478,6.573,1.125391925
34,4,-7.7,4.841,7.163,1.477176045
34,5,-7.4,3.967,6.206,1.42317293
34,6,-7.4,4.49,7.052,1.396327084
34,7,-7.1,2.059,2.785,1.042231081
34,8,-7.1,2.853,5.131,1.138160624
34,9,-6.9,3.191,4.116,0.976958975
35,1,-6.8,0,0,1.303983644
35,2,-6.8,2.059,4.957,1.193944163
35,3,-6.7,2.264,5.462,1.549066178
35,4,-6.6,2.387,6.031,1.292835441
35,5,-6.4,2.213,6.063,1.490012478
35,6,-6.4,2.109,3.006,1.197172732
35,7,-6.4,1.829,5.15,1.226429829
35,8,-6.3,2.447,6.059,1.384437999
35,9,-6.3,2.397,5.543,1.108625314
36,1,-7.9,0,0,0.955848635
36,2,-7.8,1.659,2.242,1.143852758
36,3,-7.7,3.926,5.906,0.617793068
36,4,-7.4,4.058,5.881,0.725777335
36,5,-7.3,2.137,4.877,1.248771237
36,6,-7.2,3.632,5.887,1.062839525
36,7,-7.1,3.562,5.904,1.50941425
36,8,-6.9,3.783,6.287,1.318352586
36,9,-6.8,4.7,6.872,1.362785818
37,1,-7.7,0,0,1.47295418
37,2,-7.5,1.208,1.785,1.207517454
37,3,-7.4,4.046,7.17,1.232467867
37,4,-7.3,3.097,5.693,1.229807209
37,5,-7.3,3.975,6.919,0.946778323
37,6,-7.2,4.33,6.809,1.224365908
37,7,-7.2,4.192,6.443,1.222953868
37,8,-7,4.202,6.991,0.792117076
37,9,-6.9,4.035,7.337,0.898871546
38,1,-7.5,0,0,1.479823597
38,2,-7.4,4.099,7.472,1.455183491
38,3,-7.4,2.892,5.345,1.516629565
38,4,-7.3,3.949,6.391,1.400922636
38,5,-7.3,3.077,6.374,1.310827575
38,6,-7.2,3.855,6.972,1.092331317
38,7,-7.2,4.263,6.66,1.490968083
38,8,-7.1,4.116,7.346,1.034035494
38,9,-6.9,4.19,6.81,1.341717872
39,1,-7.9,0,0,1.341570113
39,2,-7.7,4.336,7.08,1.374972977
39,3,-7.6,4.352,7.202,1.07851105
39,4,-7.5,4.425,7.187,1.320616984
39,5,-7.3,4.373,7.444,1.454941691
39,6,-7.2,4.136,6.508,1.098596451
39,7,-7.2,4.672,7.454,1.131153198
39,8,-7.1,3.609,5.887,1.425832334
39,9,-7,4.425,7.199,1.30441434
40,1,-8,0,0,0.837765794
40,2,-7.8,3.647,6.164,1.258010862
40,3,-7.6,2.748,5.203,1.110535557
40,4,-7.5,1.693,2.246,0.984178238
40,5,-7.3,3.691,5.729,1.118119867
40,6,-7.1,4.173,6.335,0.995529741
40,7,-7.1,2.39,2.985,0.736475145
40,8,-6.9,4.27,7.154,1.053841082
40,9,-6.9,3.595,4.798,1.199755594
41,1,-8.1,0,0,1.385786633
41,2,-7.9,4.247,6.539,1.081996296
41,3,-7.8,3.182,5.292,1.125259932
41,4,-7.6,2.132,5.185,1.367001619
41,5,-7.6,4.257,6.42,1.225832235
41,6,-7.6,3.988,5.499,1.276122945
41,7,-7.5,3.428,6.387,1.130775965
41,8,-7.5,4.201,7.442,1.303664853
41,9,-7.4,1.753,2.179,1.251346293
42,1,-7.8,0,0,1.30748357
42,2,-7.5,3.12,4.315,1.361772583
42,3,-7.5,1.773,4.657,0.865437005
42,4,-7.5,3.633,5.687,0.996428024
42,5,-7.3,3.418,5.118,1.355513139
42,6,-7.1,4.163,6.608,0.848954952
42,7,-7,4.329,6.814,0.735342808
42,8,-7,3.958,6.393,0.870316784
42,9,-7,3.504,4.94,0.99742292
43,1,-7.8,0,0,1.430302729
43,2,-7.5,1.245,1.705,1.399144629
43,3,-7.4,3.405,5.044,1.421080598
43,4,-7.4,4.295,6.745,1.32269674
43,5,-7.3,4.096,7.238,1.199300481
43,6,-7.2,3.972,6.962,1.062626453
43,7,-7.1,3.07,5.734,1.200062969
43,8,-7.1,4.231,6.772,1.395957835
43,9,-7.1,3.078,6.237,1.070289852
44,1,-7.7,0,0,1.547529693
44,2,-7.4,1.206,1.541,1.287258731
44,3,-7.3,3.937,7.029,1.137893274
44,4,-7.2,2.893,5.381,1.478370985
44,5,-7.1,3.053,6.321,1.561710051
44,6,-7.1,4.144,7.363,1.193796622
44,7,-7,4.278,6.92,1.39669372
44,8,-6.9,4.198,6.597,1.278875896
44,9,-6.7,4.121,7.447,1.229837055
45,1,-7.5,0,0,1.450184186
45,2,-7.1,0.982,1.363,1.341097652
45,3,-7.1,4.22,7.397,1.289512256
45,4,-7,4.353,6.808,1.371405187
45,5,-7,4.25,7.194,1.074288796
45,6,-6.9,4.147,7.044,0.976680614
45,7,-6.8,3.205,6.256,1.437914761
45,8,-6.8,4.029,6.511,1.022896964
45,9,-6.6,4.511,6.962,1.200899373
46,1,-8.7,0,0,0.951725032
46,2,-7.9,4.694,6.709,1.352919741
46,3,-7.8,4.174,7.031,1.173950639
46,4,-7.5,3.553,4.866,1.185221509
46,5,-7.4,4.231,5.792,1.339844872
46,6,-7.4,3.049,4.856,1.378138711
46,7,-7.3,1.445,2.16,1.194967039
46,8,-7.3,3.529,6.127,1.230598157
46,9,-7.2,3.531,6.149,1.250345446
47,1,-8,0,0,0.836129832
47,2,-8,1.278,1.453,0.704845873
47,3,-7.8,3.637,6.128,1.25776229
47,4,-7.5,2.777,5.358,1.117965959
47,5,-7.4,1.671,2.228,1.003790448
47,6,-7.3,3.683,5.657,1.107947403
47,7,-7.1,4.151,6.549,1.340547896
47,8,-7.1,4.151,6.291,0.881495096
47,9,-7,3.507,4.677,1.441639512
48,1,-8.2,0,0,0.970486597
48,2,-7.9,4.457,6.697,1.366387272
48,3,-7.6,4.398,7.314,0.972679046
48,4,-7.3,4.506,6.101,1.250347949
48,5,-7.2,3.297,5.914,1.175258809
48,6,-7.1,4.558,7.486,1.158411028
48,7,-7,3.733,6.455,1.114616917
48,8,-7,2.342,5.553,1.303519513
48,9,-6.9,5.343,8.296,1.017509838
49,1,-8,0,0,0.971513472
49,2,-7.8,1.636,2.187,1.142891899
49,3,-7.7,3.958,5.947,0.613057782
49,4,-7.4,2.08,4.932,1.233026845
49,5,-7.2,3.656,5.91,1.060451026
49,6,-7,3.009,4.095,1.177768901
49,7,-6.9,3.842,6.398,1.298075428
49,8,-6.7,4.678,7.062,1.22891123
49,9,-6.6,2.053,3.661,1.130491744
50,1,-8,0,0,1.023850411
50,2,-7.7,1.639,2.074,1.010859741
50,3,-7.3,3.628,5.791,1.222204311
50,4,-7.2,2.37,4.865,1.1728279
50,5,-7.1,2.068,4.788,1.33672104
50,6,-6.7,3.082,3.967,1.120893972
50,7,-6.7,4.349,7.249,1.335448519
50,8,-6.6,4.997,7.121,1.378396703
50,9,-6.6,3.852,6.382,1.524815034
51,1,-8,0,0,0.796072777
51,2,-7.9,1.577,2.032,1.008380459
51,3,-7.7,3.956,5.917,0.820697317
51,4,-7.5,4.08,5.971,0.79953427
51,5,-7.4,2.075,4.879,1.379292742
51,6,-7.2,3.585,5.819,1.280239857
51,7,-7,2.785,3.801,1.076418436
51,8,-7,3.239,5.481,1.234211742
51,9,-6.8,3.82,6.382,1.40347974
52,1,-7.7,0,0,1.466711225
52,2,-7.5,1.123,1.689,1.220803002
52,3,-7.3,4.009,7.172,1.339086827
52,4,-7.2,4.306,6.732,1.240516707
52,5,-7.2,3.038,5.712,1.340619819
52,6,-7.2,3.989,6.957,1.068851271
52,7,-7,4.25,6.868,1.179326741
52,8,-6.9,2.405,5.008,1.565399228
52,9,-6.8,4.031,6.392,0.922644884
53,1,-8.8,0,0,1.185699441
53,2,-8.7,1.279,1.966,1.072816834
53,3,-8.6,3.872,6.351,1.163089388
53,4,-8.2,2.71,3.965,1.263526527
53,5,-8.2,3.001,5.625,1.581266863
53,6,-8,3.893,7.442,1.533884202
53,7,-7.9,3.06,5.602,1.323259757
53,8,-7.7,1.844,2.298,1.530966709
53,9,-7.7,2.418,5.819,1.870087109
54,1,-7.8,0,0,1.558788454
54,2,-7.7,2.208,2.769,1.356234522
54,3,-7.7,2.925,5.718,1.057505187
54,4,-7.5,3.291,4.602,1.024342519
54,5,-7.5,3.354,4.47,1.046952878
54,6,-7.5,4.535,6.323,1.017662607
54,7,-7.5,4.472,6.586,1.272376628
54,8,-7.3,4.535,6.602,1.032843011
54,9,-7.2,2.183,4.751,0.711505393
55,1,-7.4,0,0,1.260931311
55,2,-7.4,3.89,7.062,1.429405608
55,3,-7.3,3.509,6.47,1.193046097
55,4,-7.2,2.654,5.827,1.337760874
55,5,-7.2,3.877,6.15,1.389311377
55,6,-7.1,2.733,5.839,1.308142811
55,7,-7,3.862,6.44,1.381376306
55,8,-7,3.705,6.686,1.189543542
55,9,-6.9,3.961,6.337,1.090595888
56,1,-7.8,0,0,1.154797592
56,2,-7.4,4.352,6.986,1.341128487
56,3,-7.4,4.257,6.324,1.502920715
56,4,-7.3,4.268,5.711,1.559871183
56,5,-7.3,3.617,6.165,1.585261204
56,6,-7,2.18,3.288,1.465002388
56,7,-6.9,2.906,4.742,1.603659111
56,8,-6.8,3.227,5.447,1.487444154
56,9,-6.8,2.082,4.768,1.829634953
57,1,-7.7,0,0,1.395574583
57,2,-7.7,4.357,7.199,1.271064745
57,3,-7.5,3.507,6.693,1.243294179
57,4,-7.5,3.234,5.764,1.567406143
57,5,-7.4,3.351,5.889,1.355965394
57,6,-7.3,3.485,5.753,1.168723066
57,7,-7.3,4.417,7.3,0.942902049
57,8,-7.2,4.357,7.518,1.104735831
57,9,-7.1,4.351,7.475,1.313117237
58,1,-8.9,0,0,1.185343136
58,2,-8.5,3.701,6.329,1.450292535
58,3,-8.3,2.027,2.444,1.604016859
58,4,-8.3,2.789,4.106,1.113457374
58,5,-8.1,4.637,8.263,1.45110132
58,6,-8.1,2.558,6.161,1.955776398
58,7,-8.1,3.393,6.084,1.385061213
58,8,-7.8,2.001,5.165,1.38773424
58,9,-7.7,4.028,6.274,1.186251808
59,1,-8,0,0,0.834341263
59,2,-7.8,3.609,6.16,1.265459382
59,3,-7.6,2.758,5.23,1.10542145
59,4,-7.3,4.52,6.891,1.647875852
59,5,-7.3,3.696,5.751,1.123500544
59,6,-6.9,4.166,6.58,1.165706385
59,7,-6.9,4.175,6.309,0.836446363
59,8,-6.8,4.177,6.593,1.322131129
59,9,-6.8,3.826,5.26,1.187129597
60,1,-8,0,0,1.44651439
60,2,-7.6,1.26,1.803,0.871126455
60,3,-7.6,3.528,4.986,1.292169568
60,4,-7.4,4.087,7.218,1.178661926
60,5,-7.4,3.996,7.017,0.837907634
60,6,-7.3,4.221,6.664,1.188215996
60,7,-7,4.367,7.05,1.253346808
60,8,-7,4.421,7.025,0.900403704
60,9,-7,2.496,5.681,1.232098088
61,1,-7.3,0,0,1.33466907
61,2,-7.3,3.872,6.201,1.581862737
61,3,-7.2,3.454,6.353,1.176368495
61,4,-7.2,2.605,5.772,1.468111167
61,5,-7.1,2.793,5.68,1.489794701
61,6,-6.9,3.625,5.748,1.487285572
61,7,-6.6,3.224,5.297,1.602789264
61,8,-6.5,1.891,5.134,1.214236909
61,9,-6.4,2.013,4.926,1.524343019
62,1,-7.6,0,0,1.480040155
62,2,-7,4.269,7.286,1.031974677
62,3,-7,3.258,6.033,1.358269263
62,4,-6.9,4.393,6.824,1.097203708
62,5,-6.9,4.101,7.015,0.696278822
62,6,-6.6,3.406,5.536,1.524861134
62,7,-6.5,4.445,7.294,1.240168827
62,8,-6.4,4.036,6.822,1.422023494
62,9,-6.4,1.212,1.818,1.67818142
63,1,-7.6,0,0,1.269837502
63,2,-7.6,4.366,7.211,1.365388861
63,3,-7.6,3.408,5.77,1.099361719
63,4,-7.5,0.831,1.3,1.147861368
63,5,-7.3,1.649,2.234,1.223905116
63,6,-7.1,4.008,6.653,1.294738089
63,7,-6.9,3.33,5.873,1.22239895
63,8,-6.8,2.1,3.185,1.063784165
63,9,-6.8,4.179,6.592,1.379710726
64,1,-8.9,0,0,1.079507644
64,2,-8.7,1.322,1.943,1.083265319
64,3,-8.6,3.897,6.386,1.204523202
64,4,-8.3,3.856,7.391,1.381107708
64,5,-8.3,2.722,3.939,1.216217611
64,6,-8.2,1.674,2.151,1.647961311
64,7,-8.1,2.016,4.693,1.57098395
64,8,-8,1.628,2.126,1.075036344
64,9,-7.9,4.428,6.579,1.693783663
65,1,-7.9,0,0,1.47401215
65,2,-7.8,1.249,1.737,1.196458214
65,3,-7.8,2.721,3.59,1.594964481
65,4,-7.7,2.241,2.873,1.56072764
65,5,-7.7,2.916,5.709,0.840106196
65,6,-7.6,1.353,1.669,0.981352707
65,7,-7.6,3.259,4.543,0.641234198
65,8,-7.5,3.569,4.691,1.182004882
65,9,-7.5,4.61,6.342,1.080298155
66,1,-7.3,0,0,1.293084113
66,2,-7.3,3.544,6.484,1.158754078
66,3,-7.1,3.472,5.564,1.346842957
66,4,-7.1,2.56,5.606,1.183676553
66,5,-7,3.978,6.364,1.430465489
66,6,-7,3.799,6.77,1.056338047
66,7,-6.6,3.924,6.702,0.987710619
66,8,-6.6,3.557,6.408,1.326164585
66,9,-6.6,3.585,5.695,1.047987512
67,1,-7.9,0,0,1.313020165
67,2,-7.9,3.826,5.147,1.177763075
67,3,-7.7,2.136,3.48,1.423282045
67,4,-7.7,3.358,5.919,1.029139002
67,5,-7.7,1.798,3.682,1.585190807
67,6,-7.6,2.112,5.111,1.41885896
67,7,-7.5,3.569,5.289,1.555649707
67,8,-7.5,1.992,4.681,1.445201279
67,9,-7.4,4.106,6.118,1.161862747
68,1,-7.9,0,0,0.911477711
68,2,-7.9,4.003,6.402,1.187544352
68,3,-7.8,1.358,2.088,1.043669284
68,4,-7.7,3.1,6.321,1.273400535
68,5,-7.6,1.802,2.575,1.043195981
68,6,-7.5,3.289,6.359,1.262070272
68,7,-7.2,4.085,5.843,1.202983586
68,8,-7.2,4.265,7.262,1.232876448
68,9,-7.2,2.82,5.172,1.224756657
69,1,-8.8,0,0,1.07691572
69,2,-8.6,3.866,6.32,1.237348135
69,3,-8.5,1.186,2.022,1.13539809
69,4,-8.2,2.701,4.007,1.329261778
69,5,-8.1,2.449,5.939,1.860223573
69,6,-8,1.694,2.26,1.736003175
69,7,-8,4.49,6.599,1.654746579
69,8,-8,2.009,4.673,1.542398527
69,9,-7.9,3.83,7.334,1.482928165
70,1,-7.9,0,0,1.445087327
70,2,-7.7,2.066,2.634,1.461174907
70,3,-7.7,2.928,5.778,0.913313543
70,4,-7.5,1.928,4.615,1.389409654
70,5,-7.5,3.264,4.55,0.84500632
70,6,-7.4,4.344,6.431,1.579129396
70,7,-7.2,2.574,3.27,1.016795719
70,8,-7.2,2.514,4.884,0.858641101
70,9,-6.9,3.587,4.693,1.411569013
71,1,-7.7,0,0,1.494190553
71,2,-7.3,3.944,7.048,1.181034233
71,3,-7.3,1.168,1.709,0.888053804
71,4,-7.2,3.02,6.306,1.355775455
71,5,-7.2,4.066,7.454,1.478701102
71,6,-7.2,4.231,6.656,1.401055301
71,7,-7.1,3.973,7.225,1.446866712
71,8,-7,4.047,6.798,1.412167376
71,9,-6.9,4.376,7.125,1.312036562
72,1,-7.9,0,0,1.213149663
72,2,-7.4,4.617,6.596,1.699768362
72,3,-7.3,4.39,6.967,1.423637183
72,4,-7.3,4.437,6.407,1.517942187
72,5,-7.2,4.228,5.741,1.474980507
72,6,-7.2,3.573,6.129,1.680499314
72,7,-6.9,3.9,6.738,1.453381336
72,8,-6.8,4.89,6.961,1.672645109
72,9,-6.7,3.431,5.865,1.220754634
73,1,-8.4,0,0,0.945188043
73,2,-8,4.639,6.525,1.418265433
73,3,-7.8,4.155,6.322,1.240815547
73,4,-7.6,3.498,5.928,1.158242426
73,5,-7.3,4.214,6.995,1.208113317
73,6,-7.3,2.842,4.812,1.472786342
73,7,-7.1,3.35,4.499,1.361990853
73,8,-6.7,2.85,5.559,1.230728069
73,9,-6.7,4.431,7.386,1.248138378
74,1,-8.9,0,0,1.098399095
74,2,-8.6,3.743,6.234,1.336155914
74,3,-8.5,1.489,2.181,1.317948328
74,4,-8.3,3.827,7.351,1.250391147
74,5,-8.3,2.987,5.587,1.680784058
74,6,-8.1,2.062,4.741,1.591999657
74,7,-8.1,2.73,4.046,1.240811237
74,8,-8,1.671,2.136,1.63295255
74,9,-7.9,3.467,5.916,1.319521667
75,1,-7.8,0,0,1.349627049
75,2,-7.7,2.144,2.72,1.47111462
75,3,-7.6,3.1,4.083,0.888232995
75,4,-7.6,2.195,4.815,1.482292649
75,5,-7.6,3.273,4.572,0.856405762
75,6,-7.6,3.094,5.884,1.283033886
75,7,-7.5,4.615,6.378,1.100348354
75,8,-7.5,4.095,5.805,1.122961602
75,9,-7.3,4.572,6.619,1.205551772
76,1,-7.3,0,0,1.245624788
76,2,-7.2,3.594,6.545,1.165040101
76,3,-7.1,3.606,5.821,1.154389759
76,4,-7,2.641,5.596,1.200517133
76,5,-6.9,2.33,4.976,1.590675734
76,6,-6.9,3.665,5.824,1.355788298
76,7,-6.8,2.72,5.751,1.190328757
76,8,-6.8,3.998,6.243,1.304401994
76,9,-6.8,3.689,6.575,1.235141804
77,1,-7.5,0,0,1.206478389
77,2,-7.4,3.611,6.473,1.316074775
77,3,-7.2,3.483,6.462,0.887084438
77,4,-7.1,3.777,5.85,1.307704165
77,5,-6.9,3.672,6.57,0.945145283
77,6,-6.8,3.873,6.297,1.002642369
77,7,-6.7,3.478,5.981,1.215680946
77,8,-6.7,4.566,7.153,1.276562071
77,9,-6.6,3.745,6.609,1.161707617
78,1,-8.8,0,0,1.218215997
78,2,-8.4,3.717,6.265,1.154795011
78,3,-8.3,2.73,5.204,1.80076124
78,4,-8,3.938,7.493,1.662261306
78,5,-8,4.21,6.416,1.590614264
78,6,-7.9,2.167,5.337,1.584105093
78,7,-7.9,1.291,1.957,1.398609554
78,8,-7.8,2.847,4.132,1.251942957
78,9,-7.6,3.007,5.591,1.327578416
79,1,-7.9,0,0,1.29515127
79,2,-7.8,2.471,3.328,1.044576477
79,3,-7.8,1.277,1.985,1.104696519
79,4,-7.8,2.245,2.861,1.52391435
79,5,-7.6,2.83,5.634,1.064049893
79,6,-7.6,4.457,6.552,1.446044826
79,7,-7.5,3.919,5.697,1.006672815
79,8,-7.5,3.407,4.672,0.814823106
79,9,-7.4,3.714,4.921,1.531650328
80,1,-7.6,0,0,1.277070184
80,2,-7.3,3.458,6.496,1.171449085
80,3,-7.2,3.903,6.063,1.320217157
80,4,-7.1,3.433,5.269,1.107706231
80,5,-7,3.782,6.242,1.250338348
80,6,-6.9,3.575,6.088,1.267739989
80,7,-6.8,4.134,6.524,1.122797862
80,8,-6.7,3.412,5.568,1.118513062
80,9,-6.4,3.801,6.457,1.33026258
81,1,-8.8,0,0,1.18869415
81,2,-8.6,3.875,6.334,1.214330054
81,3,-8.5,1.452,2.172,1.375331597
81,4,-8.3,3.843,7.421,1.456445897
81,5,-8,3.131,5.771,1.570251756
81,6,-8,2.065,4.733,1.485581832
81,7,-7.8,2.732,3.907,1.2511248
81,8,-7.8,2.006,5.134,1.428482549
81,9,-7.7,4.565,8.06,1.579378951
82,1,-7.7,0,0,1.471091934
82,2,-7.6,1.374,2.008,1.426101418
82,3,-7.3,4.015,7.196,1.228307897
82,4,-7.2,2.666,5.082,1.626288333
82,5,-7.2,3.043,5.747,1.343058795
82,6,-7.2,3.811,5.897,0.950151816
82,7,-7.2,3.967,6.881,1.08204617
82,8,-6.9,2.299,5.553,1.482277962
82,9,-6.8,2.464,5.813,1.505923992
