Molecule,Smiles,IC50,affinity(kcal/mol),rmsd l.b.,rmsd u.b.
CHEMBL3902813,O=C(Nc1c(OCc2ccc(Cl)cc2)cccc1C(=O)O)c1ccccc1,50000.0,-9.8,0.0,0.0
CHEMBL3902813,O=C(Nc1c(OCc2ccc(Cl)cc2)cccc1C(=O)O)c1ccccc1,50000.0,-9.7,1.148,3.624
CHEMBL3902813,O=C(Nc1c(OCc2ccc(Cl)cc2)cccc1C(=O)O)c1ccccc1,50000.0,-9.5,2.958,5.097
CHEMBL3902813,O=C(Nc1c(OCc2ccc(Cl)cc2)cccc1C(=O)O)c1ccccc1,50000.0,-8.9,2.221,5.019
CHEMBL3902813,O=C(Nc1c(OCc2ccc(Cl)cc2)cccc1C(=O)O)c1ccccc1,50000.0,-8.8,1.957,4.37
CHEMBL3902813,O=C(Nc1c(OCc2ccc(Cl)cc2)cccc1C(=O)O)c1ccccc1,50000.0,-8.7,2.257,4.925
CHEMBL3902813,O=C(Nc1c(OCc2ccc(Cl)cc2)cccc1C(=O)O)c1ccccc1,50000.0,-8.7,3.261,5.36
CHEMBL3902813,O=C(Nc1c(OCc2ccc(Cl)cc2)cccc1C(=O)O)c1ccccc1,50000.0,-8.4,3.027,4.594
CHEMBL3902813,O=C(Nc1c(OCc2ccc(Cl)cc2)cccc1C(=O)O)c1ccccc1,50000.0,-8.3,3.007,5.143
CHEMBL4638107,COc1ccc2c(c1)[C@H]1[C@@H](CCN1CCN(C)C)CCn1c-2c(C2CCCCC2)c2ccc(C(=O)O)cc21,4.0,-9.8,0.0,0.0
CHEMBL4638107,COc1ccc2c(c1)[C@H]1[C@@H](CCN1CCN(C)C)CCn1c-2c(C2CCCCC2)c2ccc(C(=O)O)cc21,4.0,-9.7,1.67,5.726
CHEMBL4638107,COc1ccc2c(c1)[C@H]1[C@@H](CCN1CCN(C)C)CCn1c-2c(C2CCCCC2)c2ccc(C(=O)O)cc21,4.0,-9.6,1.316,3.551
CHEMBL4638107,COc1ccc2c(c1)[C@H]1[C@@H](CCN1CCN(C)C)CCn1c-2c(C2CCCCC2)c2ccc(C(=O)O)cc21,4.0,-8.8,1.91,5.699
CHEMBL4638630,COc1ccc2c(c1)C=C(c1c(C(=O)C3C4CCCC3COC4)cnn1-c1ccncc1C)Cn1c-2c(C2CCCCC2)c2ccc(C(=O)NS(=O)(=O)C(C)C)cc21,4.3,-7.8,0.0,0.0
CHEMBL4638630,COc1ccc2c(c1)C=C(c1c(C(=O)C3C4CCCC3COC4)cnn1-c1ccncc1C)Cn1c-2c(C2CCCCC2)c2ccc(C(=O)NS(=O)(=O)C(C)C)cc21,4.3,-7.3,1.302,3.001
CHEMBL4638630,COc1ccc2c(c1)C=C(c1c(C(=O)C3C4CCCC3COC4)cnn1-c1ccncc1C)Cn1c-2c(C2CCCCC2)c2ccc(C(=O)NS(=O)(=O)C(C)C)cc21,4.3,-6.4,0.821,1.117
CHEMBL4638630,COc1ccc2c(c1)C=C(c1c(C(=O)C3C4CCCC3COC4)cnn1-c1ccncc1C)Cn1c-2c(C2CCCCC2)c2ccc(C(=O)NS(=O)(=O)C(C)C)cc21,4.3,-5.0,2.052,5.261
CHEMBL4646449,Cc1ccc2c(-c3ccc[nH]c3=O)c(C(=O)NS(=O)(=O)C3CC3)n(Cc3cc(F)ccc3F)c2c1,5.0,-3.3,0.0,0.0
CHEMBL4646449,Cc1ccc2c(-c3ccc[nH]c3=O)c(C(=O)NS(=O)(=O)C3CC3)n(Cc3cc(F)ccc3F)c2c1,5.0,-3.2,1.671,1.961
CHEMBL4646449,Cc1ccc2c(-c3ccc[nH]c3=O)c(C(=O)NS(=O)(=O)C3CC3)n(Cc3cc(F)ccc3F)c2c1,5.0,-2.9,1.398,2.015
CHEMBL4646449,Cc1ccc2c(-c3ccc[nH]c3=O)c(C(=O)NS(=O)(=O)C3CC3)n(Cc3cc(F)ccc3F)c2c1,5.0,-2.9,3.421,7.162
CHEMBL4635161,CN(C)CCN(C)[C@@H]1Cn2c(c(C3CCCCC3)c3ccc(C(=O)O)cc32)-c2ccccc2O1,6.0,-10.3,0.0,0.0
CHEMBL4635161,CN(C)CCN(C)[C@@H]1Cn2c(c(C3CCCCC3)c3ccc(C(=O)O)cc32)-c2ccccc2O1,6.0,-9.9,1.05,2.065
CHEMBL4635161,CN(C)CCN(C)[C@@H]1Cn2c(c(C3CCCCC3)c3ccc(C(=O)O)cc32)-c2ccccc2O1,6.0,-9.3,1.731,4.984
CHEMBL4635161,CN(C)CCN(C)[C@@H]1Cn2c(c(C3CCCCC3)c3ccc(C(=O)O)cc32)-c2ccccc2O1,6.0,-9.2,1.385,3.945
CHEMBL4635161,CN(C)CCN(C)[C@@H]1Cn2c(c(C3CCCCC3)c3ccc(C(=O)O)cc32)-c2ccccc2O1,6.0,-8.3,2.435,6.28
CHEMBL4635161,CN(C)CCN(C)[C@@H]1Cn2c(c(C3CCCCC3)c3ccc(C(=O)O)cc32)-c2ccccc2O1,6.0,-8.2,2.193,3.738
CHEMBL4635161,CN(C)CCN(C)[C@@H]1Cn2c(c(C3CCCCC3)c3ccc(C(=O)O)cc32)-c2ccccc2O1,6.0,-8.0,2.689,4.93
CHEMBL4635161,CN(C)CCN(C)[C@@H]1Cn2c(c(C3CCCCC3)c3ccc(C(=O)O)cc32)-c2ccccc2O1,6.0,-7.9,1.331,3.942
CHEMBL4635161,CN(C)CCN(C)[C@@H]1Cn2c(c(C3CCCCC3)c3ccc(C(=O)O)cc32)-c2ccccc2O1,6.0,-7.5,2.244,5.739
CHEMBL4633142,CC1COc2cc3c(-c4ccc[nH]c4=O)c(C(=O)NS(C)(=O)=O)n(Cc4cc(F)ccc4F)c3cc21,6.0,-1.7,0.0,0.0
CHEMBL4633142,CC1COc2cc3c(-c4ccc[nH]c4=O)c(C(=O)NS(C)(=O)=O)n(Cc4cc(F)ccc4F)c3cc21,6.0,-0.8,0.728,1.693
CHEMBL245328,O=C(O)c1ccc2c(C3CCCCC3)c3n(c2c1)CCOc1cc(OCc2cc(N4CCCC4=O)ccc2N2CCOCC2)ccc1-3,7.2,-11.3,0.0,0.0
CHEMBL245328,O=C(O)c1ccc2c(C3CCCCC3)c3n(c2c1)CCOc1cc(OCc2cc(N4CCCC4=O)ccc2N2CCOCC2)ccc1-3,7.2,-11.1,1.353,2.963
CHEMBL245328,O=C(O)c1ccc2c(C3CCCCC3)c3n(c2c1)CCOc1cc(OCc2cc(N4CCCC4=O)ccc2N2CCOCC2)ccc1-3,7.2,-10.5,1.529,3.755
CHEMBL245328,O=C(O)c1ccc2c(C3CCCCC3)c3n(c2c1)CCOc1cc(OCc2cc(N4CCCC4=O)ccc2N2CCOCC2)ccc1-3,7.2,-10.1,0.805,2.387
CHEMBL245328,O=C(O)c1ccc2c(C3CCCCC3)c3n(c2c1)CCOc1cc(OCc2cc(N4CCCC4=O)ccc2N2CCOCC2)ccc1-3,7.2,-10.0,5.183,7.576
CHEMBL245328,O=C(O)c1ccc2c(C3CCCCC3)c3n(c2c1)CCOc1cc(OCc2cc(N4CCCC4=O)ccc2N2CCOCC2)ccc1-3,7.2,-9.8,2.356,7.738
CHEMBL245328,O=C(O)c1ccc2c(C3CCCCC3)c3n(c2c1)CCOc1cc(OCc2cc(N4CCCC4=O)ccc2N2CCOCC2)ccc1-3,7.2,-9.7,5.307,8.432
CHEMBL245328,O=C(O)c1ccc2c(C3CCCCC3)c3n(c2c1)CCOc1cc(OCc2cc(N4CCCC4=O)ccc2N2CCOCC2)ccc1-3,7.2,-8.9,2.803,4.298
CHEMBL245328,O=C(O)c1ccc2c(C3CCCCC3)c3n(c2c1)CCOc1cc(OCc2cc(N4CCCC4=O)ccc2N2CCOCC2)ccc1-3,7.2,-8.8,2.371,7.977
CHEMBL2011266,Cc1cc2c(-c3ccc[nH]c3=O)c(C(=O)NS(=O)(=O)C3CC3)n(Cc3cc(F)ccc3F)c2cc1F,8.0,-5.2,0.0,0.0
CHEMBL2011266,Cc1cc2c(-c3ccc[nH]c3=O)c(C(=O)NS(=O)(=O)C3CC3)n(Cc3cc(F)ccc3F)c2cc1F,8.0,-3.7,1.391,2.093
CHEMBL2011266,Cc1cc2c(-c3ccc[nH]c3=O)c(C(=O)NS(=O)(=O)C3CC3)n(Cc3cc(F)ccc3F)c2cc1F,8.0,-2.4,3.819,6.906
CHEMBL372357,O=c1c(C2=Nc3ccccc3S(=O)(=O)N2)c(O)c2cc(F)ccc2n1CCC1CC1,10.0,-8.5,0.0,0.0
CHEMBL372357,O=c1c(C2=Nc3ccccc3S(=O)(=O)N2)c(O)c2cc(F)ccc2n1CCC1CC1,10.0,-7.4,4.222,8.717
CHEMBL372357,O=c1c(C2=Nc3ccccc3S(=O)(=O)N2)c(O)c2cc(F)ccc2n1CCC1CC1,10.0,-7.3,1.845,3.778
CHEMBL372357,O=c1c(C2=Nc3ccccc3S(=O)(=O)N2)c(O)c2cc(F)ccc2n1CCC1CC1,10.0,-7.0,3.289,7.94
CHEMBL372357,O=c1c(C2=Nc3ccccc3S(=O)(=O)N2)c(O)c2cc(F)ccc2n1CCC1CC1,10.0,-7.0,2.167,4.355
CHEMBL372357,O=c1c(C2=Nc3ccccc3S(=O)(=O)N2)c(O)c2cc(F)ccc2n1CCC1CC1,10.0,-6.6,3.22,7.647
CHEMBL372357,O=c1c(C2=Nc3ccccc3S(=O)(=O)N2)c(O)c2cc(F)ccc2n1CCC1CC1,10.0,-6.0,2.822,4.306
CHEMBL372357,O=c1c(C2=Nc3ccccc3S(=O)(=O)N2)c(O)c2cc(F)ccc2n1CCC1CC1,10.0,-5.8,2.585,4.864
CHEMBL372357,O=c1c(C2=Nc3ccccc3S(=O)(=O)N2)c(O)c2cc(F)ccc2n1CCC1CC1,10.0,-8.5,0.0,0.0
CHEMBL372357,O=c1c(C2=Nc3ccccc3S(=O)(=O)N2)c(O)c2cc(F)ccc2n1CCC1CC1,10.0,-7.4,4.228,8.692
CHEMBL372357,O=c1c(C2=Nc3ccccc3S(=O)(=O)N2)c(O)c2cc(F)ccc2n1CCC1CC1,10.0,-7.3,1.846,3.788
CHEMBL372357,O=c1c(C2=Nc3ccccc3S(=O)(=O)N2)c(O)c2cc(F)ccc2n1CCC1CC1,10.0,-7.0,3.289,7.94
CHEMBL372357,O=c1c(C2=Nc3ccccc3S(=O)(=O)N2)c(O)c2cc(F)ccc2n1CCC1CC1,10.0,-7.0,2.164,4.364
CHEMBL372357,O=c1c(C2=Nc3ccccc3S(=O)(=O)N2)c(O)c2cc(F)ccc2n1CCC1CC1,10.0,-6.6,3.217,7.643
CHEMBL372357,O=c1c(C2=Nc3ccccc3S(=O)(=O)N2)c(O)c2cc(F)ccc2n1CCC1CC1,10.0,-5.9,2.795,4.286
CHEMBL372357,O=c1c(C2=Nc3ccccc3S(=O)(=O)N2)c(O)c2cc(F)ccc2n1CCC1CC1,10.0,-5.7,2.588,4.855
CHEMBL4638877,Cn1c(-c2ccc(OCc3cc(N4CCCC4=O)ccc3N3CCOCC3)cc2)c(C2CCCCC2)c2sc(C(=O)O)cc21,10.0,-9.6,0.0,0.0
CHEMBL4638877,Cn1c(-c2ccc(OCc3cc(N4CCCC4=O)ccc3N3CCOCC3)cc2)c(C2CCCCC2)c2sc(C(=O)O)cc21,10.0,-9.3,1.345,3.117
CHEMBL4638877,Cn1c(-c2ccc(OCc3cc(N4CCCC4=O)ccc3N3CCOCC3)cc2)c(C2CCCCC2)c2sc(C(=O)O)cc21,10.0,-9.0,2.705,7.834
CHEMBL4638877,Cn1c(-c2ccc(OCc3cc(N4CCCC4=O)ccc3N3CCOCC3)cc2)c(C2CCCCC2)c2sc(C(=O)O)cc21,10.0,-8.7,2.777,8.037
CHEMBL4638877,Cn1c(-c2ccc(OCc3cc(N4CCCC4=O)ccc3N3CCOCC3)cc2)c(C2CCCCC2)c2sc(C(=O)O)cc21,10.0,-8.1,4.887,7.525
CHEMBL4638877,Cn1c(-c2ccc(OCc3cc(N4CCCC4=O)ccc3N3CCOCC3)cc2)c(C2CCCCC2)c2sc(C(=O)O)cc21,10.0,-7.8,2.892,4.26
CHEMBL4638877,Cn1c(-c2ccc(OCc3cc(N4CCCC4=O)ccc3N3CCOCC3)cc2)c(C2CCCCC2)c2sc(C(=O)O)cc21,10.0,-7.6,1.569,3.736
CHEMBL4643906,Cc1c(C(=O)O)sc2c(C3CCCCC3)c(-c3ccccc3)n(CC(=O)N(C)C3CCN(C(C)C)C3)c12,10.0,-9.1,0.0,0.0
CHEMBL4643906,Cc1c(C(=O)O)sc2c(C3CCCCC3)c(-c3ccccc3)n(CC(=O)N(C)C3CCN(C(C)C)C3)c12,10.0,-8.7,1.162,2.069
CHEMBL4643906,Cc1c(C(=O)O)sc2c(C3CCCCC3)c(-c3ccccc3)n(CC(=O)N(C)C3CCN(C(C)C)C3)c12,10.0,-8.7,1.798,4.64
CHEMBL4643906,Cc1c(C(=O)O)sc2c(C3CCCCC3)c(-c3ccccc3)n(CC(=O)N(C)C3CCN(C(C)C)C3)c12,10.0,-8.5,1.741,3.74
CHEMBL4643906,Cc1c(C(=O)O)sc2c(C3CCCCC3)c(-c3ccccc3)n(CC(=O)N(C)C3CCN(C(C)C)C3)c12,10.0,-8.1,2.417,5.702
CHEMBL4643906,Cc1c(C(=O)O)sc2c(C3CCCCC3)c(-c3ccccc3)n(CC(=O)N(C)C3CCN(C(C)C)C3)c12,10.0,-7.5,1.872,4.117
CHEMBL4643906,Cc1c(C(=O)O)sc2c(C3CCCCC3)c(-c3ccccc3)n(CC(=O)N(C)C3CCN(C(C)C)C3)c12,10.0,-7.1,2.384,3.951
CHEMBL4643906,Cc1c(C(=O)O)sc2c(C3CCCCC3)c(-c3ccccc3)n(CC(=O)N(C)C3CCN(C(C)C)C3)c12,10.0,-7.0,1.718,5.39
CHEMBL4643906,Cc1c(C(=O)O)sc2c(C3CCCCC3)c(-c3ccccc3)n(CC(=O)N(C)C3CCN(C(C)C)C3)c12,10.0,-6.6,2.157,4.746
CHEMBL202319,O=c1c(C2=NS(=O)(=O)c3ccccc3N2)c(O)c2ccccc2n1CCC1CC1,13.0,-8.8,0.0,0.0
CHEMBL202319,O=c1c(C2=NS(=O)(=O)c3ccccc3N2)c(O)c2ccccc2n1CCC1CC1,13.0,-7.7,1.269,3.613
CHEMBL202319,O=c1c(C2=NS(=O)(=O)c3ccccc3N2)c(O)c2ccccc2n1CCC1CC1,13.0,-7.0,1.433,4.064
CHEMBL202319,O=c1c(C2=NS(=O)(=O)c3ccccc3N2)c(O)c2ccccc2n1CCC1CC1,13.0,-7.0,2.462,7.756
CHEMBL202319,O=c1c(C2=NS(=O)(=O)c3ccccc3N2)c(O)c2ccccc2n1CCC1CC1,13.0,-6.7,2.361,7.44
CHEMBL202319,O=c1c(C2=NS(=O)(=O)c3ccccc3N2)c(O)c2ccccc2n1CCC1CC1,13.0,-6.5,1.281,3.179
CHEMBL202319,O=c1c(C2=NS(=O)(=O)c3ccccc3N2)c(O)c2ccccc2n1CCC1CC1,13.0,-6.0,2.389,4.071
CHEMBL202319,O=c1c(C2=NS(=O)(=O)c3ccccc3N2)c(O)c2ccccc2n1CCC1CC1,13.0,-5.9,1.427,2.169
CHEMBL202319,O=c1c(C2=NS(=O)(=O)c3ccccc3N2)c(O)c2ccccc2n1CCC1CC1,13.0,-5.9,2.303,8.942
CHEMBL372357,O=c1c(C2=Nc3ccccc3S(=O)(=O)N2)c(O)c2cc(F)ccc2n1CCC1CC1,13.0,-8.5,0.0,0.0
CHEMBL372357,O=c1c(C2=Nc3ccccc3S(=O)(=O)N2)c(O)c2cc(F)ccc2n1CCC1CC1,13.0,-7.3,1.847,3.78
CHEMBL372357,O=c1c(C2=Nc3ccccc3S(=O)(=O)N2)c(O)c2cc(F)ccc2n1CCC1CC1,13.0,-7.0,3.288,7.939
CHEMBL372357,O=c1c(C2=Nc3ccccc3S(=O)(=O)N2)c(O)c2cc(F)ccc2n1CCC1CC1,13.0,-7.0,2.169,4.358
CHEMBL372357,O=c1c(C2=Nc3ccccc3S(=O)(=O)N2)c(O)c2cc(F)ccc2n1CCC1CC1,13.0,-6.6,3.215,7.647
CHEMBL372357,O=c1c(C2=Nc3ccccc3S(=O)(=O)N2)c(O)c2cc(F)ccc2n1CCC1CC1,13.0,-5.9,2.827,4.328
CHEMBL372357,O=c1c(C2=Nc3ccccc3S(=O)(=O)N2)c(O)c2cc(F)ccc2n1CCC1CC1,13.0,-5.8,2.587,4.859
CHEMBL4643189,O=C(O)c1ccc2c(c1)nc(-c1ccc(OCc3ccc(N4CCCC4=O)cc3-c3ccc(Cl)cc3)cc1F)n2C1CCCCC1,17.0,-11.0,0.0,0.0
CHEMBL4643189,O=C(O)c1ccc2c(c1)nc(-c1ccc(OCc3ccc(N4CCCC4=O)cc3-c3ccc(Cl)cc3)cc1F)n2C1CCCCC1,17.0,-9.3,5.496,8.126
CHEMBL4643189,O=C(O)c1ccc2c(c1)nc(-c1ccc(OCc3ccc(N4CCCC4=O)cc3-c3ccc(Cl)cc3)cc1F)n2C1CCCCC1,17.0,-9.2,1.953,8.903
CHEMBL4643189,O=C(O)c1ccc2c(c1)nc(-c1ccc(OCc3ccc(N4CCCC4=O)cc3-c3ccc(Cl)cc3)cc1F)n2C1CCCCC1,17.0,-9.0,5.451,8.262
CHEMBL4643189,O=C(O)c1ccc2c(c1)nc(-c1ccc(OCc3ccc(N4CCCC4=O)cc3-c3ccc(Cl)cc3)cc1F)n2C1CCCCC1,17.0,-8.7,3.002,8.7
CHEMBL4643189,O=C(O)c1ccc2c(c1)nc(-c1ccc(OCc3ccc(N4CCCC4=O)cc3-c3ccc(Cl)cc3)cc1F)n2C1CCCCC1,17.0,-8.4,4.78,8.5
CHEMBL3422107,CC(C)N1CC[C@@H](N2CCn3c(c(C4CCCCC4)c4sc(C(=O)O)cc43)-c3ccccc3C2)C1,19.0,-11.4,0.0,0.0
CHEMBL3422107,CC(C)N1CC[C@@H](N2CCn3c(c(C4CCCCC4)c4sc(C(=O)O)cc43)-c3ccccc3C2)C1,19.0,-10.8,0.635,1.084
CHEMBL3422107,CC(C)N1CC[C@@H](N2CCn3c(c(C4CCCCC4)c4sc(C(=O)O)cc43)-c3ccccc3C2)C1,19.0,-8.9,2.582,3.572
CHEMBL3422107,CC(C)N1CC[C@@H](N2CCn3c(c(C4CCCCC4)c4sc(C(=O)O)cc43)-c3ccccc3C2)C1,19.0,-8.9,2.809,6.109
CHEMBL3422107,CC(C)N1CC[C@@H](N2CCn3c(c(C4CCCCC4)c4sc(C(=O)O)cc43)-c3ccccc3C2)C1,19.0,-8.8,2.299,5.295
CHEMBL3422107,CC(C)N1CC[C@@H](N2CCn3c(c(C4CCCCC4)c4sc(C(=O)O)cc43)-c3ccccc3C2)C1,19.0,-8.7,2.265,5.753
CHEMBL3422107,CC(C)N1CC[C@@H](N2CCn3c(c(C4CCCCC4)c4sc(C(=O)O)cc43)-c3ccccc3C2)C1,19.0,-8.7,3.726,6.345
CHEMBL3422107,CC(C)N1CC[C@@H](N2CCn3c(c(C4CCCCC4)c4sc(C(=O)O)cc43)-c3ccccc3C2)C1,19.0,-8.5,1.785,3.633
CHEMBL353549,O=C(N[C@@H](Cc1c[nH]c2ccccc12)C(=O)O)c1ccc2c(c1)nc(-c1ccoc1)n2C1CCCCC1,19.0,-10.4,0.0,0.0
CHEMBL353549,O=C(N[C@@H](Cc1c[nH]c2ccccc12)C(=O)O)c1ccc2c(c1)nc(-c1ccoc1)n2C1CCCCC1,19.0,-10.3,0.819,2.079
CHEMBL353549,O=C(N[C@@H](Cc1c[nH]c2ccccc12)C(=O)O)c1ccc2c(c1)nc(-c1ccoc1)n2C1CCCCC1,19.0,-9.8,2.011,6.161
CHEMBL353549,O=C(N[C@@H](Cc1c[nH]c2ccccc12)C(=O)O)c1ccc2c(c1)nc(-c1ccoc1)n2C1CCCCC1,19.0,-9.8,1.969,6.306
CHEMBL353549,O=C(N[C@@H](Cc1c[nH]c2ccccc12)C(=O)O)c1ccc2c(c1)nc(-c1ccoc1)n2C1CCCCC1,19.0,-9.2,1.645,2.701
CHEMBL353549,O=C(N[C@@H](Cc1c[nH]c2ccccc12)C(=O)O)c1ccc2c(c1)nc(-c1ccoc1)n2C1CCCCC1,19.0,-9.1,1.674,6.399
CHEMBL353549,O=C(N[C@@H](Cc1c[nH]c2ccccc12)C(=O)O)c1ccc2c(c1)nc(-c1ccoc1)n2C1CCCCC1,19.0,-9.1,1.838,2.83
CHEMBL353549,O=C(N[C@@H](Cc1c[nH]c2ccccc12)C(=O)O)c1ccc2c(c1)nc(-c1ccoc1)n2C1CCCCC1,19.0,-9.0,2.42,4.098
CHEMBL353549,O=C(N[C@@H](Cc1c[nH]c2ccccc12)C(=O)O)c1ccc2c(c1)nc(-c1ccoc1)n2C1CCCCC1,19.0,-9.0,1.557,2.342
CHEMBL202317,CC(C)CCn1c(=O)c(C2=NS(=O)(=O)c3ccccc3N2)c(O)c2cc(F)ccc21,20.0,-8.3,0.0,0.0
CHEMBL202317,CC(C)CCn1c(=O)c(C2=NS(=O)(=O)c3ccccc3N2)c(O)c2cc(F)ccc21,20.0,-7.8,2.042,4.037
CHEMBL202317,CC(C)CCn1c(=O)c(C2=NS(=O)(=O)c3ccccc3N2)c(O)c2cc(F)ccc21,20.0,-6.4,2.551,4.689
CHEMBL202317,CC(C)CCn1c(=O)c(C2=NS(=O)(=O)c3ccccc3N2)c(O)c2cc(F)ccc21,20.0,-5.6,3.321,7.918
CHEMBL425221,CC(C)CCn1c(=O)c(C2=NS(=O)(=O)c3ccccc3N2)c(O)c2cc(NCC(=O)O)ccc21,21.0,-7.1,0.0,0.0
CHEMBL425221,CC(C)CCn1c(=O)c(C2=NS(=O)(=O)c3ccccc3N2)c(O)c2cc(NCC(=O)O)ccc21,21.0,-5.9,1.346,2.025
CHEMBL425221,CC(C)CCn1c(=O)c(C2=NS(=O)(=O)c3ccccc3N2)c(O)c2cc(NCC(=O)O)ccc21,21.0,-5.8,2.438,4.39
CHEMBL425221,CC(C)CCn1c(=O)c(C2=NS(=O)(=O)c3ccccc3N2)c(O)c2cc(NCC(=O)O)ccc21,21.0,-5.1,1.37,2.223
CHEMBL425221,CC(C)CCn1c(=O)c(C2=NS(=O)(=O)c3ccccc3N2)c(O)c2cc(NCC(=O)O)ccc21,21.0,-4.2,2.886,8.134
CHEMBL202405,CC(C)(C)CCn1c(=O)c(C2=NS(=O)(=O)c3ccccc3N2)c(O)c2ccccc21,21.0,-8.3,0.0,0.0
CHEMBL202405,CC(C)(C)CCn1c(=O)c(C2=NS(=O)(=O)c3ccccc3N2)c(O)c2ccccc21,21.0,-7.8,1.314,3.745
CHEMBL202405,CC(C)(C)CCn1c(=O)c(C2=NS(=O)(=O)c3ccccc3N2)c(O)c2ccccc21,21.0,-7.5,4.117,8.719
CHEMBL202405,CC(C)(C)CCn1c(=O)c(C2=NS(=O)(=O)c3ccccc3N2)c(O)c2ccccc21,21.0,-5.8,1.998,4.635
CHEMBL202405,CC(C)(C)CCn1c(=O)c(C2=NS(=O)(=O)c3ccccc3N2)c(O)c2ccccc21,21.0,-5.4,1.408,2.247
CHEMBL379033,COc1ccc2c(c1)c(O)c(C1=NS(=O)(=O)c3ccccc3N1)c(=O)n2CCC(C)C,23.0,-7.2,0.0,0.0
CHEMBL379033,COc1ccc2c(c1)c(O)c(C1=NS(=O)(=O)c3ccccc3N1)c(=O)n2CCC(C)C,23.0,-5.9,1.37,2.092
CHEMBL379033,COc1ccc2c(c1)c(O)c(C1=NS(=O)(=O)c3ccccc3N1)c(=O)n2CCC(C)C,23.0,-5.7,2.094,4.061
CHEMBL379033,COc1ccc2c(c1)c(O)c(C1=NS(=O)(=O)c3ccccc3N1)c(=O)n2CCC(C)C,23.0,-4.9,1.358,2.263
CHEMBL379033,COc1ccc2c(c1)c(O)c(C1=NS(=O)(=O)c3ccccc3N1)c(=O)n2CCC(C)C,23.0,-4.6,3.196,8.508
CHEMBL380686,CC(C)CCn1c(=O)c(C2=NS(=O)(=O)c3ccccc3N2)c(O)c2cc(OCC(N)=O)ccc21,24.0,-7.3,0.0,0.0
CHEMBL380686,CC(C)CCn1c(=O)c(C2=NS(=O)(=O)c3ccccc3N2)c(O)c2cc(OCC(N)=O)ccc21,24.0,-6.5,1.171,1.465
CHEMBL380686,CC(C)CCn1c(=O)c(C2=NS(=O)(=O)c3ccccc3N2)c(O)c2cc(OCC(N)=O)ccc21,24.0,-6.1,1.297,2.09
CHEMBL380686,CC(C)CCn1c(=O)c(C2=NS(=O)(=O)c3ccccc3N2)c(O)c2cc(OCC(N)=O)ccc21,24.0,-5.9,2.519,4.36
CHEMBL380686,CC(C)CCn1c(=O)c(C2=NS(=O)(=O)c3ccccc3N2)c(O)c2cc(OCC(N)=O)ccc21,24.0,-5.2,1.255,2.118
CHEMBL370203,O=c1c(C2=NS(=O)(=O)c3ccccc3N2)c(O)c2ccccc2n1Cc1ccoc1,27.0,-8.9,0.0,0.0
CHEMBL370203,O=c1c(C2=NS(=O)(=O)c3ccccc3N2)c(O)c2ccccc2n1Cc1ccoc1,27.0,-7.2,1.614,4.165
CHEMBL480816,CN(C)CCN1CCn2c(c(C3CCCCC3)c3ccc(C(=O)O)cc32)-c2ccccc2C1,27.0,-10.1,0.0,0.0
CHEMBL480816,CN(C)CCN1CCn2c(c(C3CCCCC3)c3ccc(C(=O)O)cc32)-c2ccccc2C1,27.0,-10.0,1.887,4.42
CHEMBL480816,CN(C)CCN1CCn2c(c(C3CCCCC3)c3ccc(C(=O)O)cc32)-c2ccccc2C1,27.0,-9.3,3.0,6.035
CHEMBL480816,CN(C)CCN1CCn2c(c(C3CCCCC3)c3ccc(C(=O)O)cc32)-c2ccccc2C1,27.0,-9.2,1.698,2.246
CHEMBL480816,CN(C)CCN1CCn2c(c(C3CCCCC3)c3ccc(C(=O)O)cc32)-c2ccccc2C1,27.0,-8.9,2.217,3.065
CHEMBL480816,CN(C)CCN1CCn2c(c(C3CCCCC3)c3ccc(C(=O)O)cc32)-c2ccccc2C1,27.0,-8.9,2.93,5.799
CHEMBL480816,CN(C)CCN1CCn2c(c(C3CCCCC3)c3ccc(C(=O)O)cc32)-c2ccccc2C1,27.0,-8.5,3.185,4.515
CHEMBL480816,CN(C)CCN1CCn2c(c(C3CCCCC3)c3ccc(C(=O)O)cc32)-c2ccccc2C1,27.0,-8.5,2.657,5.156
CHEMBL480816,CN(C)CCN1CCn2c(c(C3CCCCC3)c3ccc(C(=O)O)cc32)-c2ccccc2C1,27.0,-8.1,2.419,4.254
CHEMBL176058,CC(C)CCn1c(=O)c(C2=NS(=O)(=O)c3ccccc3N2)c(O)c2ccccc21,32.0,-8.6,0.0,0.0
CHEMBL176058,CC(C)CCn1c(=O)c(C2=NS(=O)(=O)c3ccccc3N2)c(O)c2ccccc21,32.0,-8.2,1.098,3.598
CHEMBL176058,CC(C)CCn1c(=O)c(C2=NS(=O)(=O)c3ccccc3N2)c(O)c2ccccc21,32.0,-7.0,4.361,8.731
CHEMBL176058,CC(C)CCn1c(=O)c(C2=NS(=O)(=O)c3ccccc3N2)c(O)c2ccccc21,32.0,-6.3,2.048,4.475
CHEMBL176058,CC(C)CCn1c(=O)c(C2=NS(=O)(=O)c3ccccc3N2)c(O)c2ccccc21,32.0,-5.7,1.409,2.248
CHEMBL176058,CC(C)CCn1c(=O)c(C2=NS(=O)(=O)c3ccccc3N2)c(O)c2ccccc21,32.0,-5.7,1.258,3.083
CHEMBL203426,Nc1ccc2c(c1)c(O)c(C1=NS(=O)(=O)c3ccccc3N1)c(=O)n2CCC1CC1,32.0,-7.2,0.0,0.0
CHEMBL203426,Nc1ccc2c(c1)c(O)c(C1=NS(=O)(=O)c3ccccc3N1)c(=O)n2CCC1CC1,32.0,-6.7,2.627,7.907
CHEMBL203426,Nc1ccc2c(c1)c(O)c(C1=NS(=O)(=O)c3ccccc3N1)c(=O)n2CCC1CC1,32.0,-6.6,1.326,3.688
CHEMBL203426,Nc1ccc2c(c1)c(O)c(C1=NS(=O)(=O)c3ccccc3N1)c(=O)n2CCC1CC1,32.0,-6.5,1.916,4.372
CHEMBL203426,Nc1ccc2c(c1)c(O)c(C1=NS(=O)(=O)c3ccccc3N1)c(=O)n2CCC1CC1,32.0,-6.5,4.907,7.886
CHEMBL203426,Nc1ccc2c(c1)c(O)c(C1=NS(=O)(=O)c3ccccc3N1)c(=O)n2CCC1CC1,32.0,-6.2,2.548,7.599
CHEMBL203426,Nc1ccc2c(c1)c(O)c(C1=NS(=O)(=O)c3ccccc3N1)c(=O)n2CCC1CC1,32.0,-6.1,1.43,1.541
CHEMBL203426,Nc1ccc2c(c1)c(O)c(C1=NS(=O)(=O)c3ccccc3N1)c(=O)n2CCC1CC1,32.0,-6.1,4.428,8.869
CHEMBL203426,Nc1ccc2c(c1)c(O)c(C1=NS(=O)(=O)c3ccccc3N1)c(=O)n2CCC1CC1,32.0,-5.4,2.565,4.45
CHEMBL201558,CC(C)CCn1c(=O)c(C2=NS(=O)(=O)c3ccccc3N2)c(O)c2c(Cl)cccc21,33.0,-8.2,0.0,0.0
CHEMBL201558,CC(C)CCn1c(=O)c(C2=NS(=O)(=O)c3ccccc3N2)c(O)c2c(Cl)cccc21,33.0,-7.3,2.019,4.056
CHEMBL201558,CC(C)CCn1c(=O)c(C2=NS(=O)(=O)c3ccccc3N2)c(O)c2c(Cl)cccc21,33.0,-5.9,2.533,4.632
CHEMBL201690,CC(C)CCn1c(=O)c(C2=NS(=O)(=O)c3ccccc3N2)c(O)c2cc(OCC#N)ccc21,34.0,-7.1,0.0,0.0
CHEMBL201690,CC(C)CCn1c(=O)c(C2=NS(=O)(=O)c3ccccc3N2)c(O)c2cc(OCC#N)ccc21,34.0,-5.9,1.318,2.023
CHEMBL201690,CC(C)CCn1c(=O)c(C2=NS(=O)(=O)c3ccccc3N2)c(O)c2cc(OCC#N)ccc21,34.0,-5.6,2.469,4.433
CHEMBL201690,CC(C)CCn1c(=O)c(C2=NS(=O)(=O)c3ccccc3N2)c(O)c2cc(OCC#N)ccc21,34.0,-5.0,1.286,2.142
CHEMBL201690,CC(C)CCn1c(=O)c(C2=NS(=O)(=O)c3ccccc3N2)c(O)c2cc(OCC#N)ccc21,34.0,-4.5,2.782,8.089
CHEMBL201332,O=c1c(C2=NS(=O)(=O)c3ccccc3N2)c(O)c2ccccc2n1Cc1cccc(Br)c1,36.0,-9.8,0.0,0.0
CHEMBL201332,O=c1c(C2=NS(=O)(=O)c3ccccc3N2)c(O)c2ccccc2n1Cc1cccc(Br)c1,36.0,-7.8,4.284,8.61
CHEMBL201332,O=c1c(C2=NS(=O)(=O)c3ccccc3N2)c(O)c2ccccc2n1Cc1cccc(Br)c1,36.0,-7.6,4.708,7.761
CHEMBL201332,O=c1c(C2=NS(=O)(=O)c3ccccc3N2)c(O)c2ccccc2n1Cc1cccc(Br)c1,36.0,-6.8,5.373,8.357
CHEMBL4641917,CS(=O)(=O)Nc1cccc(S(=O)(=O)NC(=O)c2c(-c3ccc[nH]c3=O)c3ccc(Cl)cc3n2Cc2ccnc(N)c2)c1,39.0,-5.2,0.0,0.0
CHEMBL203254,CC1CC1Cn1c(=O)c(C2=NS(=O)(=O)c3ccccc3N2)c(O)c2ccccc21,41.0,-9.3,0.0,0.0
CHEMBL203254,CC1CC1Cn1c(=O)c(C2=NS(=O)(=O)c3ccccc3N2)c(O)c2ccccc21,41.0,-8.9,1.207,3.69
CHEMBL203254,CC1CC1Cn1c(=O)c(C2=NS(=O)(=O)c3ccccc3N2)c(O)c2ccccc21,41.0,-6.7,2.252,4.031
CHEMBL203254,CC1CC1Cn1c(=O)c(C2=NS(=O)(=O)c3ccccc3N2)c(O)c2ccccc21,41.0,-6.5,1.398,3.125
CHEMBL203254,CC1CC1Cn1c(=O)c(C2=NS(=O)(=O)c3ccccc3N2)c(O)c2ccccc21,41.0,-6.3,1.407,2.143
CHEMBL390883,CC(=O)N(c1ccc(N2CCOCC2)c(COc2ccc(-c3nc4cc(C(=O)O)ccc4n3C3CCCCC3)c(F)c2)c1)C(C)C,42.0,-0.3,0.0,0.0
CHEMBL201406,CC(C)CCn1c(=O)c(C2=NS(=O)(=O)c3ccccc3N2)c(O)c2cc(Cl)ccc21,43.0,-7.2,0.0,0.0
CHEMBL201406,CC(C)CCn1c(=O)c(C2=NS(=O)(=O)c3ccccc3N2)c(O)c2cc(Cl)ccc21,43.0,-6.0,4.428,8.377
CHEMBL201406,CC(C)CCn1c(=O)c(C2=NS(=O)(=O)c3ccccc3N2)c(O)c2cc(Cl)ccc21,43.0,-5.8,1.39,2.23
CHEMBL201406,CC(C)CCn1c(=O)c(C2=NS(=O)(=O)c3ccccc3N2)c(O)c2cc(Cl)ccc21,43.0,-5.1,3.661,8.884
CHEMBL201406,CC(C)CCn1c(=O)c(C2=NS(=O)(=O)c3ccccc3N2)c(O)c2cc(Cl)ccc21,43.0,-4.7,1.562,2.437
CHEMBL201406,CC(C)CCn1c(=O)c(C2=NS(=O)(=O)c3ccccc3N2)c(O)c2cc(Cl)ccc21,43.0,-4.4,3.651,8.664
CHEMBL201406,CC(C)CCn1c(=O)c(C2=NS(=O)(=O)c3ccccc3N2)c(O)c2cc(Cl)ccc21,43.0,-4.2,3.823,7.815
CHEMBL202165,CC(CCn1c(=O)c(C2=NS(=O)(=O)c3ccccc3N2)c(O)c2ccccc21)C(F)(F)F,44.0,-8.8,0.0,0.0
CHEMBL202165,CC(CCn1c(=O)c(C2=NS(=O)(=O)c3ccccc3N2)c(O)c2ccccc21)C(F)(F)F,44.0,-8.3,2.464,4.283
CHEMBL202165,CC(CCn1c(=O)c(C2=NS(=O)(=O)c3ccccc3N2)c(O)c2ccccc21)C(F)(F)F,44.0,-7.9,4.788,8.71
CHEMBL202165,CC(CCn1c(=O)c(C2=NS(=O)(=O)c3ccccc3N2)c(O)c2ccccc21)C(F)(F)F,44.0,-7.2,2.923,4.562
CHEMBL202165,CC(CCn1c(=O)c(C2=NS(=O)(=O)c3ccccc3N2)c(O)c2ccccc21)C(F)(F)F,44.0,-6.0,1.352,2.046
CHEMBL202165,CC(CCn1c(=O)c(C2=NS(=O)(=O)c3ccccc3N2)c(O)c2ccccc21)C(F)(F)F,44.0,-5.9,3.273,5.044
CHEMBL201769,Cc1ccc2c(c1)c(O)c(C1=NS(=O)(=O)c3ccccc3N1)c(=O)n2CCC(C)C,47.0,-7.1,0.0,0.0
CHEMBL201769,Cc1ccc2c(c1)c(O)c(C1=NS(=O)(=O)c3ccccc3N1)c(=O)n2CCC(C)C,47.0,-5.8,1.375,2.219
CHEMBL201769,Cc1ccc2c(c1)c(O)c(C1=NS(=O)(=O)c3ccccc3N1)c(=O)n2CCC(C)C,47.0,-4.8,1.369,2.211
CHEMBL201769,Cc1ccc2c(c1)c(O)c(C1=NS(=O)(=O)c3ccccc3N1)c(=O)n2CCC(C)C,47.0,-4.8,3.056,4.683
CHEMBL201600,CC(C)CCn1c(=O)c(C2=NS(=O)(=O)c3ccccc3N2)c(O)c2c(O)cccc21,47.0,-8.7,0.0,0.0
CHEMBL201600,CC(C)CCn1c(=O)c(C2=NS(=O)(=O)c3ccccc3N2)c(O)c2c(O)cccc21,47.0,-7.5,1.593,4.048
CHEMBL201600,CC(C)CCn1c(=O)c(C2=NS(=O)(=O)c3ccccc3N2)c(O)c2c(O)cccc21,47.0,-6.0,2.057,4.627
CHEMBL202595,CC(C)(C)CCn1c(=O)c(C2=NS(=O)(=O)c3ccccc3N2)c(O)c2cc(NCCO)ccc21,48.0,-6.7,0.0,0.0
CHEMBL202595,CC(C)(C)CCn1c(=O)c(C2=NS(=O)(=O)c3ccccc3N2)c(O)c2cc(NCCO)ccc21,48.0,-6.0,1.621,2.121
CHEMBL202595,CC(C)(C)CCn1c(=O)c(C2=NS(=O)(=O)c3ccccc3N2)c(O)c2cc(NCCO)ccc21,48.0,-5.3,1.538,2.288
CHEMBL202595,CC(C)(C)CCn1c(=O)c(C2=NS(=O)(=O)c3ccccc3N2)c(O)c2cc(NCCO)ccc21,48.0,-5.3,2.366,4.405
CHEMBL202595,CC(C)(C)CCn1c(=O)c(C2=NS(=O)(=O)c3ccccc3N2)c(O)c2cc(NCCO)ccc21,48.0,-5.0,2.62,8.151
CHEMBL202595,CC(C)(C)CCn1c(=O)c(C2=NS(=O)(=O)c3ccccc3N2)c(O)c2cc(NCCO)ccc21,48.0,-4.5,1.859,2.829
CHEMBL201385,O=c1c(C2=NS(=O)(=O)c3ccccc3N2)c(O)c2ccccc2n1CC1CCC1,49.0,-9.1,0.0,0.0
CHEMBL201385,O=c1c(C2=NS(=O)(=O)c3ccccc3N2)c(O)c2ccccc2n1CC1CCC1,49.0,-8.6,1.137,3.781
CHEMBL201385,O=c1c(C2=NS(=O)(=O)c3ccccc3N2)c(O)c2ccccc2n1CC1CCC1,49.0,-7.5,4.355,8.645
CHEMBL201385,O=c1c(C2=NS(=O)(=O)c3ccccc3N2)c(O)c2ccccc2n1CC1CCC1,49.0,-6.7,5.544,8.427
CHEMBL201385,O=c1c(C2=NS(=O)(=O)c3ccccc3N2)c(O)c2ccccc2n1CC1CCC1,49.0,-6.4,1.343,3.198
CHEMBL372357,O=c1c(C2=Nc3ccccc3S(=O)(=O)N2)c(O)c2cc(F)ccc2n1CCC1CC1,49.0,-8.5,0.0,0.0
CHEMBL372357,O=c1c(C2=Nc3ccccc3S(=O)(=O)N2)c(O)c2cc(F)ccc2n1CCC1CC1,49.0,-7.4,4.258,8.655
CHEMBL372357,O=c1c(C2=Nc3ccccc3S(=O)(=O)N2)c(O)c2cc(F)ccc2n1CCC1CC1,49.0,-7.3,1.846,3.782
CHEMBL372357,O=c1c(C2=Nc3ccccc3S(=O)(=O)N2)c(O)c2cc(F)ccc2n1CCC1CC1,49.0,-7.0,2.166,4.357
CHEMBL372357,O=c1c(C2=Nc3ccccc3S(=O)(=O)N2)c(O)c2cc(F)ccc2n1CCC1CC1,49.0,-6.0,2.805,4.295
CHEMBL372357,O=c1c(C2=Nc3ccccc3S(=O)(=O)N2)c(O)c2cc(F)ccc2n1CCC1CC1,49.0,-5.7,2.587,4.861
CHEMBL201456,CSCCn1c(=O)c(C2=NS(=O)(=O)c3ccccc3N2)c(O)c2ccccc21,53.0,-8.1,0.0,0.0
CHEMBL201456,CSCCn1c(=O)c(C2=NS(=O)(=O)c3ccccc3N2)c(O)c2ccccc21,53.0,-8.0,1.698,3.393
CHEMBL201456,CSCCn1c(=O)c(C2=NS(=O)(=O)c3ccccc3N2)c(O)c2ccccc21,53.0,-7.3,1.964,8.353
CHEMBL201456,CSCCn1c(=O)c(C2=NS(=O)(=O)c3ccccc3N2)c(O)c2ccccc21,53.0,-7.0,2.17,8.05
CHEMBL201456,CSCCn1c(=O)c(C2=NS(=O)(=O)c3ccccc3N2)c(O)c2ccccc21,53.0,-6.8,4.635,9.215
CHEMBL201456,CSCCn1c(=O)c(C2=NS(=O)(=O)c3ccccc3N2)c(O)c2ccccc21,53.0,-5.8,2.661,3.574
CHEMBL201456,CSCCn1c(=O)c(C2=NS(=O)(=O)c3ccccc3N2)c(O)c2ccccc21,53.0,-5.4,2.004,2.716
CHEMBL201456,CSCCn1c(=O)c(C2=NS(=O)(=O)c3ccccc3N2)c(O)c2ccccc21,53.0,-5.2,2.211,8.059
CHEMBL201456,CSCCn1c(=O)c(C2=NS(=O)(=O)c3ccccc3N2)c(O)c2ccccc21,53.0,-5.1,2.233,4.056
CHEMBL4636786,Nc1cc(Cn2c(C(=O)O)c(-c3ccc[nH]c3=O)c3ccc(Cl)cc32)ccn1,53.0,-7.0,0.0,0.0
CHEMBL4636786,Nc1cc(Cn2c(C(=O)O)c(-c3ccc[nH]c3=O)c3ccc(Cl)cc32)ccn1,53.0,-6.0,2.774,4.116
CHEMBL213832,CN(C)C(=O)Cn1c(-c2ccccc2)c(C2CCCCC2)c2sc(C(=O)O)cc21,58.0,-8.6,0.0,0.0
CHEMBL213832,CN(C)C(=O)Cn1c(-c2ccccc2)c(C2CCCCC2)c2sc(C(=O)O)cc21,58.0,-8.3,1.966,5.494
CHEMBL213832,CN(C)C(=O)Cn1c(-c2ccccc2)c(C2CCCCC2)c2sc(C(=O)O)cc21,58.0,-8.2,1.361,3.817
CHEMBL213832,CN(C)C(=O)Cn1c(-c2ccccc2)c(C2CCCCC2)c2sc(C(=O)O)cc21,58.0,-8.2,1.909,3.8
CHEMBL213832,CN(C)C(=O)Cn1c(-c2ccccc2)c(C2CCCCC2)c2sc(C(=O)O)cc21,58.0,-7.8,2.411,5.343
CHEMBL213832,CN(C)C(=O)Cn1c(-c2ccccc2)c(C2CCCCC2)c2sc(C(=O)O)cc21,58.0,-7.7,1.675,3.875
CHEMBL201337,O=c1c(C2=NS(=O)(=O)c3ccccc3N2)c(O)c2ccccc2n1Cc1ccncc1,61.0,-9.1,0.0,0.0
CHEMBL201337,O=c1c(C2=NS(=O)(=O)c3ccccc3N2)c(O)c2ccccc2n1Cc1ccncc1,61.0,-7.7,3.882,8.513
CHEMBL201337,O=c1c(C2=NS(=O)(=O)c3ccccc3N2)c(O)c2ccccc2n1Cc1ccncc1,61.0,-6.1,3.58,8.402
CHEMBL426302,CC(C)CCn1c(=O)c(C2=NS(=O)(=O)c3ccccc3N2)c(O)c2cc(N)ccc21,62.0,-7.0,0.0,0.0
CHEMBL426302,CC(C)CCn1c(=O)c(C2=NS(=O)(=O)c3ccccc3N2)c(O)c2cc(N)ccc21,62.0,-6.9,1.804,4.119
CHEMBL426302,CC(C)CCn1c(=O)c(C2=NS(=O)(=O)c3ccccc3N2)c(O)c2cc(N)ccc21,62.0,-6.4,1.254,1.699
CHEMBL426302,CC(C)CCn1c(=O)c(C2=NS(=O)(=O)c3ccccc3N2)c(O)c2cc(N)ccc21,62.0,-6.2,3.994,6.717
CHEMBL426302,CC(C)CCn1c(=O)c(C2=NS(=O)(=O)c3ccccc3N2)c(O)c2cc(N)ccc21,62.0,-5.6,1.383,2.224
CHEMBL426302,CC(C)CCn1c(=O)c(C2=NS(=O)(=O)c3ccccc3N2)c(O)c2cc(N)ccc21,62.0,-5.2,2.612,8.889
CHEMBL426302,CC(C)CCn1c(=O)c(C2=NS(=O)(=O)c3ccccc3N2)c(O)c2cc(N)ccc21,62.0,-5.1,4.984,7.83
CHEMBL426302,CC(C)CCn1c(=O)c(C2=NS(=O)(=O)c3ccccc3N2)c(O)c2cc(N)ccc21,62.0,-4.7,1.99,4.239
CHEMBL426302,CC(C)CCn1c(=O)c(C2=NS(=O)(=O)c3ccccc3N2)c(O)c2cc(N)ccc21,62.0,-4.6,1.39,2.243
CHEMBL377275,CCC(C)CCn1c(=O)c(C2=NS(=O)(=O)c3ccccc3N2)c(O)c2ccccc21,65.0,-8.7,0.0,0.0
CHEMBL377275,CCC(C)CCn1c(=O)c(C2=NS(=O)(=O)c3ccccc3N2)c(O)c2ccccc21,65.0,-7.7,1.386,3.981
CHEMBL377275,CCC(C)CCn1c(=O)c(C2=NS(=O)(=O)c3ccccc3N2)c(O)c2ccccc21,65.0,-5.9,1.381,2.106
CHEMBL1783101,O=C1Cn2c(c(C3CCCCC3)c3ccc(C(=O)O)cc32)-c2ccccc2N1,70.0,-10.6,0.0,0.0
CHEMBL1783101,O=C1Cn2c(c(C3CCCCC3)c3ccc(C(=O)O)cc32)-c2ccccc2N1,70.0,-10.5,2.509,4.831
CHEMBL1783101,O=C1Cn2c(c(C3CCCCC3)c3ccc(C(=O)O)cc32)-c2ccccc2N1,70.0,-10.5,1.998,3.22
CHEMBL1783101,O=C1Cn2c(c(C3CCCCC3)c3ccc(C(=O)O)cc32)-c2ccccc2N1,70.0,-10.2,1.637,3.685
CHEMBL1783101,O=C1Cn2c(c(C3CCCCC3)c3ccc(C(=O)O)cc32)-c2ccccc2N1,70.0,-9.8,2.011,4.373
CHEMBL1783101,O=C1Cn2c(c(C3CCCCC3)c3ccc(C(=O)O)cc32)-c2ccccc2N1,70.0,-9.5,1.467,4.234
CHEMBL1783101,O=C1Cn2c(c(C3CCCCC3)c3ccc(C(=O)O)cc32)-c2ccccc2N1,70.0,-9.3,2.769,4.333
CHEMBL371635,O=c1c(C2=NS(=O)(=O)c3ccccc3N2)c(O)c2ccccc2n1CC1CC1,78.0,-9.3,0.0,0.0
CHEMBL371635,O=c1c(C2=NS(=O)(=O)c3ccccc3N2)c(O)c2ccccc2n1CC1CC1,78.0,-8.8,1.032,3.508
CHEMBL371635,O=c1c(C2=NS(=O)(=O)c3ccccc3N2)c(O)c2ccccc2n1CC1CC1,78.0,-7.7,2.471,8.417
CHEMBL371635,O=c1c(C2=NS(=O)(=O)c3ccccc3N2)c(O)c2ccccc2n1CC1CC1,78.0,-7.1,2.476,8.121
CHEMBL371635,O=c1c(C2=NS(=O)(=O)c3ccccc3N2)c(O)c2ccccc2n1CC1CC1,78.0,-6.3,1.502,2.217
CHEMBL381010,CCCCCn1c(=O)c(C2=NS(=O)(=O)c3ccccc3N2)c(O)c2ccccc21,80.0,-8.4,0.0,0.0
CHEMBL381010,CCCCCn1c(=O)c(C2=NS(=O)(=O)c3ccccc3N2)c(O)c2ccccc21,80.0,-8.2,1.167,3.553
CHEMBL381010,CCCCCn1c(=O)c(C2=NS(=O)(=O)c3ccccc3N2)c(O)c2ccccc21,80.0,-6.1,1.39,3.166
CHEMBL381010,CCCCCn1c(=O)c(C2=NS(=O)(=O)c3ccccc3N2)c(O)c2ccccc21,80.0,-5.8,2.291,8.961
CHEMBL381010,CCCCCn1c(=O)c(C2=NS(=O)(=O)c3ccccc3N2)c(O)c2ccccc21,80.0,-5.7,2.437,7.731
CHEMBL381010,CCCCCn1c(=O)c(C2=NS(=O)(=O)c3ccccc3N2)c(O)c2ccccc21,80.0,-5.6,1.986,4.517
CHEMBL381010,CCCCCn1c(=O)c(C2=NS(=O)(=O)c3ccccc3N2)c(O)c2ccccc21,80.0,-5.6,1.441,2.183
CHEMBL381010,CCCCCn1c(=O)c(C2=NS(=O)(=O)c3ccccc3N2)c(O)c2ccccc21,80.0,-5.5,2.828,8.764
CHEMBL201063,O=c1c(C2=NS(=O)(=O)c3ccccc3N2)c(O)c2ccccc2n1Cc1cccc([N+](=O)[O-])c1,81.0,-10.0,0.0,0.0
CHEMBL201063,O=c1c(C2=NS(=O)(=O)c3ccccc3N2)c(O)c2ccccc2n1Cc1cccc([N+](=O)[O-])c1,81.0,-9.7,1.796,2.004
CHEMBL201063,O=c1c(C2=NS(=O)(=O)c3ccccc3N2)c(O)c2ccccc2n1Cc1cccc([N+](=O)[O-])c1,81.0,-8.4,2.949,8.989
CHEMBL201436,COC(C)CCn1c(=O)c(C2=NS(=O)(=O)c3ccccc3N2)c(O)c2ccccc21,82.0,-8.4,0.0,0.0
CHEMBL201436,COC(C)CCn1c(=O)c(C2=NS(=O)(=O)c3ccccc3N2)c(O)c2ccccc21,82.0,-5.7,1.39,2.109
CHEMBL201088,O=c1c(C2=NS(=O)(=O)c3ccccc3N2)c(O)c2ccccc2n1Cc1ccccc1,82.0,-9.5,0.0,0.0
CHEMBL201088,O=c1c(C2=NS(=O)(=O)c3ccccc3N2)c(O)c2ccccc2n1Cc1ccccc1,82.0,-7.4,4.061,8.617
CHEMBL383170,O=c1c(C2=NS(=O)(=O)c3ccccc3N2)c(O)c2cccc(F)c2n1CCC1CC1,90.0,-8.2,0.0,0.0
CHEMBL383170,O=c1c(C2=NS(=O)(=O)c3ccccc3N2)c(O)c2cccc(F)c2n1CCC1CC1,90.0,-8.0,1.342,3.646
CHEMBL383170,O=c1c(C2=NS(=O)(=O)c3ccccc3N2)c(O)c2cccc(F)c2n1CCC1CC1,90.0,-6.9,3.279,7.88
CHEMBL383170,O=c1c(C2=NS(=O)(=O)c3ccccc3N2)c(O)c2cccc(F)c2n1CCC1CC1,90.0,-6.3,1.419,3.99
CHEMBL383170,O=c1c(C2=NS(=O)(=O)c3ccccc3N2)c(O)c2cccc(F)c2n1CCC1CC1,90.0,-5.8,3.195,7.578
CHEMBL383170,O=c1c(C2=NS(=O)(=O)c3ccccc3N2)c(O)c2cccc(F)c2n1CCC1CC1,90.0,-5.7,2.494,4.28
CHEMBL383170,O=c1c(C2=NS(=O)(=O)c3ccccc3N2)c(O)c2cccc(F)c2n1CCC1CC1,90.0,-5.2,2.105,4.563
CHEMBL201814,C=CCCn1c(=O)c(C2=NS(=O)(=O)c3ccccc3N2)c(O)c2ccccc21,90.0,-8.7,0.0,0.0
CHEMBL201814,C=CCCn1c(=O)c(C2=NS(=O)(=O)c3ccccc3N2)c(O)c2ccccc21,90.0,-8.5,1.042,3.369
CHEMBL201814,C=CCCn1c(=O)c(C2=NS(=O)(=O)c3ccccc3N2)c(O)c2ccccc21,90.0,-7.9,2.397,8.359
CHEMBL201814,C=CCCn1c(=O)c(C2=NS(=O)(=O)c3ccccc3N2)c(O)c2ccccc21,90.0,-7.6,2.361,8.063
CHEMBL201814,C=CCCn1c(=O)c(C2=NS(=O)(=O)c3ccccc3N2)c(O)c2ccccc21,90.0,-6.6,6.281,9.025
CHEMBL201814,C=CCCn1c(=O)c(C2=NS(=O)(=O)c3ccccc3N2)c(O)c2ccccc21,90.0,-6.6,2.769,8.405
CHEMBL201814,C=CCCn1c(=O)c(C2=NS(=O)(=O)c3ccccc3N2)c(O)c2ccccc21,90.0,-6.4,2.016,2.758
CHEMBL201814,C=CCCn1c(=O)c(C2=NS(=O)(=O)c3ccccc3N2)c(O)c2ccccc21,90.0,-6.1,0.993,1.431
CHEMBL201814,C=CCCn1c(=O)c(C2=NS(=O)(=O)c3ccccc3N2)c(O)c2ccccc21,90.0,-5.9,2.563,8.059
CHEMBL201660,O=c1c(C2=NS(=O)(=O)c3ccccc3N2)c(O)c2ccccc2n1Cc1ccc(Br)cc1,95.0,-9.7,0.0,0.0
CHEMBL381529,CC(C)CCn1c(=O)c(C2=NS(=O)(=O)c3ccccc3N2)c(O)c2c(Br)cccc21,105.0,-7.3,0.0,0.0
CHEMBL381529,CC(C)CCn1c(=O)c(C2=NS(=O)(=O)c3ccccc3N2)c(O)c2c(Br)cccc21,105.0,-6.8,2.047,4.088
CHEMBL381529,CC(C)CCn1c(=O)c(C2=NS(=O)(=O)c3ccccc3N2)c(O)c2c(Br)cccc21,105.0,-6.3,6.029,8.3
CHEMBL381529,CC(C)CCn1c(=O)c(C2=NS(=O)(=O)c3ccccc3N2)c(O)c2c(Br)cccc21,105.0,-5.4,2.485,4.592
CHEMBL381529,CC(C)CCn1c(=O)c(C2=NS(=O)(=O)c3ccccc3N2)c(O)c2c(Br)cccc21,105.0,-4.5,2.919,4.235
CHEMBL202164,O=c1c(C2=NS(=O)(=O)c3ccccc3N2)c(O)c2ccccc2n1CCCC(F)(F)F,106.0,-8.9,0.0,0.0
CHEMBL202164,O=c1c(C2=NS(=O)(=O)c3ccccc3N2)c(O)c2ccccc2n1CCCC(F)(F)F,106.0,-8.7,2.457,4.067
CHEMBL202164,O=c1c(C2=NS(=O)(=O)c3ccccc3N2)c(O)c2ccccc2n1CCCC(F)(F)F,106.0,-7.1,3.0,4.69
CHEMBL202164,O=c1c(C2=NS(=O)(=O)c3ccccc3N2)c(O)c2ccccc2n1CCCC(F)(F)F,106.0,-6.4,3.137,7.724
CHEMBL202164,O=c1c(C2=NS(=O)(=O)c3ccccc3N2)c(O)c2ccccc2n1CCCC(F)(F)F,106.0,-6.3,3.136,7.459
CHEMBL202164,O=c1c(C2=NS(=O)(=O)c3ccccc3N2)c(O)c2ccccc2n1CCCC(F)(F)F,106.0,-6.1,1.364,2.208
CHEMBL382628,CC(C)Cn1c(=O)c(C2=NS(=O)(=O)c3ccccc3N2)c(O)c2ccccc21,108.0,-8.9,0.0,0.0
CHEMBL382628,CC(C)Cn1c(=O)c(C2=NS(=O)(=O)c3ccccc3N2)c(O)c2ccccc21,108.0,-8.1,0.904,3.447
CHEMBL382628,CC(C)Cn1c(=O)c(C2=NS(=O)(=O)c3ccccc3N2)c(O)c2ccccc21,108.0,-7.3,4.817,7.462
CHEMBL382628,CC(C)Cn1c(=O)c(C2=NS(=O)(=O)c3ccccc3N2)c(O)c2ccccc21,108.0,-7.0,4.924,8.993
CHEMBL382628,CC(C)Cn1c(=O)c(C2=NS(=O)(=O)c3ccccc3N2)c(O)c2ccccc21,108.0,-6.8,5.852,8.496
CHEMBL382628,CC(C)Cn1c(=O)c(C2=NS(=O)(=O)c3ccccc3N2)c(O)c2ccccc21,108.0,-6.6,1.486,2.211
CHEMBL382628,CC(C)Cn1c(=O)c(C2=NS(=O)(=O)c3ccccc3N2)c(O)c2ccccc21,108.0,-6.5,5.959,8.779
CHEMBL382628,CC(C)Cn1c(=O)c(C2=NS(=O)(=O)c3ccccc3N2)c(O)c2ccccc21,108.0,-6.3,2.335,3.132
CHEMBL202310,CCOC(=O)CNc1ccc2c(c1)c(O)c(C1=NS(=O)(=O)c3ccccc3N1)c(=O)n2CCC(C)C,115.0,-6.9,0.0,0.0
CHEMBL202310,CCOC(=O)CNc1ccc2c(c1)c(O)c(C1=NS(=O)(=O)c3ccccc3N1)c(=O)n2CCC(C)C,115.0,-5.8,1.273,1.942
CHEMBL202310,CCOC(=O)CNc1ccc2c(c1)c(O)c(C1=NS(=O)(=O)c3ccccc3N1)c(=O)n2CCC(C)C,115.0,-5.5,2.335,4.25
CHEMBL202310,CCOC(=O)CNc1ccc2c(c1)c(O)c(C1=NS(=O)(=O)c3ccccc3N1)c(=O)n2CCC(C)C,115.0,-5.0,1.604,2.328
CHEMBL202310,CCOC(=O)CNc1ccc2c(c1)c(O)c(C1=NS(=O)(=O)c3ccccc3N1)c(=O)n2CCC(C)C,115.0,-4.9,1.509,2.404
CHEMBL202271,C#CCCn1c(=O)c(C2=NS(=O)(=O)c3ccccc3N2)c(O)c2ccccc21,118.0,-8.5,0.0,0.0
CHEMBL202271,C#CCCn1c(=O)c(C2=NS(=O)(=O)c3ccccc3N2)c(O)c2ccccc21,118.0,-8.0,1.132,3.379
CHEMBL202271,C#CCCn1c(=O)c(C2=NS(=O)(=O)c3ccccc3N2)c(O)c2ccccc21,118.0,-7.7,2.31,7.712
CHEMBL202271,C#CCCn1c(=O)c(C2=NS(=O)(=O)c3ccccc3N2)c(O)c2ccccc21,118.0,-7.5,2.215,7.393
CHEMBL202271,C#CCCn1c(=O)c(C2=NS(=O)(=O)c3ccccc3N2)c(O)c2ccccc21,118.0,-6.9,1.195,3.718
CHEMBL202271,C#CCCn1c(=O)c(C2=NS(=O)(=O)c3ccccc3N2)c(O)c2ccccc21,118.0,-6.2,1.598,3.845
CHEMBL202271,C#CCCn1c(=O)c(C2=NS(=O)(=O)c3ccccc3N2)c(O)c2ccccc21,118.0,-6.1,1.907,4.393
CHEMBL202271,C#CCCn1c(=O)c(C2=NS(=O)(=O)c3ccccc3N2)c(O)c2ccccc21,118.0,-5.9,2.222,4.014
CHEMBL202271,C#CCCn1c(=O)c(C2=NS(=O)(=O)c3ccccc3N2)c(O)c2ccccc21,118.0,-5.6,1.432,2.181
CHEMBL380442,O=c1c(C2=NS(=O)(=O)c3ccccc3N2)c(O)c2ccccc2n1CC1CCCC1,132.0,-9.3,0.0,0.0
CHEMBL380442,O=c1c(C2=NS(=O)(=O)c3ccccc3N2)c(O)c2ccccc2n1CC1CCCC1,132.0,-7.3,1.29,4.156
CHEMBL201604,CC(C)CCn1c(=O)c(C2=NS(=O)(=O)c3ccccc3N2)c(O)c2c(-c3ccccc3)cccc21,144.0,-2.8,0.0,0.0
CHEMBL201604,CC(C)CCn1c(=O)c(C2=NS(=O)(=O)c3ccccc3N2)c(O)c2c(-c3ccccc3)cccc21,144.0,-1.5,1.364,1.926
CHEMBL201604,CC(C)CCn1c(=O)c(C2=NS(=O)(=O)c3ccccc3N2)c(O)c2c(-c3ccccc3)cccc21,144.0,-1.2,1.408,5.777
CHEMBL201604,CC(C)CCn1c(=O)c(C2=NS(=O)(=O)c3ccccc3N2)c(O)c2c(-c3ccccc3)cccc21,144.0,-0.2,1.866,6.061
CHEMBL201341,C/C=C/Cn1c(=O)c(C2=NS(=O)(=O)c3ccccc3N2)c(O)c2ccccc21,150.0,-8.9,0.0,0.0
CHEMBL201341,C/C=C/Cn1c(=O)c(C2=NS(=O)(=O)c3ccccc3N2)c(O)c2ccccc21,150.0,-7.6,1.152,3.483
CHEMBL201341,C/C=C/Cn1c(=O)c(C2=NS(=O)(=O)c3ccccc3N2)c(O)c2ccccc21,150.0,-7.1,2.306,7.702
CHEMBL201341,C/C=C/Cn1c(=O)c(C2=NS(=O)(=O)c3ccccc3N2)c(O)c2ccccc21,150.0,-6.9,2.218,7.385
CHEMBL201341,C/C=C/Cn1c(=O)c(C2=NS(=O)(=O)c3ccccc3N2)c(O)c2ccccc21,150.0,-6.0,1.875,3.653
CHEMBL362058,O=C(O)c1ccc2c(c1)nc(-c1ccco1)n2C1CCCCC1,160.0,-7.7,0.0,0.0
CHEMBL362058,O=C(O)c1ccc2c(c1)nc(-c1ccco1)n2C1CCCCC1,160.0,-7.0,1.574,4.01
CHEMBL362058,O=C(O)c1ccc2c(c1)nc(-c1ccco1)n2C1CCCCC1,160.0,-6.9,3.389,7.392
CHEMBL362058,O=C(O)c1ccc2c(c1)nc(-c1ccco1)n2C1CCCCC1,160.0,-6.5,3.364,7.222
CHEMBL362058,O=C(O)c1ccc2c(c1)nc(-c1ccco1)n2C1CCCCC1,160.0,-6.4,3.34,6.827
CHEMBL362058,O=C(O)c1ccc2c(c1)nc(-c1ccco1)n2C1CCCCC1,160.0,-6.4,2.831,7.31
CHEMBL362058,O=C(O)c1ccc2c(c1)nc(-c1ccco1)n2C1CCCCC1,160.0,-6.4,3.73,6.476
CHEMBL201567,N#CCCCn1c(=O)c(C2=NS(=O)(=O)c3ccccc3N2)c(O)c2ccccc21,172.0,-8.1,0.0,0.0
CHEMBL201567,N#CCCCn1c(=O)c(C2=NS(=O)(=O)c3ccccc3N2)c(O)c2ccccc21,172.0,-7.9,1.484,3.669
CHEMBL201567,N#CCCCn1c(=O)c(C2=NS(=O)(=O)c3ccccc3N2)c(O)c2ccccc21,172.0,-6.6,1.877,4.042
CHEMBL201567,N#CCCCn1c(=O)c(C2=NS(=O)(=O)c3ccccc3N2)c(O)c2ccccc21,172.0,-6.4,2.342,7.651
CHEMBL201567,N#CCCCn1c(=O)c(C2=NS(=O)(=O)c3ccccc3N2)c(O)c2ccccc21,172.0,-6.1,2.341,7.338
CHEMBL201567,N#CCCCn1c(=O)c(C2=NS(=O)(=O)c3ccccc3N2)c(O)c2ccccc21,172.0,-5.5,1.812,3.478
CHEMBL201567,N#CCCCn1c(=O)c(C2=NS(=O)(=O)c3ccccc3N2)c(O)c2ccccc21,172.0,-5.4,2.574,8.792
CHEMBL201567,N#CCCCn1c(=O)c(C2=NS(=O)(=O)c3ccccc3N2)c(O)c2ccccc21,172.0,-5.4,1.406,2.143
CHEMBL203312,C#CCCCn1c(=O)c(C2=NS(=O)(=O)c3ccccc3N2)c(O)c2ccccc21,179.0,-8.3,0.0,0.0
CHEMBL203312,C#CCCCn1c(=O)c(C2=NS(=O)(=O)c3ccccc3N2)c(O)c2ccccc21,179.0,-7.7,1.208,3.554
CHEMBL203312,C#CCCCn1c(=O)c(C2=NS(=O)(=O)c3ccccc3N2)c(O)c2ccccc21,179.0,-6.0,2.311,8.975
CHEMBL203312,C#CCCCn1c(=O)c(C2=NS(=O)(=O)c3ccccc3N2)c(O)c2ccccc21,179.0,-5.8,2.423,7.805
CHEMBL203312,C#CCCCn1c(=O)c(C2=NS(=O)(=O)c3ccccc3N2)c(O)c2ccccc21,179.0,-5.5,1.538,2.255
CHEMBL203312,C#CCCCn1c(=O)c(C2=NS(=O)(=O)c3ccccc3N2)c(O)c2ccccc21,179.0,-5.5,2.312,7.493
CHEMBL203312,C#CCCCn1c(=O)c(C2=NS(=O)(=O)c3ccccc3N2)c(O)c2ccccc21,179.0,-5.3,6.934,8.624
CHEMBL180948,CC(C)C[C@@]1(C(=O)O)C[C@H](C(=O)O)[C@H](c2cccs2)N1C(=O)c1ccc(C(F)(F)F)cc1,190.0,-4.2,0.0,0.0
CHEMBL180948,CC(C)C[C@@]1(C(=O)O)C[C@H](C(=O)O)[C@H](c2cccs2)N1C(=O)c1ccc(C(F)(F)F)cc1,190.0,-2.1,2.433,3.364
CHEMBL202062,CC(C)CCn1c(=O)c(C2=NS(=O)(=O)c3ccccc3N2)c(O)c2cc(O)ccc21,198.0,-7.5,0.0,0.0
CHEMBL202062,CC(C)CCn1c(=O)c(C2=NS(=O)(=O)c3ccccc3N2)c(O)c2cc(O)ccc21,198.0,-7.3,1.892,4.091
CHEMBL202062,CC(C)CCn1c(=O)c(C2=NS(=O)(=O)c3ccccc3N2)c(O)c2cc(O)ccc21,198.0,-6.8,1.456,3.772
CHEMBL202062,CC(C)CCn1c(=O)c(C2=NS(=O)(=O)c3ccccc3N2)c(O)c2cc(O)ccc21,198.0,-6.0,2.289,4.661
CHEMBL202062,CC(C)CCn1c(=O)c(C2=NS(=O)(=O)c3ccccc3N2)c(O)c2cc(O)ccc21,198.0,-5.5,2.659,7.912
CHEMBL202062,CC(C)CCn1c(=O)c(C2=NS(=O)(=O)c3ccccc3N2)c(O)c2cc(O)ccc21,198.0,-4.9,3.434,6.341
CHEMBL202062,CC(C)CCn1c(=O)c(C2=NS(=O)(=O)c3ccccc3N2)c(O)c2cc(O)ccc21,198.0,-4.9,2.413,4.063
CHEMBL202062,CC(C)CCn1c(=O)c(C2=NS(=O)(=O)c3ccccc3N2)c(O)c2cc(O)ccc21,198.0,-4.9,2.618,7.598
CHEMBL180974,CCCCn1c(=O)c(C2=NS(=O)(=O)c3ccccc3N2)c(O)c2ccccc21,200.0,-8.8,0.0,0.0
CHEMBL180974,CCCCn1c(=O)c(C2=NS(=O)(=O)c3ccccc3N2)c(O)c2ccccc21,200.0,-8.5,1.043,3.37
CHEMBL180974,CCCCn1c(=O)c(C2=NS(=O)(=O)c3ccccc3N2)c(O)c2ccccc21,200.0,-7.9,2.399,8.358
CHEMBL180974,CCCCn1c(=O)c(C2=NS(=O)(=O)c3ccccc3N2)c(O)c2ccccc21,200.0,-7.6,2.358,8.063
CHEMBL180974,CCCCn1c(=O)c(C2=NS(=O)(=O)c3ccccc3N2)c(O)c2ccccc21,200.0,-6.9,5.243,9.28
CHEMBL180974,CCCCn1c(=O)c(C2=NS(=O)(=O)c3ccccc3N2)c(O)c2ccccc21,200.0,-6.3,2.016,2.759
CHEMBL180974,CCCCn1c(=O)c(C2=NS(=O)(=O)c3ccccc3N2)c(O)c2ccccc21,200.0,-5.9,2.531,8.046
CHEMBL180974,CCCCn1c(=O)c(C2=NS(=O)(=O)c3ccccc3N2)c(O)c2ccccc21,200.0,-5.8,2.169,2.983
CHEMBL201119,CC(C)CCn1c(=O)c(C2=NS(=O)(=O)c3ccccc3N2)c(O)c2cc(Br)ccc21,205.0,-6.7,0.0,0.0
CHEMBL201119,CC(C)CCn1c(=O)c(C2=NS(=O)(=O)c3ccccc3N2)c(O)c2cc(Br)ccc21,205.0,-5.6,2.168,4.308
CHEMBL201119,CC(C)CCn1c(=O)c(C2=NS(=O)(=O)c3ccccc3N2)c(O)c2cc(Br)ccc21,205.0,-5.5,1.627,2.299
CHEMBL201119,CC(C)CCn1c(=O)c(C2=NS(=O)(=O)c3ccccc3N2)c(O)c2cc(Br)ccc21,205.0,-4.6,3.684,8.86
CHEMBL201119,CC(C)CCn1c(=O)c(C2=NS(=O)(=O)c3ccccc3N2)c(O)c2cc(Br)ccc21,205.0,-4.5,2.334,4.247
CHEMBL201119,CC(C)CCn1c(=O)c(C2=NS(=O)(=O)c3ccccc3N2)c(O)c2cc(Br)ccc21,205.0,-4.1,3.806,7.802
CHEMBL201603,Cc1cccc2c1c(O)c(C1=NS(=O)(=O)c3ccccc3N1)c(=O)n2CCC(C)C,206.0,-7.9,0.0,0.0
CHEMBL201603,Cc1cccc2c1c(O)c(C1=NS(=O)(=O)c3ccccc3N1)c(=O)n2CCC(C)C,206.0,-7.3,1.416,4.042
CHEMBL201603,Cc1cccc2c1c(O)c(C1=NS(=O)(=O)c3ccccc3N1)c(=O)n2CCC(C)C,206.0,-5.9,2.056,4.613
CHEMBL201603,Cc1cccc2c1c(O)c(C1=NS(=O)(=O)c3ccccc3N1)c(=O)n2CCC(C)C,206.0,-5.9,4.333,8.569
CHEMBL381218,CC(C)=CCn1c(=O)c(C2=NS(=O)(=O)c3ccccc3N2)c(O)c2ccccc21,289.0,-9.0,0.0,0.0
CHEMBL381218,CC(C)=CCn1c(=O)c(C2=NS(=O)(=O)c3ccccc3N2)c(O)c2ccccc21,289.0,-8.4,1.184,3.933
CHEMBL201815,CC(Br)CCn1c(=O)c(C2=NS(=O)(=O)c3ccccc3N2)c(O)c2ccccc21,290.0,-8.5,0.0,0.0
CHEMBL201815,CC(Br)CCn1c(=O)c(C2=NS(=O)(=O)c3ccccc3N2)c(O)c2ccccc21,290.0,-7.8,1.582,3.601
CHEMBL201815,CC(Br)CCn1c(=O)c(C2=NS(=O)(=O)c3ccccc3N2)c(O)c2ccccc21,290.0,-7.0,4.554,8.692
CHEMBL201815,CC(Br)CCn1c(=O)c(C2=NS(=O)(=O)c3ccccc3N2)c(O)c2ccccc21,290.0,-6.7,4.883,7.633
CHEMBL201815,CC(Br)CCn1c(=O)c(C2=NS(=O)(=O)c3ccccc3N2)c(O)c2ccccc21,290.0,-6.7,5.959,8.668
CHEMBL201815,CC(Br)CCn1c(=O)c(C2=NS(=O)(=O)c3ccccc3N2)c(O)c2ccccc21,290.0,-5.9,2.477,4.436
CHEMBL201815,CC(Br)CCn1c(=O)c(C2=NS(=O)(=O)c3ccccc3N2)c(O)c2ccccc21,290.0,-5.6,1.414,2.145
CHEMBL1087567,O=C(N[C@@H](Cc1c[nH]c2ccc(O)cc12)c1cscn1)c1ccc2c(c1)nc(-c1ccco1)n2C1CCCCC1,300.0,-11.3,0.0,0.0
CHEMBL1087567,O=C(N[C@@H](Cc1c[nH]c2ccc(O)cc12)c1cscn1)c1ccc2c(c1)nc(-c1ccco1)n2C1CCCCC1,300.0,-10.9,2.416,7.686
CHEMBL1087567,O=C(N[C@@H](Cc1c[nH]c2ccc(O)cc12)c1cscn1)c1ccc2c(c1)nc(-c1ccco1)n2C1CCCCC1,300.0,-10.8,1.604,3.141
CHEMBL1087567,O=C(N[C@@H](Cc1c[nH]c2ccc(O)cc12)c1cscn1)c1ccc2c(c1)nc(-c1ccco1)n2C1CCCCC1,300.0,-10.7,2.718,7.031
CHEMBL1087567,O=C(N[C@@H](Cc1c[nH]c2ccc(O)cc12)c1cscn1)c1ccc2c(c1)nc(-c1ccco1)n2C1CCCCC1,300.0,-10.7,2.577,7.129
CHEMBL1087567,O=C(N[C@@H](Cc1c[nH]c2ccc(O)cc12)c1cscn1)c1ccc2c(c1)nc(-c1ccco1)n2C1CCCCC1,300.0,-10.6,0.768,2.034
CHEMBL1087567,O=C(N[C@@H](Cc1c[nH]c2ccc(O)cc12)c1cscn1)c1ccc2c(c1)nc(-c1ccco1)n2C1CCCCC1,300.0,-10.4,2.375,7.58
CHEMBL1087567,O=C(N[C@@H](Cc1c[nH]c2ccc(O)cc12)c1cscn1)c1ccc2c(c1)nc(-c1ccco1)n2C1CCCCC1,300.0,-10.2,2.079,3.914
CHEMBL1087567,O=C(N[C@@H](Cc1c[nH]c2ccc(O)cc12)c1cscn1)c1ccc2c(c1)nc(-c1ccco1)n2C1CCCCC1,300.0,-10.2,2.907,7.001
CHEMBL180948,CC(C)C[C@@]1(C(=O)O)C[C@H](C(=O)O)[C@H](c2cccs2)N1C(=O)c1ccc(C(F)(F)F)cc1,300.0,-6.2,0.0,0.0
CHEMBL180948,CC(C)C[C@@]1(C(=O)O)C[C@H](C(=O)O)[C@H](c2cccs2)N1C(=O)c1ccc(C(F)(F)F)cc1,300.0,-3.5,1.216,1.911
CHEMBL201873,Cc1nc(Cn2c(=O)c(C3=NS(=O)(=O)c4ccccc4N3)c(O)c3ccccc32)cs1,304.0,-9.0,0.0,0.0
CHEMBL201873,Cc1nc(Cn2c(=O)c(C3=NS(=O)(=O)c4ccccc4N3)c(O)c3ccccc32)cs1,304.0,-6.1,2.086,3.547
CHEMBL202514,O=c1c(C2=NS(=O)(=O)c3ccccc3N2)c(O)c2ccccc2n1Cc1cccnc1,316.0,-9.2,0.0,0.0
CHEMBL202514,O=c1c(C2=NS(=O)(=O)c3ccccc3N2)c(O)c2ccccc2n1Cc1cccnc1,316.0,-7.6,3.861,8.545
CHEMBL202315,CC(C)CCn1c(=O)c(C2=NS(=O)(=O)c3ccccc3N2)c(O)c2c([N+](=O)[O-])cccc21,338.0,-6.5,0.0,0.0
CHEMBL202315,CC(C)CCn1c(=O)c(C2=NS(=O)(=O)c3ccccc3N2)c(O)c2c([N+](=O)[O-])cccc21,338.0,-5.7,1.809,4.585
CHEMBL202315,CC(C)CCn1c(=O)c(C2=NS(=O)(=O)c3ccccc3N2)c(O)c2c([N+](=O)[O-])cccc21,338.0,-4.4,2.165,5.031
CHEMBL202315,CC(C)CCn1c(=O)c(C2=NS(=O)(=O)c3ccccc3N2)c(O)c2c([N+](=O)[O-])cccc21,338.0,-4.1,1.355,2.041
CHEMBL202315,CC(C)CCn1c(=O)c(C2=NS(=O)(=O)c3ccccc3N2)c(O)c2c([N+](=O)[O-])cccc21,338.0,-3.9,4.395,7.798
CHEMBL202513,CC(C)CCn1c(=O)c(C2=NS(=O)(=O)c3ccccc3N2)c(O)c2c(F)cccc21,340.0,-8.8,0.0,0.0
CHEMBL202513,CC(C)CCn1c(=O)c(C2=NS(=O)(=O)c3ccccc3N2)c(O)c2c(F)cccc21,340.0,-7.8,2.027,4.087
CHEMBL202513,CC(C)CCn1c(=O)c(C2=NS(=O)(=O)c3ccccc3N2)c(O)c2c(F)cccc21,340.0,-6.3,2.507,4.629
CHEMBL4633554,C/C(=C/c1cc(-c2ccc(OCc3cc(CN4CCC(O)CC4=O)ccc3-c3ccc(C#N)cc3)cc2)n(C2CCCCC2)n1)C(=O)O,340.0,-10.3,0.0,0.0
CHEMBL4633554,C/C(=C/c1cc(-c2ccc(OCc3cc(CN4CCC(O)CC4=O)ccc3-c3ccc(C#N)cc3)cc2)n(C2CCCCC2)n1)C(=O)O,340.0,-9.9,1.695,2.709
CHEMBL4633554,C/C(=C/c1cc(-c2ccc(OCc3cc(CN4CCC(O)CC4=O)ccc3-c3ccc(C#N)cc3)cc2)n(C2CCCCC2)n1)C(=O)O,340.0,-9.7,2.921,7.454
CHEMBL4633554,C/C(=C/c1cc(-c2ccc(OCc3cc(CN4CCC(O)CC4=O)ccc3-c3ccc(C#N)cc3)cc2)n(C2CCCCC2)n1)C(=O)O,340.0,-9.6,1.548,4.58
CHEMBL4633554,C/C(=C/c1cc(-c2ccc(OCc3cc(CN4CCC(O)CC4=O)ccc3-c3ccc(C#N)cc3)cc2)n(C2CCCCC2)n1)C(=O)O,340.0,-9.5,2.133,7.549
CHEMBL4633554,C/C(=C/c1cc(-c2ccc(OCc3cc(CN4CCC(O)CC4=O)ccc3-c3ccc(C#N)cc3)cc2)n(C2CCCCC2)n1)C(=O)O,340.0,-9.4,1.977,8.354
CHEMBL4633554,C/C(=C/c1cc(-c2ccc(OCc3cc(CN4CCC(O)CC4=O)ccc3-c3ccc(C#N)cc3)cc2)n(C2CCCCC2)n1)C(=O)O,340.0,-9.2,2.842,7.432
CHEMBL4633554,C/C(=C/c1cc(-c2ccc(OCc3cc(CN4CCC(O)CC4=O)ccc3-c3ccc(C#N)cc3)cc2)n(C2CCCCC2)n1)C(=O)O,340.0,-9.0,3.434,8.068
CHEMBL4633554,C/C(=C/c1cc(-c2ccc(OCc3cc(CN4CCC(O)CC4=O)ccc3-c3ccc(C#N)cc3)cc2)n(C2CCCCC2)n1)C(=O)O,340.0,-8.5,3.93,7.152
CHEMBL217625,O=C(O)c1ccc2c(C3CCCCC3)c3n(c2c1)CCN(CCN1CCCCC1)c1ccccc1-3,340.0,-11.2,0.0,0.0
CHEMBL217625,O=C(O)c1ccc2c(C3CCCCC3)c3n(c2c1)CCN(CCN1CCCCC1)c1ccccc1-3,340.0,-10.7,2.1,5.008
CHEMBL217625,O=C(O)c1ccc2c(C3CCCCC3)c3n(c2c1)CCN(CCN1CCCCC1)c1ccccc1-3,340.0,-10.5,2.833,6.333
CHEMBL217625,O=C(O)c1ccc2c(C3CCCCC3)c3n(c2c1)CCN(CCN1CCCCC1)c1ccccc1-3,340.0,-10.4,2.871,5.712
CHEMBL217625,O=C(O)c1ccc2c(C3CCCCC3)c3n(c2c1)CCN(CCN1CCCCC1)c1ccccc1-3,340.0,-10.4,2.662,3.81
CHEMBL217625,O=C(O)c1ccc2c(C3CCCCC3)c3n(c2c1)CCN(CCN1CCCCC1)c1ccccc1-3,340.0,-10.1,3.034,4.075
CHEMBL217625,O=C(O)c1ccc2c(C3CCCCC3)c3n(c2c1)CCN(CCN1CCCCC1)c1ccccc1-3,340.0,-9.7,2.706,4.148
CHEMBL217625,O=C(O)c1ccc2c(C3CCCCC3)c3n(c2c1)CCN(CCN1CCCCC1)c1ccccc1-3,340.0,-9.6,2.245,2.993
CHEMBL217625,O=C(O)c1ccc2c(C3CCCCC3)c3n(c2c1)CCN(CCN1CCCCC1)c1ccccc1-3,340.0,-9.5,2.386,4.154
CHEMBL202539,O=c1c(C2=NS(=O)(=O)c3ccccc3N2)c(O)c2ccccc2n1CC1CCCCC1,367.0,-9.5,0.0,0.0
CHEMBL202539,O=c1c(C2=NS(=O)(=O)c3ccccc3N2)c(O)c2ccccc2n1CC1CCCCC1,367.0,-7.4,4.056,8.624
CHEMBL181634,CC(C)C[C@@]1(C(=O)O)C[C@H](C(=O)O)[C@H](c2nccs2)N1C(=O)c1ccc(C(F)(F)F)cc1,400.0,-6.2,0.0,0.0
CHEMBL181634,CC(C)C[C@@]1(C(=O)O)C[C@H](C(=O)O)[C@H](c2nccs2)N1C(=O)c1ccc(C(F)(F)F)cc1,400.0,-3.3,1.404,1.998
CHEMBL378164,CC(C)CCn1c(=O)c(C2=NS(=O)(=O)c3ccccc3N2)c(O)c2cc([N+](=O)[O-])ccc21,455.0,-5.7,0.0,0.0
CHEMBL378164,CC(C)CCn1c(=O)c(C2=NS(=O)(=O)c3ccccc3N2)c(O)c2cc([N+](=O)[O-])ccc21,455.0,-4.3,2.836,4.291
CHEMBL378164,CC(C)CCn1c(=O)c(C2=NS(=O)(=O)c3ccccc3N2)c(O)c2cc([N+](=O)[O-])ccc21,455.0,-4.0,1.368,2.08
CHEMBL378164,CC(C)CCn1c(=O)c(C2=NS(=O)(=O)c3ccccc3N2)c(O)c2cc([N+](=O)[O-])ccc21,455.0,-3.9,1.312,2.165
CHEMBL378164,CC(C)CCn1c(=O)c(C2=NS(=O)(=O)c3ccccc3N2)c(O)c2cc([N+](=O)[O-])ccc21,455.0,-3.8,1.777,2.439
CHEMBL378164,CC(C)CCn1c(=O)c(C2=NS(=O)(=O)c3ccccc3N2)c(O)c2cc([N+](=O)[O-])ccc21,455.0,-3.2,3.208,9.599
CHEMBL381310,O=c1c(C2=NS(=O)(=O)c3ccccc3N2)c(O)c2ccccc2n1CC1CCOC1,484.0,-8.9,0.0,0.0
CHEMBL381310,O=c1c(C2=NS(=O)(=O)c3ccccc3N2)c(O)c2ccccc2n1CC1CCOC1,484.0,-7.9,3.521,8.519
CHEMBL381310,O=c1c(C2=NS(=O)(=O)c3ccccc3N2)c(O)c2ccccc2n1CC1CCOC1,484.0,-7.2,1.616,4.165
CHEMBL381310,O=c1c(C2=NS(=O)(=O)c3ccccc3N2)c(O)c2ccccc2n1CC1CCOC1,484.0,-6.1,3.239,8.334
CHEMBL182020,Oc1ncnc2nc(-c3ccc(F)cc3)c(-c3ccc(F)cc3)nc12,500.0,-9.9,0.0,0.0
CHEMBL182020,Oc1ncnc2nc(-c3ccc(F)cc3)c(-c3ccc(F)cc3)nc12,500.0,-9.7,0.837,2.914
CHEMBL182020,Oc1ncnc2nc(-c3ccc(F)cc3)c(-c3ccc(F)cc3)nc12,500.0,-9.6,2.93,4.6
CHEMBL182020,Oc1ncnc2nc(-c3ccc(F)cc3)c(-c3ccc(F)cc3)nc12,500.0,-9.5,2.164,2.508
CHEMBL182020,Oc1ncnc2nc(-c3ccc(F)cc3)c(-c3ccc(F)cc3)nc12,500.0,-9.4,3.189,5.157
CHEMBL182020,Oc1ncnc2nc(-c3ccc(F)cc3)c(-c3ccc(F)cc3)nc12,500.0,-9.2,2.337,3.539
CHEMBL182020,Oc1ncnc2nc(-c3ccc(F)cc3)c(-c3ccc(F)cc3)nc12,500.0,-8.9,3.097,4.786
CHEMBL360456,CC(C)C[C@@]1(C(=O)O)C[C@H](C(=O)O)[C@H](C(C)C)N1C(=O)c1ccc(C(F)(F)F)cc1,500.0,-6.0,0.0,0.0
CHEMBL360456,CC(C)C[C@@]1(C(=O)O)C[C@H](C(=O)O)[C@H](C(C)C)N1C(=O)c1ccc(C(F)(F)F)cc1,500.0,-5.9,4.169,6.976
CHEMBL360456,CC(C)C[C@@]1(C(=O)O)C[C@H](C(=O)O)[C@H](C(C)C)N1C(=O)c1ccc(C(F)(F)F)cc1,500.0,-3.8,0.967,1.403
CHEMBL201140,O=c1c(C2=NS(=O)(=O)c3ccccc3N2)c(O)c2ccccc2n1CC1CCCO1,528.0,-9.1,0.0,0.0
CHEMBL201140,O=c1c(C2=NS(=O)(=O)c3ccccc3N2)c(O)c2ccccc2n1CC1CCCO1,528.0,-7.5,3.513,8.475
CHEMBL201140,O=c1c(C2=NS(=O)(=O)c3ccccc3N2)c(O)c2ccccc2n1CC1CCCO1,528.0,-7.0,1.503,4.173
CHEMBL201140,O=c1c(C2=NS(=O)(=O)c3ccccc3N2)c(O)c2ccccc2n1CC1CCCO1,528.0,-6.5,1.789,3.432
CHEMBL4642429,O=C(O)/C=C/c1ccc(NC(=O)N(C(=O)c2ccc3c(c2)nc(-c2ccccn2)n3C2CCCCC2)C2CCCC2)cc1,550.0,-7.8,0.0,0.0
CHEMBL4642429,O=C(O)/C=C/c1ccc(NC(=O)N(C(=O)c2ccc3c(c2)nc(-c2ccccn2)n3C2CCCCC2)C2CCCC2)cc1,550.0,-7.8,1.484,2.261
CHEMBL4642429,O=C(O)/C=C/c1ccc(NC(=O)N(C(=O)c2ccc3c(c2)nc(-c2ccccn2)n3C2CCCCC2)C2CCCC2)cc1,550.0,-5.8,5.872,7.781
CHEMBL4642429,O=C(O)/C=C/c1ccc(NC(=O)N(C(=O)c2ccc3c(c2)nc(-c2ccccn2)n3C2CCCCC2)C2CCCC2)cc1,550.0,-5.2,3.514,4.486
CHEMBL202581,CC(C)CCn1c(=O)c(C2=NS(=O)(=O)c3ccccc3N2)c(O)c2ccc(F)cc21,554.0,-8.5,0.0,0.0
CHEMBL202581,CC(C)CCn1c(=O)c(C2=NS(=O)(=O)c3ccccc3N2)c(O)c2ccc(F)cc21,554.0,-7.9,5.139,9.077
CHEMBL202581,CC(C)CCn1c(=O)c(C2=NS(=O)(=O)c3ccccc3N2)c(O)c2ccc(F)cc21,554.0,-7.5,1.125,3.565
CHEMBL202581,CC(C)CCn1c(=O)c(C2=NS(=O)(=O)c3ccccc3N2)c(O)c2ccc(F)cc21,554.0,-6.8,2.022,2.827
CHEMBL202581,CC(C)CCn1c(=O)c(C2=NS(=O)(=O)c3ccccc3N2)c(O)c2ccc(F)cc21,554.0,-6.4,3.645,8.794
CHEMBL202581,CC(C)CCn1c(=O)c(C2=NS(=O)(=O)c3ccccc3N2)c(O)c2ccc(F)cc21,554.0,-5.9,4.775,8.905
CHEMBL202581,CC(C)CCn1c(=O)c(C2=NS(=O)(=O)c3ccccc3N2)c(O)c2ccc(F)cc21,554.0,-5.9,3.657,8.515
CHEMBL202581,CC(C)CCn1c(=O)c(C2=NS(=O)(=O)c3ccccc3N2)c(O)c2ccc(F)cc21,554.0,-5.9,1.574,2.218
CHEMBL202581,CC(C)CCn1c(=O)c(C2=NS(=O)(=O)c3ccccc3N2)c(O)c2ccc(F)cc21,554.0,-5.7,2.483,3.589
CHEMBL4639473,O=C(N[C@H](Cc1c[nH]c2ccc(O)cc12)C(=O)O)c1ccc2nc(-c3ccccc3)c(C3CCCCC3)nc2c1,600.0,-11.1,0.0,0.0
CHEMBL4639473,O=C(N[C@H](Cc1c[nH]c2ccc(O)cc12)C(=O)O)c1ccc2nc(-c3ccccc3)c(C3CCCCC3)nc2c1,600.0,-9.9,2.938,6.535
CHEMBL4639473,O=C(N[C@H](Cc1c[nH]c2ccc(O)cc12)C(=O)O)c1ccc2nc(-c3ccccc3)c(C3CCCCC3)nc2c1,600.0,-9.8,1.604,6.843
CHEMBL4639473,O=C(N[C@H](Cc1c[nH]c2ccc(O)cc12)C(=O)O)c1ccc2nc(-c3ccccc3)c(C3CCCCC3)nc2c1,600.0,-9.8,1.735,3.25
CHEMBL4639473,O=C(N[C@H](Cc1c[nH]c2ccc(O)cc12)C(=O)O)c1ccc2nc(-c3ccccc3)c(C3CCCCC3)nc2c1,600.0,-9.4,1.459,2.479
CHEMBL4639473,O=C(N[C@H](Cc1c[nH]c2ccc(O)cc12)C(=O)O)c1ccc2nc(-c3ccccc3)c(C3CCCCC3)nc2c1,600.0,-9.3,2.548,6.428
CHEMBL4639473,O=C(N[C@H](Cc1c[nH]c2ccc(O)cc12)C(=O)O)c1ccc2nc(-c3ccccc3)c(C3CCCCC3)nc2c1,600.0,-9.3,2.538,6.853
CHEMBL4639473,O=C(N[C@H](Cc1c[nH]c2ccc(O)cc12)C(=O)O)c1ccc2nc(-c3ccccc3)c(C3CCCCC3)nc2c1,600.0,-9.1,2.763,4.795
CHEMBL180099,CC(C)C[C@@]1(C(=O)O)C[C@H](C(=O)O)[C@H](c2cccs2)N1C(=O)c1cccc(C(F)(F)F)c1,600.0,-6.5,0.0,0.0
CHEMBL180099,CC(C)C[C@@]1(C(=O)O)C[C@H](C(=O)O)[C@H](c2cccs2)N1C(=O)c1cccc(C(F)(F)F)c1,600.0,-6.3,1.452,2.122
CHEMBL180099,CC(C)C[C@@]1(C(=O)O)C[C@H](C(=O)O)[C@H](c2cccs2)N1C(=O)c1cccc(C(F)(F)F)c1,600.0,-5.4,1.433,1.99
CHEMBL179389,CC(C)C[C@@]1(C(=O)O)C[C@H](C(=O)O)[C@H](c2cccs2)N1C(=O)c1ccc(Cl)c(Cl)c1,600.0,-6.9,0.0,0.0
CHEMBL179389,CC(C)C[C@@]1(C(=O)O)C[C@H](C(=O)O)[C@H](c2cccs2)N1C(=O)c1ccc(Cl)c(Cl)c1,600.0,-6.7,0.512,1.305
CHEMBL439511,CC(C)(C)C(=O)Cn1c(=O)c(C2=NS(=O)(=O)c3ccccc3N2)c(O)c2cc(F)ccc21,696.0,-7.2,0.0,0.0
CHEMBL439511,CC(C)(C)C(=O)Cn1c(=O)c(C2=NS(=O)(=O)c3ccccc3N2)c(O)c2cc(F)ccc21,696.0,-6.4,2.137,4.177
CHEMBL439511,CC(C)(C)C(=O)Cn1c(=O)c(C2=NS(=O)(=O)c3ccccc3N2)c(O)c2cc(F)ccc21,696.0,-6.3,3.438,8.249
CHEMBL439511,CC(C)(C)C(=O)Cn1c(=O)c(C2=NS(=O)(=O)c3ccccc3N2)c(O)c2cc(F)ccc21,696.0,-5.0,2.198,2.902
CHEMBL180188,CC(C)C[C@@]1(C(=O)O)C[C@H](C(=O)O)[C@H](c2ccccc2)N1C(=O)c1ccc(C(F)(F)F)cc1,700.0,-5.1,0.0,0.0
CHEMBL180188,CC(C)C[C@@]1(C(=O)O)C[C@H](C(=O)O)[C@H](c2ccccc2)N1C(=O)c1ccc(C(F)(F)F)cc1,700.0,-2.3,5.529,9.308
CHEMBL180188,CC(C)C[C@@]1(C(=O)O)C[C@H](C(=O)O)[C@H](c2ccccc2)N1C(=O)c1ccc(C(F)(F)F)cc1,700.0,-2.3,5.579,7.837
CHEMBL360543,CC(C)C[C@@]1(C(=O)O)C[C@H](C(=O)O)[C@H](c2ccccn2)N1C(=O)c1ccc(C(F)(F)F)cc1,700.0,-6.0,0.0,0.0
CHEMBL360543,CC(C)C[C@@]1(C(=O)O)C[C@H](C(=O)O)[C@H](c2ccccn2)N1C(=O)c1ccc(C(F)(F)F)cc1,700.0,-3.7,5.508,9.246
CHEMBL360543,CC(C)C[C@@]1(C(=O)O)C[C@H](C(=O)O)[C@H](c2ccccn2)N1C(=O)c1ccc(C(F)(F)F)cc1,700.0,-3.3,5.667,7.82
CHEMBL180771,CC(C)C[C@@]1(C(=O)O)C[C@H](C(=O)O)[C@H](c2cccs2)N1C(=O)c1cccc2ccccc12,700.0,-5.1,0.0,0.0
CHEMBL180771,CC(C)C[C@@]1(C(=O)O)C[C@H](C(=O)O)[C@H](c2cccs2)N1C(=O)c1cccc2ccccc12,700.0,-4.7,1.871,2.954
CHEMBL180771,CC(C)C[C@@]1(C(=O)O)C[C@H](C(=O)O)[C@H](c2cccs2)N1C(=O)c1cccc2ccccc12,700.0,-3.9,1.979,4.478
CHEMBL180771,CC(C)C[C@@]1(C(=O)O)C[C@H](C(=O)O)[C@H](c2cccs2)N1C(=O)c1cccc2ccccc12,700.0,-2.2,2.233,4.852
CHEMBL427375,N#CCCCCn1c(=O)c(C2=NS(=O)(=O)c3ccccc3N2)c(O)c2ccccc21,750.0,-8.3,0.0,0.0
CHEMBL427375,N#CCCCCn1c(=O)c(C2=NS(=O)(=O)c3ccccc3N2)c(O)c2ccccc21,750.0,-7.2,3.946,8.972
CHEMBL427375,N#CCCCCn1c(=O)c(C2=NS(=O)(=O)c3ccccc3N2)c(O)c2ccccc21,750.0,-6.7,5.769,8.074
CHEMBL427375,N#CCCCCn1c(=O)c(C2=NS(=O)(=O)c3ccccc3N2)c(O)c2ccccc21,750.0,-6.6,1.903,4.727
CHEMBL427375,N#CCCCCn1c(=O)c(C2=NS(=O)(=O)c3ccccc3N2)c(O)c2ccccc21,750.0,-6.0,1.406,3.072
CHEMBL427375,N#CCCCCn1c(=O)c(C2=NS(=O)(=O)c3ccccc3N2)c(O)c2ccccc21,750.0,-5.7,1.388,2.108
CHEMBL427375,N#CCCCCn1c(=O)c(C2=NS(=O)(=O)c3ccccc3N2)c(O)c2ccccc21,750.0,-5.4,2.608,9.403
CHEMBL427375,N#CCCCCn1c(=O)c(C2=NS(=O)(=O)c3ccccc3N2)c(O)c2ccccc21,750.0,-5.4,2.285,3.844
CHEMBL202191,N#Cc1ccccc1Cn1c(=O)c(C2=NS(=O)(=O)c3ccccc3N2)c(O)c2ccccc21,780.0,-7.3,0.0,0.0
CHEMBL202191,N#Cc1ccccc1Cn1c(=O)c(C2=NS(=O)(=O)c3ccccc3N2)c(O)c2ccccc21,780.0,-6.0,1.956,2.524
CHEMBL202191,N#Cc1ccccc1Cn1c(=O)c(C2=NS(=O)(=O)c3ccccc3N2)c(O)c2ccccc21,780.0,-5.9,3.548,8.353
CHEMBL202191,N#Cc1ccccc1Cn1c(=O)c(C2=NS(=O)(=O)c3ccccc3N2)c(O)c2ccccc21,780.0,-4.3,2.126,3.825
CHEMBL179508,CC(C)C[C@@]1(C(=O)O)C[C@H](C(=O)O)[C@H](c2ccco2)N1C(=O)c1ccc(C(F)(F)F)cc1,800.0,-6.1,0.0,0.0
CHEMBL179508,CC(C)C[C@@]1(C(=O)O)C[C@H](C(=O)O)[C@H](c2ccco2)N1C(=O)c1ccc(C(F)(F)F)cc1,800.0,-3.3,1.327,1.936
CHEMBL202079,COCCn1c(=O)c(C2=NS(=O)(=O)c3ccccc3N2)c(O)c2ccccc21,819.0,-8.8,0.0,0.0
CHEMBL202079,COCCn1c(=O)c(C2=NS(=O)(=O)c3ccccc3N2)c(O)c2ccccc21,819.0,-8.6,1.461,2.231
CHEMBL202079,COCCn1c(=O)c(C2=NS(=O)(=O)c3ccccc3N2)c(O)c2ccccc21,819.0,-8.4,2.206,7.675
CHEMBL202079,COCCn1c(=O)c(C2=NS(=O)(=O)c3ccccc3N2)c(O)c2ccccc21,819.0,-8.3,2.123,8.361
CHEMBL202079,COCCn1c(=O)c(C2=NS(=O)(=O)c3ccccc3N2)c(O)c2ccccc21,819.0,-7.6,2.086,8.494
CHEMBL202079,COCCn1c(=O)c(C2=NS(=O)(=O)c3ccccc3N2)c(O)c2ccccc21,819.0,-6.6,1.8,2.06
CHEMBL202079,COCCn1c(=O)c(C2=NS(=O)(=O)c3ccccc3N2)c(O)c2ccccc21,819.0,-6.0,2.137,8.203
CHEMBL202079,COCCn1c(=O)c(C2=NS(=O)(=O)c3ccccc3N2)c(O)c2ccccc21,819.0,-5.9,1.572,3.732
CHEMBL202079,COCCn1c(=O)c(C2=NS(=O)(=O)c3ccccc3N2)c(O)c2ccccc21,819.0,-5.9,2.512,8.754
CHEMBL413358,CC(C)C[C@@]1(C(=O)O)C[C@H](C(=O)O)[C@H](c2ccc(Cl)cc2)N1C(=O)c1ccc(C(F)(F)F)cc1,900.0,-4.3,0.0,0.0
CHEMBL413358,CC(C)C[C@@]1(C(=O)O)C[C@H](C(=O)O)[C@H](c2ccc(Cl)cc2)N1C(=O)c1ccc(C(F)(F)F)cc1,900.0,-4.1,5.836,9.484
CHEMBL413358,CC(C)C[C@@]1(C(=O)O)C[C@H](C(=O)O)[C@H](c2ccc(Cl)cc2)N1C(=O)c1ccc(C(F)(F)F)cc1,900.0,-2.2,4.44,7.13
CHEMBL439333,CC(C)CCn1c(=O)c(C2=NS(=O)(=O)c3ccccc3N2)c(O)c2cc(NC(=O)C3CCCC3)ccc21,973.0,-5.1,0.0,0.0
CHEMBL439333,CC(C)CCn1c(=O)c(C2=NS(=O)(=O)c3ccccc3N2)c(O)c2cc(NC(=O)C3CCCC3)ccc21,973.0,-3.6,2.581,9.685
CHEMBL181308,Cc1ccc([C@H]2[C@@H](C(=O)O)C[C@@](CC(C)C)(C(=O)O)N2C(=O)c2ccc(C(F)(F)F)cc2)cc1,1000.0,-4.2,0.0,0.0
CHEMBL181308,Cc1ccc([C@H]2[C@@H](C(=O)O)C[C@@](CC(C)C)(C(=O)O)N2C(=O)c2ccc(C(F)(F)F)cc2)cc1,1000.0,-3.8,5.606,9.483
CHEMBL181308,Cc1ccc([C@H]2[C@@H](C(=O)O)C[C@@](CC(C)C)(C(=O)O)N2C(=O)c2ccc(C(F)(F)F)cc2)cc1,1000.0,-2.0,4.025,7.594
CHEMBL202407,CC(C)CCn1c(=O)c(C2=NS(=O)(=O)c3ccccc3N2)c(O)c2cc(C(=O)O)ccc21,1035.0,-5.7,0.0,0.0
CHEMBL202407,CC(C)CCn1c(=O)c(C2=NS(=O)(=O)c3ccccc3N2)c(O)c2cc(C(=O)O)ccc21,1035.0,-4.0,2.583,7.943
CHEMBL202407,CC(C)CCn1c(=O)c(C2=NS(=O)(=O)c3ccccc3N2)c(O)c2cc(C(=O)O)ccc21,1035.0,-3.9,1.335,2.198
CHEMBL202407,CC(C)CCn1c(=O)c(C2=NS(=O)(=O)c3ccccc3N2)c(O)c2cc(C(=O)O)ccc21,1035.0,-3.9,1.354,2.174
CHEMBL202407,CC(C)CCn1c(=O)c(C2=NS(=O)(=O)c3ccccc3N2)c(O)c2cc(C(=O)O)ccc21,1035.0,-3.8,1.734,2.524
CHEMBL202407,CC(C)CCn1c(=O)c(C2=NS(=O)(=O)c3ccccc3N2)c(O)c2cc(C(=O)O)ccc21,1035.0,-3.3,3.295,9.272
CHEMBL202407,CC(C)CCn1c(=O)c(C2=NS(=O)(=O)c3ccccc3N2)c(O)c2cc(C(=O)O)ccc21,1035.0,-2.7,2.812,7.833
CHEMBL201927,O=c1c(C2=NS(=O)(=O)c3ccccc3N2)c(O)c2ccccc2n1CCCCO,1301.0,-8.8,0.0,0.0
CHEMBL201927,O=c1c(C2=NS(=O)(=O)c3ccccc3N2)c(O)c2ccccc2n1CCCCO,1301.0,-8.3,1.512,3.552
CHEMBL201927,O=c1c(C2=NS(=O)(=O)c3ccccc3N2)c(O)c2ccccc2n1CCCCO,1301.0,-7.8,2.311,8.418
CHEMBL201927,O=c1c(C2=NS(=O)(=O)c3ccccc3N2)c(O)c2ccccc2n1CCCCO,1301.0,-7.5,2.364,8.127
CHEMBL201927,O=c1c(C2=NS(=O)(=O)c3ccccc3N2)c(O)c2ccccc2n1CCCCO,1301.0,-7.0,5.063,9.234
CHEMBL201927,O=c1c(C2=NS(=O)(=O)c3ccccc3N2)c(O)c2ccccc2n1CCCCO,1301.0,-6.4,1.654,1.961
CHEMBL201927,O=c1c(C2=NS(=O)(=O)c3ccccc3N2)c(O)c2ccccc2n1CCCCO,1301.0,-6.2,2.054,2.9
CHEMBL201927,O=c1c(C2=NS(=O)(=O)c3ccccc3N2)c(O)c2ccccc2n1CCCCO,1301.0,-5.9,1.432,2.158
CHEMBL202250,CCCn1c(=O)c(C2=NS(=O)(=O)c3ccccc3N2)c(O)c2ccccc21,1550.0,-8.6,0.0,0.0
CHEMBL202250,CCCn1c(=O)c(C2=NS(=O)(=O)c3ccccc3N2)c(O)c2ccccc21,1550.0,-8.6,2.23,8.245
CHEMBL202250,CCCn1c(=O)c(C2=NS(=O)(=O)c3ccccc3N2)c(O)c2ccccc21,1550.0,-8.4,0.838,3.132
CHEMBL202250,CCCn1c(=O)c(C2=NS(=O)(=O)c3ccccc3N2)c(O)c2ccccc21,1550.0,-8.3,2.239,7.931
CHEMBL202250,CCCn1c(=O)c(C2=NS(=O)(=O)c3ccccc3N2)c(O)c2ccccc21,1550.0,-6.8,6.135,8.496
CHEMBL202250,CCCn1c(=O)c(C2=NS(=O)(=O)c3ccccc3N2)c(O)c2ccccc21,1550.0,-6.7,1.946,2.668
CHEMBL202250,CCCn1c(=O)c(C2=NS(=O)(=O)c3ccccc3N2)c(O)c2ccccc21,1550.0,-5.9,1.439,2.218
CHEMBL202250,CCCn1c(=O)c(C2=NS(=O)(=O)c3ccccc3N2)c(O)c2ccccc21,1550.0,-5.7,5.902,8.788
CHEMBL202250,CCCn1c(=O)c(C2=NS(=O)(=O)c3ccccc3N2)c(O)c2ccccc21,1550.0,-5.6,2.363,7.835
CHEMBL175177,O=C(O)c1ccc2c(c1)nc(-c1ccoc1)n2C1CCCCC1,1600.0,-7.3,0.0,0.0
CHEMBL175177,O=C(O)c1ccc2c(c1)nc(-c1ccoc1)n2C1CCCCC1,1600.0,-6.9,3.785,7.454
CHEMBL175177,O=C(O)c1ccc2c(c1)nc(-c1ccoc1)n2C1CCCCC1,1600.0,-6.5,3.667,6.928
CHEMBL175177,O=C(O)c1ccc2c(c1)nc(-c1ccoc1)n2C1CCCCC1,1600.0,-6.4,2.767,7.272
CHEMBL175177,O=C(O)c1ccc2c(c1)nc(-c1ccoc1)n2C1CCCCC1,1600.0,-6.2,2.557,7.105
CHEMBL175177,O=C(O)c1ccc2c(c1)nc(-c1ccoc1)n2C1CCCCC1,1600.0,-5.0,3.851,6.741
CHEMBL361429,CC(C)C[C@@]1(C(=O)O)C[C@H](C(=O)O)[C@H](c2cccs2)N1C(=O)c1ccc(Cl)cc1,1700.0,-6.8,0.0,0.0
CHEMBL361429,CC(C)C[C@@]1(C(=O)O)C[C@H](C(=O)O)[C@H](c2cccs2)N1C(=O)c1ccc(Cl)cc1,1700.0,-6.7,0.116,1.189
CHEMBL361429,CC(C)C[C@@]1(C(=O)O)C[C@H](C(=O)O)[C@H](c2cccs2)N1C(=O)c1ccc(Cl)cc1,1700.0,-5.0,1.585,2.257
CHEMBL361429,CC(C)C[C@@]1(C(=O)O)C[C@H](C(=O)O)[C@H](c2cccs2)N1C(=O)c1ccc(Cl)cc1,1700.0,-4.5,3.092,7.028
CHEMBL425757,COCCOc1ccc2c(c1)c(O)c(C1=NS(=O)(=O)c3ccccc3N1)c(=O)n2CCC(C)C,1741.0,-7.1,0.0,0.0
CHEMBL425757,COCCOc1ccc2c(c1)c(O)c(C1=NS(=O)(=O)c3ccccc3N1)c(=O)n2CCC(C)C,1741.0,-5.9,1.298,1.993
CHEMBL425757,COCCOc1ccc2c(c1)c(O)c(C1=NS(=O)(=O)c3ccccc3N1)c(=O)n2CCC(C)C,1741.0,-5.7,2.484,4.495
CHEMBL425757,COCCOc1ccc2c(c1)c(O)c(C1=NS(=O)(=O)c3ccccc3N1)c(=O)n2CCC(C)C,1741.0,-5.0,1.244,2.119
CHEMBL425757,COCCOc1ccc2c(c1)c(O)c(C1=NS(=O)(=O)c3ccccc3N1)c(=O)n2CCC(C)C,1741.0,-4.6,2.578,8.436
CHEMBL360800,O=C(O)[C@H]1C[C@@](Cc2ccccc2)(C(=O)O)N(C(=O)c2ccc(C(F)(F)F)cc2)[C@H]1c1ccccc1,1900.0,-3.1,0.0,0.0
CHEMBL360800,O=C(O)[C@H]1C[C@@](Cc2ccccc2)(C(=O)O)N(C(=O)c2ccc(C(F)(F)F)cc2)[C@H]1c1ccccc1,1900.0,-2.2,4.542,8.251
CHEMBL360800,O=C(O)[C@H]1C[C@@](Cc2ccccc2)(C(=O)O)N(C(=O)c2ccc(C(F)(F)F)cc2)[C@H]1c1ccccc1,1900.0,-1.3,6.695,9.305
CHEMBL202606,CCOC(=O)n1c(=O)c(C2=NS(=O)(=O)c3ccccc3N2)c(O)c2ccccc21,2036.0,-8.5,0.0,0.0
CHEMBL202606,CCOC(=O)n1c(=O)c(C2=NS(=O)(=O)c3ccccc3N2)c(O)c2ccccc21,2036.0,-7.3,1.562,3.518
CHEMBL202606,CCOC(=O)n1c(=O)c(C2=NS(=O)(=O)c3ccccc3N2)c(O)c2ccccc21,2036.0,-6.7,6.354,9.071
CHEMBL201305,CCn1c(=O)c(C2=NS(=O)(=O)c3ccccc3N2)c(O)c2ccccc21,2220.0,-9.3,0.0,0.0
CHEMBL201305,CCn1c(=O)c(C2=NS(=O)(=O)c3ccccc3N2)c(O)c2ccccc21,2220.0,-9.0,1.503,2.31
CHEMBL201305,CCn1c(=O)c(C2=NS(=O)(=O)c3ccccc3N2)c(O)c2ccccc21,2220.0,-8.7,2.066,7.608
CHEMBL201305,CCn1c(=O)c(C2=NS(=O)(=O)c3ccccc3N2)c(O)c2ccccc21,2220.0,-8.5,2.013,8.13
CHEMBL201305,CCn1c(=O)c(C2=NS(=O)(=O)c3ccccc3N2)c(O)c2ccccc21,2220.0,-7.4,1.345,1.489
CHEMBL201305,CCn1c(=O)c(C2=NS(=O)(=O)c3ccccc3N2)c(O)c2ccccc21,2220.0,-7.4,5.974,8.69
CHEMBL201305,CCn1c(=O)c(C2=NS(=O)(=O)c3ccccc3N2)c(O)c2ccccc21,2220.0,-6.8,4.816,7.646
CHEMBL201305,CCn1c(=O)c(C2=NS(=O)(=O)c3ccccc3N2)c(O)c2ccccc21,2220.0,-6.7,6.277,8.455
CHEMBL201305,CCn1c(=O)c(C2=NS(=O)(=O)c3ccccc3N2)c(O)c2ccccc21,2220.0,-6.6,1.859,7.946
CHEMBL381699,CS(=O)(=O)CCn1c(=O)c(C2=NS(=O)(=O)c3ccccc3N2)c(O)c2ccccc21,2322.0,-8.1,0.0,0.0
CHEMBL381699,CS(=O)(=O)CCn1c(=O)c(C2=NS(=O)(=O)c3ccccc3N2)c(O)c2ccccc21,2322.0,-7.8,2.891,8.529
CHEMBL381699,CS(=O)(=O)CCn1c(=O)c(C2=NS(=O)(=O)c3ccccc3N2)c(O)c2ccccc21,2322.0,-7.7,2.269,3.703
CHEMBL381699,CS(=O)(=O)CCn1c(=O)c(C2=NS(=O)(=O)c3ccccc3N2)c(O)c2ccccc21,2322.0,-6.7,2.101,4.022
CHEMBL381699,CS(=O)(=O)CCn1c(=O)c(C2=NS(=O)(=O)c3ccccc3N2)c(O)c2ccccc21,2322.0,-6.0,2.643,4.2
CHEMBL381699,CS(=O)(=O)CCn1c(=O)c(C2=NS(=O)(=O)c3ccccc3N2)c(O)c2ccccc21,2322.0,-6.0,2.401,7.747
CHEMBL381699,CS(=O)(=O)CCn1c(=O)c(C2=NS(=O)(=O)c3ccccc3N2)c(O)c2ccccc21,2322.0,-5.7,2.023,7.498
CHEMBL381699,CS(=O)(=O)CCn1c(=O)c(C2=NS(=O)(=O)c3ccccc3N2)c(O)c2ccccc21,2322.0,-5.5,3.0,8.356
CHEMBL381699,CS(=O)(=O)CCn1c(=O)c(C2=NS(=O)(=O)c3ccccc3N2)c(O)c2ccccc21,2322.0,-5.5,1.943,3.144
CHEMBL203369,CC(C)CCn1c(=O)c(C2=NS(=O)(=O)c3ccccc3N2C)c(O)c2ccccc21,2429.0,-4.1,0.0,0.0
CHEMBL203369,CC(C)CCn1c(=O)c(C2=NS(=O)(=O)c3ccccc3N2C)c(O)c2ccccc21,2429.0,-3.8,1.862,2.431
CHEMBL203369,CC(C)CCn1c(=O)c(C2=NS(=O)(=O)c3ccccc3N2C)c(O)c2ccccc21,2429.0,-2.2,3.965,8.442
CHEMBL203369,CC(C)CCn1c(=O)c(C2=NS(=O)(=O)c3ccccc3N2C)c(O)c2ccccc21,2429.0,-2.1,3.725,7.753
CHEMBL203369,CC(C)CCn1c(=O)c(C2=NS(=O)(=O)c3ccccc3N2C)c(O)c2ccccc21,2429.0,-2.1,4.869,8.986
CHEMBL203369,CC(C)CCn1c(=O)c(C2=NS(=O)(=O)c3ccccc3N2C)c(O)c2ccccc21,2429.0,-1.4,4.116,8.618
CHEMBL381497,O=c1c(C2=NS(=O)(=O)c3ccccc3N2)c(O)c2ccccc2n1Cc1ccc([N+](=O)[O-])cc1,2442.0,-9.7,0.0,0.0
CHEMBL381497,O=c1c(C2=NS(=O)(=O)c3ccccc3N2)c(O)c2ccccc2n1Cc1ccc([N+](=O)[O-])cc1,2442.0,-8.1,3.013,9.155
CHEMBL381497,O=c1c(C2=NS(=O)(=O)c3ccccc3N2)c(O)c2ccccc2n1Cc1ccc([N+](=O)[O-])cc1,2442.0,-6.8,2.938,9.01
CHEMBL202325,C[S+]([O-])CCn1c(=O)c(C2=NS(=O)(=O)c3ccccc3N2)c(O)c2ccccc21,2537.0,-8.3,0.0,0.0
CHEMBL202325,C[S+]([O-])CCn1c(=O)c(C2=NS(=O)(=O)c3ccccc3N2)c(O)c2ccccc21,2537.0,-7.8,1.921,3.567
CHEMBL202325,C[S+]([O-])CCn1c(=O)c(C2=NS(=O)(=O)c3ccccc3N2)c(O)c2ccccc21,2537.0,-7.4,2.795,8.489
CHEMBL202325,C[S+]([O-])CCn1c(=O)c(C2=NS(=O)(=O)c3ccccc3N2)c(O)c2ccccc21,2537.0,-6.5,5.887,8.224
CHEMBL202325,C[S+]([O-])CCn1c(=O)c(C2=NS(=O)(=O)c3ccccc3N2)c(O)c2ccccc21,2537.0,-6.3,2.506,4.022
CHEMBL202325,C[S+]([O-])CCn1c(=O)c(C2=NS(=O)(=O)c3ccccc3N2)c(O)c2ccccc21,2537.0,-6.1,2.455,4.322
CHEMBL202325,C[S+]([O-])CCn1c(=O)c(C2=NS(=O)(=O)c3ccccc3N2)c(O)c2ccccc21,2537.0,-5.8,1.774,3.143
CHEMBL202325,C[S+]([O-])CCn1c(=O)c(C2=NS(=O)(=O)c3ccccc3N2)c(O)c2ccccc21,2537.0,-5.4,1.403,2.14
CHEMBL200985,O=c1c(C2=NS(=O)(=O)c3ccccc3N2)c(O)c2ccccc2n1Cc1ccccn1,2694.0,-9.2,0.0,0.0
CHEMBL200985,O=c1c(C2=NS(=O)(=O)c3ccccc3N2)c(O)c2ccccc2n1Cc1ccccn1,2694.0,-7.9,4.559,7.616
CHEMBL201040,O=c1c(C2=NS(=O)(=O)c3ccccc3N2)c(O)c2ccccc2n1CCCO,2815.0,-8.6,0.0,0.0
CHEMBL201040,O=c1c(C2=NS(=O)(=O)c3ccccc3N2)c(O)c2ccccc2n1CCCO,2815.0,-8.5,2.228,8.311
CHEMBL201040,O=c1c(C2=NS(=O)(=O)c3ccccc3N2)c(O)c2ccccc2n1CCCO,2815.0,-8.3,2.242,8.005
CHEMBL201040,O=c1c(C2=NS(=O)(=O)c3ccccc3N2)c(O)c2ccccc2n1CCCO,2815.0,-8.1,1.298,3.317
CHEMBL201040,O=c1c(C2=NS(=O)(=O)c3ccccc3N2)c(O)c2ccccc2n1CCCO,2815.0,-6.8,1.828,2.483
CHEMBL201040,O=c1c(C2=NS(=O)(=O)c3ccccc3N2)c(O)c2ccccc2n1CCCO,2815.0,-6.1,2.278,3.026
CHEMBL4640738,CCCC1(CC(=O)O)OCCC2c3c(CC)ccc(Cl)c3NC21,3000.0,-8.9,0.0,0.0
CHEMBL4640738,CCCC1(CC(=O)O)OCCC2c3c(CC)ccc(Cl)c3NC21,3000.0,-8.9,3.108,4.864
CHEMBL4640738,CCCC1(CC(=O)O)OCCC2c3c(CC)ccc(Cl)c3NC21,3000.0,-8.7,3.379,6.022
CHEMBL4640738,CCCC1(CC(=O)O)OCCC2c3c(CC)ccc(Cl)c3NC21,3000.0,-8.6,4.338,5.699
CHEMBL4640738,CCCC1(CC(=O)O)OCCC2c3c(CC)ccc(Cl)c3NC21,3000.0,-8.5,2.635,4.866
CHEMBL4640738,CCCC1(CC(=O)O)OCCC2c3c(CC)ccc(Cl)c3NC21,3000.0,-8.5,2.876,4.603
CHEMBL4640738,CCCC1(CC(=O)O)OCCC2c3c(CC)ccc(Cl)c3NC21,3000.0,-8.2,3.206,4.945
CHEMBL206461,O=C(O)c1ccc2c(c1)nc(-c1ccc(OCc3ccccc3)cc1)n2C1CCCC1,3200.0,-10.1,0.0,0.0
CHEMBL206461,O=C(O)c1ccc2c(c1)nc(-c1ccc(OCc3ccccc3)cc1)n2C1CCCC1,3200.0,-10.1,6.672,8.538
CHEMBL206461,O=C(O)c1ccc2c(c1)nc(-c1ccc(OCc3ccccc3)cc1)n2C1CCCC1,3200.0,-9.8,7.017,9.167
CHEMBL206461,O=C(O)c1ccc2c(c1)nc(-c1ccc(OCc3ccccc3)cc1)n2C1CCCC1,3200.0,-9.5,6.2,9.118
CHEMBL206461,O=C(O)c1ccc2c(c1)nc(-c1ccc(OCc3ccccc3)cc1)n2C1CCCC1,3200.0,-9.3,2.654,5.138
CHEMBL206461,O=C(O)c1ccc2c(c1)nc(-c1ccc(OCc3ccccc3)cc1)n2C1CCCC1,3200.0,-8.8,3.056,5.253
CHEMBL206461,O=C(O)c1ccc2c(c1)nc(-c1ccc(OCc3ccccc3)cc1)n2C1CCCC1,3200.0,-8.7,2.849,8.524
CHEMBL206461,O=C(O)c1ccc2c(c1)nc(-c1ccc(OCc3ccccc3)cc1)n2C1CCCC1,3200.0,-7.9,6.81,8.377
CHEMBL206461,O=C(O)c1ccc2c(c1)nc(-c1ccc(OCc3ccccc3)cc1)n2C1CCCC1,3200.0,-7.3,1.301,1.865
CHEMBL178557,CC(C)C[C@@]1(C(=O)O)C[C@H](C(=O)O)[C@H](c2cccs2)N1C(=O)c1ccc([N+](=O)[O-])cc1,3200.0,-6.6,0.0,0.0
CHEMBL433580,CCCC[C@@]1(C(=O)O)C[C@H](C(=O)O)[C@H](c2ccccc2)N1C(=O)c1ccc(C(F)(F)F)cc1,3300.0,-5.8,0.0,0.0
CHEMBL201034,CC(C)CCn1c(=O)c(C2=NS(=O)(=O)c3ccccc3N2)c(O)c2cc(OCc3ccccc3)ccc21,3950.0,-7.9,0.0,0.0
CHEMBL201034,CC(C)CCn1c(=O)c(C2=NS(=O)(=O)c3ccccc3N2)c(O)c2cc(OCc3ccccc3)ccc21,3950.0,-6.7,1.244,2.092
CHEMBL201034,CC(C)CCn1c(=O)c(C2=NS(=O)(=O)c3ccccc3N2)c(O)c2cc(OCc3ccccc3)ccc21,3950.0,-6.6,1.366,1.98
CHEMBL201034,CC(C)CCn1c(=O)c(C2=NS(=O)(=O)c3ccccc3N2)c(O)c2cc(OCc3ccccc3)ccc21,3950.0,-5.9,2.243,4.206
CHEMBL201034,CC(C)CCn1c(=O)c(C2=NS(=O)(=O)c3ccccc3N2)c(O)c2cc(OCc3ccccc3)ccc21,3950.0,-5.8,1.259,2.247
CHEMBL201034,CC(C)CCn1c(=O)c(C2=NS(=O)(=O)c3ccccc3N2)c(O)c2cc(OCc3ccccc3)ccc21,3950.0,-5.8,2.427,8.889
CHEMBL202005,CC(C)CCn1c(=O)c(C2=NS(=O)(=O)c3ccccc3N2)c(O)c2cc(NC(=O)c3ccccc3)ccc21,4235.0,-4.5,0.0,0.0
CHEMBL202005,CC(C)CCn1c(=O)c(C2=NS(=O)(=O)c3ccccc3N2)c(O)c2cc(NC(=O)c3ccccc3)ccc21,4235.0,-3.7,2.597,9.945
CHEMBL382159,CC(C)CCn1c(=O)c(C2=NS(=O)(=O)c3ccccc3N2)c(O)c2cc(OCCCC#N)ccc21,4328.0,-7.0,0.0,0.0
CHEMBL382159,CC(C)CCn1c(=O)c(C2=NS(=O)(=O)c3ccccc3N2)c(O)c2cc(OCCCC#N)ccc21,4328.0,-5.5,1.379,2.037
CHEMBL382159,CC(C)CCn1c(=O)c(C2=NS(=O)(=O)c3ccccc3N2)c(O)c2cc(OCCCC#N)ccc21,4328.0,-5.5,2.113,4.234
CHEMBL382159,CC(C)CCn1c(=O)c(C2=NS(=O)(=O)c3ccccc3N2)c(O)c2cc(OCCCC#N)ccc21,4328.0,-5.0,1.301,2.12
CHEMBL382159,CC(C)CCn1c(=O)c(C2=NS(=O)(=O)c3ccccc3N2)c(O)c2cc(OCCCC#N)ccc21,4328.0,-4.7,2.529,8.526
CHEMBL382159,CC(C)CCn1c(=O)c(C2=NS(=O)(=O)c3ccccc3N2)c(O)c2cc(OCCCC#N)ccc21,4328.0,-4.3,2.663,8.23
