Molecule,Smiles,IC50,affinity(kcal/mol),rmsd l.b.,rmsd u.b.,rmsd_from_initial
CHEMBL3902813,O=C(Nc1c(OCc2ccc(Cl)cc2)cccc1C(=O)O)c1ccccc1,50000.0,-9.8,0.0,0.0,
CHEMBL3902813,O=C(Nc1c(OCc2ccc(Cl)cc2)cccc1C(=O)O)c1ccccc1,50000.0,-9.3,2.915,4.508,
CHEMBL3902813,O=C(Nc1c(OCc2ccc(Cl)cc2)cccc1C(=O)O)c1ccccc1,50000.0,-9.3,3.053,5.119,
CHEMBL3902813,O=C(Nc1c(OCc2ccc(Cl)cc2)cccc1C(=O)O)c1ccccc1,50000.0,-9.2,1.045,3.586,
CHEMBL3902813,O=C(Nc1c(OCc2ccc(Cl)cc2)cccc1C(=O)O)c1ccccc1,50000.0,-9.1,3.597,6.149,
CHEMBL3902813,O=C(Nc1c(OCc2ccc(Cl)cc2)cccc1C(=O)O)c1ccccc1,50000.0,-9.0,3.184,4.676,
CHEMBL3902813,O=C(Nc1c(OCc2ccc(Cl)cc2)cccc1C(=O)O)c1ccccc1,50000.0,-8.8,1.993,4.341,
CHEMBL4638107,COc1ccc2c(c1)[C@H]1[C@@H](CCN1CCN(C)C)CCn1c-2c(C2CCCCC2)c2ccc(C(=O)O)cc21,4.0,-10.6,0.0,0.0,
CHEMBL4638107,COc1ccc2c(c1)[C@H]1[C@@H](CCN1CCN(C)C)CCn1c-2c(C2CCCCC2)c2ccc(C(=O)O)cc21,4.0,-9.8,1.335,3.559,
CHEMBL4638107,COc1ccc2c(c1)[C@H]1[C@@H](CCN1CCN(C)C)CCn1c-2c(C2CCCCC2)c2ccc(C(=O)O)cc21,4.0,-9.1,1.787,5.785,
CHEMBL4638107,COc1ccc2c(c1)[C@H]1[C@@H](CCN1CCN(C)C)CCn1c-2c(C2CCCCC2)c2ccc(C(=O)O)cc21,4.0,-8.9,1.753,4.032,
CHEMBL4638107,COc1ccc2c(c1)[C@H]1[C@@H](CCN1CCN(C)C)CCn1c-2c(C2CCCCC2)c2ccc(C(=O)O)cc21,4.0,-8.8,2.478,5.632,
CHEMBL4638107,COc1ccc2c(c1)[C@H]1[C@@H](CCN1CCN(C)C)CCn1c-2c(C2CCCCC2)c2ccc(C(=O)O)cc21,4.0,-8.2,2.463,4.371,
CHEMBL4638107,COc1ccc2c(c1)[C@H]1[C@@H](CCN1CCN(C)C)CCn1c-2c(C2CCCCC2)c2ccc(C(=O)O)cc21,4.0,-7.8,1.339,2.323,
CHEMBL4638630,COc1ccc2c(c1)C=C(c1c(C(=O)C3C4CCCC3COC4)cnn1-c1ccncc1C)Cn1c-2c(C2CCCCC2)c2ccc(C(=O)NS(=O)(=O)C(C)C)cc21,4.3,-10.2,0.0,0.0,
CHEMBL4638630,COc1ccc2c(c1)C=C(c1c(C(=O)C3C4CCCC3COC4)cnn1-c1ccncc1C)Cn1c-2c(C2CCCCC2)c2ccc(C(=O)NS(=O)(=O)C(C)C)cc21,4.3,-10.2,2.08,5.153,
CHEMBL4638630,COc1ccc2c(c1)C=C(c1c(C(=O)C3C4CCCC3COC4)cnn1-c1ccncc1C)Cn1c-2c(C2CCCCC2)c2ccc(C(=O)NS(=O)(=O)C(C)C)cc21,4.3,-10.1,2.461,5.651,
CHEMBL4638630,COc1ccc2c(c1)C=C(c1c(C(=O)C3C4CCCC3COC4)cnn1-c1ccncc1C)Cn1c-2c(C2CCCCC2)c2ccc(C(=O)NS(=O)(=O)C(C)C)cc21,4.3,-9.5,2.406,5.385,
CHEMBL4638630,COc1ccc2c(c1)C=C(c1c(C(=O)C3C4CCCC3COC4)cnn1-c1ccncc1C)Cn1c-2c(C2CCCCC2)c2ccc(C(=O)NS(=O)(=O)C(C)C)cc21,4.3,-8.8,2.398,4.872,
CHEMBL4638630,COc1ccc2c(c1)C=C(c1c(C(=O)C3C4CCCC3COC4)cnn1-c1ccncc1C)Cn1c-2c(C2CCCCC2)c2ccc(C(=O)NS(=O)(=O)C(C)C)cc21,4.3,-8.8,1.156,3.231,
CHEMBL4638630,COc1ccc2c(c1)C=C(c1c(C(=O)C3C4CCCC3COC4)cnn1-c1ccncc1C)Cn1c-2c(C2CCCCC2)c2ccc(C(=O)NS(=O)(=O)C(C)C)cc21,4.3,-8.5,2.306,5.961,
CHEMBL4638630,COc1ccc2c(c1)C=C(c1c(C(=O)C3C4CCCC3COC4)cnn1-c1ccncc1C)Cn1c-2c(C2CCCCC2)c2ccc(C(=O)NS(=O)(=O)C(C)C)cc21,4.3,-8.0,2.612,5.736,
CHEMBL4638630,COc1ccc2c(c1)C=C(c1c(C(=O)C3C4CCCC3COC4)cnn1-c1ccncc1C)Cn1c-2c(C2CCCCC2)c2ccc(C(=O)NS(=O)(=O)C(C)C)cc21,4.3,-7.8,1.927,5.619,
CHEMBL4646449,Cc1ccc2c(-c3ccc[nH]c3=O)c(C(=O)NS(=O)(=O)C3CC3)n(Cc3cc(F)ccc3F)c2c1,5.0,-7.9,0.0,0.0,
CHEMBL4646449,Cc1ccc2c(-c3ccc[nH]c3=O)c(C(=O)NS(=O)(=O)C3CC3)n(Cc3cc(F)ccc3F)c2c1,5.0,-7.5,2.926,6.312,
CHEMBL4646449,Cc1ccc2c(-c3ccc[nH]c3=O)c(C(=O)NS(=O)(=O)C3CC3)n(Cc3cc(F)ccc3F)c2c1,5.0,-7.3,3.558,5.114,
CHEMBL4646449,Cc1ccc2c(-c3ccc[nH]c3=O)c(C(=O)NS(=O)(=O)C3CC3)n(Cc3cc(F)ccc3F)c2c1,5.0,-6.8,3.504,4.87,
CHEMBL4646449,Cc1ccc2c(-c3ccc[nH]c3=O)c(C(=O)NS(=O)(=O)C3CC3)n(Cc3cc(F)ccc3F)c2c1,5.0,-6.5,2.948,6.306,
CHEMBL4646449,Cc1ccc2c(-c3ccc[nH]c3=O)c(C(=O)NS(=O)(=O)C3CC3)n(Cc3cc(F)ccc3F)c2c1,5.0,-6.2,2.752,6.539,
CHEMBL4646449,Cc1ccc2c(-c3ccc[nH]c3=O)c(C(=O)NS(=O)(=O)C3CC3)n(Cc3cc(F)ccc3F)c2c1,5.0,-5.8,2.872,5.708,
CHEMBL4646449,Cc1ccc2c(-c3ccc[nH]c3=O)c(C(=O)NS(=O)(=O)C3CC3)n(Cc3cc(F)ccc3F)c2c1,5.0,-5.8,2.972,6.804,
CHEMBL4646449,Cc1ccc2c(-c3ccc[nH]c3=O)c(C(=O)NS(=O)(=O)C3CC3)n(Cc3cc(F)ccc3F)c2c1,5.0,-5.8,3.407,4.689,
CHEMBL4635161,CN(C)CCN(C)[C@@H]1Cn2c(c(C3CCCCC3)c3ccc(C(=O)O)cc32)-c2ccccc2O1,6.0,-9.8,0.0,0.0,
CHEMBL4635161,CN(C)CCN(C)[C@@H]1Cn2c(c(C3CCCCC3)c3ccc(C(=O)O)cc32)-c2ccccc2O1,6.0,-9.8,1.246,2.183,
CHEMBL4635161,CN(C)CCN(C)[C@@H]1Cn2c(c(C3CCCCC3)c3ccc(C(=O)O)cc32)-c2ccccc2O1,6.0,-9.7,1.71,4.975,
CHEMBL4635161,CN(C)CCN(C)[C@@H]1Cn2c(c(C3CCCCC3)c3ccc(C(=O)O)cc32)-c2ccccc2O1,6.0,-9.4,1.9,4.599,
CHEMBL4633142,CC1COc2cc3c(-c4ccc[nH]c4=O)c(C(=O)NS(C)(=O)=O)n(Cc4cc(F)ccc4F)c3cc21,6.0,-7.7,0.0,0.0,
CHEMBL4633142,CC1COc2cc3c(-c4ccc[nH]c4=O)c(C(=O)NS(C)(=O)=O)n(Cc4cc(F)ccc4F)c3cc21,6.0,-7.3,2.682,6.835,
CHEMBL4633142,CC1COc2cc3c(-c4ccc[nH]c4=O)c(C(=O)NS(C)(=O)=O)n(Cc4cc(F)ccc4F)c3cc21,6.0,-6.3,3.233,7.635,
CHEMBL4633142,CC1COc2cc3c(-c4ccc[nH]c4=O)c(C(=O)NS(C)(=O)=O)n(Cc4cc(F)ccc4F)c3cc21,6.0,-6.2,2.72,7.355,
CHEMBL4633142,CC1COc2cc3c(-c4ccc[nH]c4=O)c(C(=O)NS(C)(=O)=O)n(Cc4cc(F)ccc4F)c3cc21,6.0,-6.0,3.319,7.709,
CHEMBL4633142,CC1COc2cc3c(-c4ccc[nH]c4=O)c(C(=O)NS(C)(=O)=O)n(Cc4cc(F)ccc4F)c3cc21,6.0,-5.6,3.07,6.566,
CHEMBL4633142,CC1COc2cc3c(-c4ccc[nH]c4=O)c(C(=O)NS(C)(=O)=O)n(Cc4cc(F)ccc4F)c3cc21,6.0,-5.1,2.954,6.163,
CHEMBL4633142,CC1COc2cc3c(-c4ccc[nH]c4=O)c(C(=O)NS(C)(=O)=O)n(Cc4cc(F)ccc4F)c3cc21,6.0,-5.1,3.313,4.87,
CHEMBL4633142,CC1COc2cc3c(-c4ccc[nH]c4=O)c(C(=O)NS(C)(=O)=O)n(Cc4cc(F)ccc4F)c3cc21,6.0,-5.0,3.365,5.386,
CHEMBL245328,O=C(O)c1ccc2c(C3CCCCC3)c3n(c2c1)CCOc1cc(OCc2cc(N4CCCC4=O)ccc2N2CCOCC2)ccc1-3,7.2,-11.9,0.0,0.0,
CHEMBL245328,O=C(O)c1ccc2c(C3CCCCC3)c3n(c2c1)CCOc1cc(OCc2cc(N4CCCC4=O)ccc2N2CCOCC2)ccc1-3,7.2,-11.8,0.7,3.11,
CHEMBL245328,O=C(O)c1ccc2c(C3CCCCC3)c3n(c2c1)CCOc1cc(OCc2cc(N4CCCC4=O)ccc2N2CCOCC2)ccc1-3,7.2,-11.7,4.839,7.434,
CHEMBL245328,O=C(O)c1ccc2c(C3CCCCC3)c3n(c2c1)CCOc1cc(OCc2cc(N4CCCC4=O)ccc2N2CCOCC2)ccc1-3,7.2,-11.6,4.472,6.935,
CHEMBL245328,O=C(O)c1ccc2c(C3CCCCC3)c3n(c2c1)CCOc1cc(OCc2cc(N4CCCC4=O)ccc2N2CCOCC2)ccc1-3,7.2,-11.5,4.935,7.484,
CHEMBL245328,O=C(O)c1ccc2c(C3CCCCC3)c3n(c2c1)CCOc1cc(OCc2cc(N4CCCC4=O)ccc2N2CCOCC2)ccc1-3,7.2,-11.1,4.621,6.958,
CHEMBL2011266,Cc1cc2c(-c3ccc[nH]c3=O)c(C(=O)NS(=O)(=O)C3CC3)n(Cc3cc(F)ccc3F)c2cc1F,8.0,-8.4,0.0,0.0,
CHEMBL2011266,Cc1cc2c(-c3ccc[nH]c3=O)c(C(=O)NS(=O)(=O)C3CC3)n(Cc3cc(F)ccc3F)c2cc1F,8.0,-7.3,2.353,6.814,
CHEMBL2011266,Cc1cc2c(-c3ccc[nH]c3=O)c(C(=O)NS(=O)(=O)C3CC3)n(Cc3cc(F)ccc3F)c2cc1F,8.0,-7.3,2.441,6.91,
CHEMBL2011266,Cc1cc2c(-c3ccc[nH]c3=O)c(C(=O)NS(=O)(=O)C3CC3)n(Cc3cc(F)ccc3F)c2cc1F,8.0,-7.1,2.794,6.271,
CHEMBL2011266,Cc1cc2c(-c3ccc[nH]c3=O)c(C(=O)NS(=O)(=O)C3CC3)n(Cc3cc(F)ccc3F)c2cc1F,8.0,-6.9,3.265,6.958,
CHEMBL2011266,Cc1cc2c(-c3ccc[nH]c3=O)c(C(=O)NS(=O)(=O)C3CC3)n(Cc3cc(F)ccc3F)c2cc1F,8.0,-6.8,2.783,6.077,
CHEMBL2011266,Cc1cc2c(-c3ccc[nH]c3=O)c(C(=O)NS(=O)(=O)C3CC3)n(Cc3cc(F)ccc3F)c2cc1F,8.0,-6.1,3.237,5.293,
CHEMBL2011266,Cc1cc2c(-c3ccc[nH]c3=O)c(C(=O)NS(=O)(=O)C3CC3)n(Cc3cc(F)ccc3F)c2cc1F,8.0,-6.0,3.228,7.081,
CHEMBL2011266,Cc1cc2c(-c3ccc[nH]c3=O)c(C(=O)NS(=O)(=O)C3CC3)n(Cc3cc(F)ccc3F)c2cc1F,8.0,-5.9,3.18,6.882,
CHEMBL372357,O=c1c(C2=Nc3ccccc3S(=O)(=O)N2)c(O)c2cc(F)ccc2n1CCC1CC1,10.0,-8.9,0.0,0.0,
CHEMBL372357,O=c1c(C2=Nc3ccccc3S(=O)(=O)N2)c(O)c2cc(F)ccc2n1CCC1CC1,10.0,-8.8,5.763,9.101,
CHEMBL372357,O=c1c(C2=Nc3ccccc3S(=O)(=O)N2)c(O)c2cc(F)ccc2n1CCC1CC1,10.0,-8.7,5.029,8.907,
CHEMBL372357,O=c1c(C2=Nc3ccccc3S(=O)(=O)N2)c(O)c2cc(F)ccc2n1CCC1CC1,10.0,-8.7,5.718,8.231,
CHEMBL372357,O=c1c(C2=Nc3ccccc3S(=O)(=O)N2)c(O)c2cc(F)ccc2n1CCC1CC1,10.0,-8.3,6.27,9.009,
CHEMBL372357,O=c1c(C2=Nc3ccccc3S(=O)(=O)N2)c(O)c2cc(F)ccc2n1CCC1CC1,10.0,-8.3,4.868,7.419,
CHEMBL372357,O=c1c(C2=Nc3ccccc3S(=O)(=O)N2)c(O)c2cc(F)ccc2n1CCC1CC1,10.0,-8.2,5.272,8.814,
CHEMBL372357,O=c1c(C2=Nc3ccccc3S(=O)(=O)N2)c(O)c2cc(F)ccc2n1CCC1CC1,10.0,-8.2,1.844,3.799,
CHEMBL372357,O=c1c(C2=Nc3ccccc3S(=O)(=O)N2)c(O)c2cc(F)ccc2n1CCC1CC1,10.0,-8.2,4.877,7.548,
CHEMBL372357,O=c1c(C2=Nc3ccccc3S(=O)(=O)N2)c(O)c2cc(F)ccc2n1CCC1CC1,10.0,-8.9,0.0,0.0,
CHEMBL372357,O=c1c(C2=Nc3ccccc3S(=O)(=O)N2)c(O)c2cc(F)ccc2n1CCC1CC1,10.0,-8.8,5.823,9.1,
CHEMBL372357,O=c1c(C2=Nc3ccccc3S(=O)(=O)N2)c(O)c2cc(F)ccc2n1CCC1CC1,10.0,-8.7,5.019,8.9,
CHEMBL372357,O=c1c(C2=Nc3ccccc3S(=O)(=O)N2)c(O)c2cc(F)ccc2n1CCC1CC1,10.0,-8.7,5.726,8.226,
CHEMBL372357,O=c1c(C2=Nc3ccccc3S(=O)(=O)N2)c(O)c2cc(F)ccc2n1CCC1CC1,10.0,-8.4,6.171,9.181,
CHEMBL372357,O=c1c(C2=Nc3ccccc3S(=O)(=O)N2)c(O)c2cc(F)ccc2n1CCC1CC1,10.0,-8.4,5.877,8.572,
CHEMBL372357,O=c1c(C2=Nc3ccccc3S(=O)(=O)N2)c(O)c2cc(F)ccc2n1CCC1CC1,10.0,-8.3,5.265,8.822,
CHEMBL372357,O=c1c(C2=Nc3ccccc3S(=O)(=O)N2)c(O)c2cc(F)ccc2n1CCC1CC1,10.0,-8.2,4.884,7.571,
CHEMBL372357,O=c1c(C2=Nc3ccccc3S(=O)(=O)N2)c(O)c2cc(F)ccc2n1CCC1CC1,10.0,-8.2,1.838,3.786,
CHEMBL4638877,Cn1c(-c2ccc(OCc3cc(N4CCCC4=O)ccc3N3CCOCC3)cc2)c(C2CCCCC2)c2sc(C(=O)O)cc21,10.0,-10.4,0.0,0.0,
CHEMBL4638877,Cn1c(-c2ccc(OCc3cc(N4CCCC4=O)ccc3N3CCOCC3)cc2)c(C2CCCCC2)c2sc(C(=O)O)cc21,10.0,-9.8,2.29,7.8,
CHEMBL4638877,Cn1c(-c2ccc(OCc3cc(N4CCCC4=O)ccc3N3CCOCC3)cc2)c(C2CCCCC2)c2sc(C(=O)O)cc21,10.0,-9.7,2.182,7.728,
CHEMBL4638877,Cn1c(-c2ccc(OCc3cc(N4CCCC4=O)ccc3N3CCOCC3)cc2)c(C2CCCCC2)c2sc(C(=O)O)cc21,10.0,-9.7,2.76,7.85,
CHEMBL4638877,Cn1c(-c2ccc(OCc3cc(N4CCCC4=O)ccc3N3CCOCC3)cc2)c(C2CCCCC2)c2sc(C(=O)O)cc21,10.0,-9.4,3.179,7.932,
CHEMBL4638877,Cn1c(-c2ccc(OCc3cc(N4CCCC4=O)ccc3N3CCOCC3)cc2)c(C2CCCCC2)c2sc(C(=O)O)cc21,10.0,-9.4,1.371,2.08,
CHEMBL4638877,Cn1c(-c2ccc(OCc3cc(N4CCCC4=O)ccc3N3CCOCC3)cc2)c(C2CCCCC2)c2sc(C(=O)O)cc21,10.0,-8.5,1.723,2.084,
CHEMBL4638877,Cn1c(-c2ccc(OCc3cc(N4CCCC4=O)ccc3N3CCOCC3)cc2)c(C2CCCCC2)c2sc(C(=O)O)cc21,10.0,-8.4,1.894,2.564,
CHEMBL4638877,Cn1c(-c2ccc(OCc3cc(N4CCCC4=O)ccc3N3CCOCC3)cc2)c(C2CCCCC2)c2sc(C(=O)O)cc21,10.0,-8.3,1.883,4.391,
CHEMBL4643906,Cc1c(C(=O)O)sc2c(C3CCCCC3)c(-c3ccccc3)n(CC(=O)N(C)C3CCN(C(C)C)C3)c12,10.0,-9.4,0.0,0.0,
CHEMBL4643906,Cc1c(C(=O)O)sc2c(C3CCCCC3)c(-c3ccccc3)n(CC(=O)N(C)C3CCN(C(C)C)C3)c12,10.0,-9.3,2.071,4.364,
CHEMBL4643906,Cc1c(C(=O)O)sc2c(C3CCCCC3)c(-c3ccccc3)n(CC(=O)N(C)C3CCN(C(C)C)C3)c12,10.0,-9.3,0.899,1.883,
CHEMBL4643906,Cc1c(C(=O)O)sc2c(C3CCCCC3)c(-c3ccccc3)n(CC(=O)N(C)C3CCN(C(C)C)C3)c12,10.0,-8.7,1.821,5.188,
CHEMBL4643906,Cc1c(C(=O)O)sc2c(C3CCCCC3)c(-c3ccccc3)n(CC(=O)N(C)C3CCN(C(C)C)C3)c12,10.0,-8.6,2.11,5.599,
CHEMBL4643906,Cc1c(C(=O)O)sc2c(C3CCCCC3)c(-c3ccccc3)n(CC(=O)N(C)C3CCN(C(C)C)C3)c12,10.0,-8.6,1.95,4.911,
CHEMBL4643906,Cc1c(C(=O)O)sc2c(C3CCCCC3)c(-c3ccccc3)n(CC(=O)N(C)C3CCN(C(C)C)C3)c12,10.0,-8.6,1.571,4.855,
CHEMBL202319,O=c1c(C2=NS(=O)(=O)c3ccccc3N2)c(O)c2ccccc2n1CCC1CC1,13.0,-7.7,0.0,0.0,
CHEMBL202319,O=c1c(C2=NS(=O)(=O)c3ccccc3N2)c(O)c2ccccc2n1CCC1CC1,13.0,-7.5,2.337,2.996,
CHEMBL202319,O=c1c(C2=NS(=O)(=O)c3ccccc3N2)c(O)c2ccccc2n1CCC1CC1,13.0,-7.3,1.999,4.157,
CHEMBL202319,O=c1c(C2=NS(=O)(=O)c3ccccc3N2)c(O)c2ccccc2n1CCC1CC1,13.0,-7.2,4.942,7.871,
CHEMBL202319,O=c1c(C2=NS(=O)(=O)c3ccccc3N2)c(O)c2ccccc2n1CCC1CC1,13.0,-7.1,2.734,8.227,
CHEMBL202319,O=c1c(C2=NS(=O)(=O)c3ccccc3N2)c(O)c2ccccc2n1CCC1CC1,13.0,-7.1,2.974,8.175,
CHEMBL202319,O=c1c(C2=NS(=O)(=O)c3ccccc3N2)c(O)c2ccccc2n1CCC1CC1,13.0,-7.0,2.907,7.974,
CHEMBL202319,O=c1c(C2=NS(=O)(=O)c3ccccc3N2)c(O)c2ccccc2n1CCC1CC1,13.0,-7.0,1.242,4.166,
CHEMBL202319,O=c1c(C2=NS(=O)(=O)c3ccccc3N2)c(O)c2ccccc2n1CCC1CC1,13.0,-7.0,2.521,7.423,
CHEMBL372357,O=c1c(C2=Nc3ccccc3S(=O)(=O)N2)c(O)c2cc(F)ccc2n1CCC1CC1,13.0,-8.9,0.0,0.0,
CHEMBL372357,O=c1c(C2=Nc3ccccc3S(=O)(=O)N2)c(O)c2cc(F)ccc2n1CCC1CC1,13.0,-8.8,5.795,9.082,
CHEMBL372357,O=c1c(C2=Nc3ccccc3S(=O)(=O)N2)c(O)c2cc(F)ccc2n1CCC1CC1,13.0,-8.7,5.032,8.897,
CHEMBL372357,O=c1c(C2=Nc3ccccc3S(=O)(=O)N2)c(O)c2cc(F)ccc2n1CCC1CC1,13.0,-8.7,5.631,8.187,
CHEMBL372357,O=c1c(C2=Nc3ccccc3S(=O)(=O)N2)c(O)c2cc(F)ccc2n1CCC1CC1,13.0,-8.3,6.23,9.118,
CHEMBL372357,O=c1c(C2=Nc3ccccc3S(=O)(=O)N2)c(O)c2cc(F)ccc2n1CCC1CC1,13.0,-8.3,4.853,7.359,
CHEMBL372357,O=c1c(C2=Nc3ccccc3S(=O)(=O)N2)c(O)c2cc(F)ccc2n1CCC1CC1,13.0,-8.2,5.93,7.948,
CHEMBL372357,O=c1c(C2=Nc3ccccc3S(=O)(=O)N2)c(O)c2cc(F)ccc2n1CCC1CC1,13.0,-8.2,5.323,8.839,
CHEMBL372357,O=c1c(C2=Nc3ccccc3S(=O)(=O)N2)c(O)c2cc(F)ccc2n1CCC1CC1,13.0,-8.2,6.236,9.1,
CHEMBL4643189,O=C(O)c1ccc2c(c1)nc(-c1ccc(OCc3ccc(N4CCCC4=O)cc3-c3ccc(Cl)cc3)cc1F)n2C1CCCCC1,17.0,-12.4,0.0,0.0,
CHEMBL4643189,O=C(O)c1ccc2c(c1)nc(-c1ccc(OCc3ccc(N4CCCC4=O)cc3-c3ccc(Cl)cc3)cc1F)n2C1CCCCC1,17.0,-12.3,5.155,7.199,
CHEMBL4643189,O=C(O)c1ccc2c(c1)nc(-c1ccc(OCc3ccc(N4CCCC4=O)cc3-c3ccc(Cl)cc3)cc1F)n2C1CCCCC1,17.0,-11.8,5.498,8.766,
CHEMBL4643189,O=C(O)c1ccc2c(c1)nc(-c1ccc(OCc3ccc(N4CCCC4=O)cc3-c3ccc(Cl)cc3)cc1F)n2C1CCCCC1,17.0,-11.1,5.012,8.723,
CHEMBL4643189,O=C(O)c1ccc2c(c1)nc(-c1ccc(OCc3ccc(N4CCCC4=O)cc3-c3ccc(Cl)cc3)cc1F)n2C1CCCCC1,17.0,-10.7,1.963,2.224,
CHEMBL4643189,O=C(O)c1ccc2c(c1)nc(-c1ccc(OCc3ccc(N4CCCC4=O)cc3-c3ccc(Cl)cc3)cc1F)n2C1CCCCC1,17.0,-10.5,2.057,8.945,
CHEMBL4643189,O=C(O)c1ccc2c(c1)nc(-c1ccc(OCc3ccc(N4CCCC4=O)cc3-c3ccc(Cl)cc3)cc1F)n2C1CCCCC1,17.0,-10.5,3.718,6.47,
CHEMBL4643189,O=C(O)c1ccc2c(c1)nc(-c1ccc(OCc3ccc(N4CCCC4=O)cc3-c3ccc(Cl)cc3)cc1F)n2C1CCCCC1,17.0,-10.3,2.549,3.743,
CHEMBL3422107,CC(C)N1CC[C@@H](N2CCn3c(c(C4CCCCC4)c4sc(C(=O)O)cc43)-c3ccccc3C2)C1,19.0,-11.5,0.0,0.0,
CHEMBL3422107,CC(C)N1CC[C@@H](N2CCn3c(c(C4CCCCC4)c4sc(C(=O)O)cc43)-c3ccccc3C2)C1,19.0,-11.3,2.645,6.364,
CHEMBL3422107,CC(C)N1CC[C@@H](N2CCn3c(c(C4CCCCC4)c4sc(C(=O)O)cc43)-c3ccccc3C2)C1,19.0,-11.3,4.662,7.039,
CHEMBL3422107,CC(C)N1CC[C@@H](N2CCn3c(c(C4CCCCC4)c4sc(C(=O)O)cc43)-c3ccccc3C2)C1,19.0,-11.0,3.524,5.298,
CHEMBL3422107,CC(C)N1CC[C@@H](N2CCn3c(c(C4CCCCC4)c4sc(C(=O)O)cc43)-c3ccccc3C2)C1,19.0,-10.9,3.808,6.134,
CHEMBL3422107,CC(C)N1CC[C@@H](N2CCn3c(c(C4CCCCC4)c4sc(C(=O)O)cc43)-c3ccccc3C2)C1,19.0,-10.7,4.363,6.759,
CHEMBL3422107,CC(C)N1CC[C@@H](N2CCn3c(c(C4CCCCC4)c4sc(C(=O)O)cc43)-c3ccccc3C2)C1,19.0,-10.5,2.631,5.645,
CHEMBL3422107,CC(C)N1CC[C@@H](N2CCn3c(c(C4CCCCC4)c4sc(C(=O)O)cc43)-c3ccccc3C2)C1,19.0,-10.4,4.15,7.413,
CHEMBL3422107,CC(C)N1CC[C@@H](N2CCn3c(c(C4CCCCC4)c4sc(C(=O)O)cc43)-c3ccccc3C2)C1,19.0,-10.2,0.774,1.008,
CHEMBL353549,O=C(N[C@@H](Cc1c[nH]c2ccccc12)C(=O)O)c1ccc2c(c1)nc(-c1ccoc1)n2C1CCCCC1,19.0,-10.7,0.0,0.0,
CHEMBL353549,O=C(N[C@@H](Cc1c[nH]c2ccccc12)C(=O)O)c1ccc2c(c1)nc(-c1ccoc1)n2C1CCCCC1,19.0,-10.5,0.912,2.104,
CHEMBL353549,O=C(N[C@@H](Cc1c[nH]c2ccccc12)C(=O)O)c1ccc2c(c1)nc(-c1ccoc1)n2C1CCCCC1,19.0,-10.2,2.147,3.718,
CHEMBL353549,O=C(N[C@@H](Cc1c[nH]c2ccccc12)C(=O)O)c1ccc2c(c1)nc(-c1ccoc1)n2C1CCCCC1,19.0,-10.2,2.522,4.549,
CHEMBL353549,O=C(N[C@@H](Cc1c[nH]c2ccccc12)C(=O)O)c1ccc2c(c1)nc(-c1ccoc1)n2C1CCCCC1,19.0,-10.1,2.187,6.262,
CHEMBL353549,O=C(N[C@@H](Cc1c[nH]c2ccccc12)C(=O)O)c1ccc2c(c1)nc(-c1ccoc1)n2C1CCCCC1,19.0,-10.0,2.297,4.137,
CHEMBL353549,O=C(N[C@@H](Cc1c[nH]c2ccccc12)C(=O)O)c1ccc2c(c1)nc(-c1ccoc1)n2C1CCCCC1,19.0,-9.9,2.19,6.332,
CHEMBL353549,O=C(N[C@@H](Cc1c[nH]c2ccccc12)C(=O)O)c1ccc2c(c1)nc(-c1ccoc1)n2C1CCCCC1,19.0,-9.8,1.435,2.33,
CHEMBL202317,CC(C)CCn1c(=O)c(C2=NS(=O)(=O)c3ccccc3N2)c(O)c2cc(F)ccc21,20.0,-8.7,0.0,0.0,
CHEMBL202317,CC(C)CCn1c(=O)c(C2=NS(=O)(=O)c3ccccc3N2)c(O)c2cc(F)ccc21,20.0,-8.6,2.001,4.003,
CHEMBL202317,CC(C)CCn1c(=O)c(C2=NS(=O)(=O)c3ccccc3N2)c(O)c2cc(F)ccc21,20.0,-8.4,5.517,9.037,
CHEMBL202317,CC(C)CCn1c(=O)c(C2=NS(=O)(=O)c3ccccc3N2)c(O)c2cc(F)ccc21,20.0,-8.4,6.157,8.987,
CHEMBL202317,CC(C)CCn1c(=O)c(C2=NS(=O)(=O)c3ccccc3N2)c(O)c2cc(F)ccc21,20.0,-8.4,6.004,9.009,
CHEMBL202317,CC(C)CCn1c(=O)c(C2=NS(=O)(=O)c3ccccc3N2)c(O)c2cc(F)ccc21,20.0,-8.4,5.291,8.941,
CHEMBL202317,CC(C)CCn1c(=O)c(C2=NS(=O)(=O)c3ccccc3N2)c(O)c2cc(F)ccc21,20.0,-7.9,5.64,7.674,
CHEMBL202317,CC(C)CCn1c(=O)c(C2=NS(=O)(=O)c3ccccc3N2)c(O)c2cc(F)ccc21,20.0,-7.7,5.991,8.194,
CHEMBL202317,CC(C)CCn1c(=O)c(C2=NS(=O)(=O)c3ccccc3N2)c(O)c2cc(F)ccc21,20.0,-7.7,6.106,9.169,
CHEMBL425221,CC(C)CCn1c(=O)c(C2=NS(=O)(=O)c3ccccc3N2)c(O)c2cc(NCC(=O)O)ccc21,21.0,-7.9,0.0,0.0,
CHEMBL425221,CC(C)CCn1c(=O)c(C2=NS(=O)(=O)c3ccccc3N2)c(O)c2cc(NCC(=O)O)ccc21,21.0,-7.7,1.621,2.308,
CHEMBL425221,CC(C)CCn1c(=O)c(C2=NS(=O)(=O)c3ccccc3N2)c(O)c2cc(NCC(=O)O)ccc21,21.0,-7.4,3.228,9.004,
CHEMBL425221,CC(C)CCn1c(=O)c(C2=NS(=O)(=O)c3ccccc3N2)c(O)c2cc(NCC(=O)O)ccc21,21.0,-7.2,4.51,8.846,
CHEMBL425221,CC(C)CCn1c(=O)c(C2=NS(=O)(=O)c3ccccc3N2)c(O)c2cc(NCC(=O)O)ccc21,21.0,-6.9,2.873,6.551,
CHEMBL425221,CC(C)CCn1c(=O)c(C2=NS(=O)(=O)c3ccccc3N2)c(O)c2cc(NCC(=O)O)ccc21,21.0,-6.9,2.231,3.047,
CHEMBL425221,CC(C)CCn1c(=O)c(C2=NS(=O)(=O)c3ccccc3N2)c(O)c2cc(NCC(=O)O)ccc21,21.0,-6.4,2.792,8.675,
CHEMBL425221,CC(C)CCn1c(=O)c(C2=NS(=O)(=O)c3ccccc3N2)c(O)c2cc(NCC(=O)O)ccc21,21.0,-6.2,4.363,8.447,
CHEMBL425221,CC(C)CCn1c(=O)c(C2=NS(=O)(=O)c3ccccc3N2)c(O)c2cc(NCC(=O)O)ccc21,21.0,-6.1,2.887,8.759,
CHEMBL202405,CC(C)(C)CCn1c(=O)c(C2=NS(=O)(=O)c3ccccc3N2)c(O)c2ccccc21,21.0,-9.2,0.0,0.0,
CHEMBL202405,CC(C)(C)CCn1c(=O)c(C2=NS(=O)(=O)c3ccccc3N2)c(O)c2ccccc21,21.0,-8.6,5.668,8.969,
CHEMBL202405,CC(C)(C)CCn1c(=O)c(C2=NS(=O)(=O)c3ccccc3N2)c(O)c2ccccc21,21.0,-8.4,5.17,8.999,
CHEMBL202405,CC(C)(C)CCn1c(=O)c(C2=NS(=O)(=O)c3ccccc3N2)c(O)c2ccccc21,21.0,-8.1,5.253,9.101,
CHEMBL202405,CC(C)(C)CCn1c(=O)c(C2=NS(=O)(=O)c3ccccc3N2)c(O)c2ccccc21,21.0,-8.1,5.837,9.101,
CHEMBL202405,CC(C)(C)CCn1c(=O)c(C2=NS(=O)(=O)c3ccccc3N2)c(O)c2ccccc21,21.0,-8.1,5.671,8.669,
CHEMBL202405,CC(C)(C)CCn1c(=O)c(C2=NS(=O)(=O)c3ccccc3N2)c(O)c2ccccc21,21.0,-7.9,1.34,4.024,
CHEMBL202405,CC(C)(C)CCn1c(=O)c(C2=NS(=O)(=O)c3ccccc3N2)c(O)c2ccccc21,21.0,-7.9,4.239,7.19,
CHEMBL202405,CC(C)(C)CCn1c(=O)c(C2=NS(=O)(=O)c3ccccc3N2)c(O)c2ccccc21,21.0,-7.8,4.244,7.356,
CHEMBL379033,COc1ccc2c(c1)c(O)c(C1=NS(=O)(=O)c3ccccc3N1)c(=O)n2CCC(C)C,23.0,-7.6,0.0,0.0,
CHEMBL379033,COc1ccc2c(c1)c(O)c(C1=NS(=O)(=O)c3ccccc3N1)c(=O)n2CCC(C)C,23.0,-7.3,1.521,4.027,
CHEMBL379033,COc1ccc2c(c1)c(O)c(C1=NS(=O)(=O)c3ccccc3N1)c(=O)n2CCC(C)C,23.0,-7.1,1.922,2.742,
CHEMBL379033,COc1ccc2c(c1)c(O)c(C1=NS(=O)(=O)c3ccccc3N1)c(=O)n2CCC(C)C,23.0,-7.0,5.185,8.661,
CHEMBL379033,COc1ccc2c(c1)c(O)c(C1=NS(=O)(=O)c3ccccc3N1)c(=O)n2CCC(C)C,23.0,-6.9,1.518,2.242,
CHEMBL379033,COc1ccc2c(c1)c(O)c(C1=NS(=O)(=O)c3ccccc3N1)c(=O)n2CCC(C)C,23.0,-6.9,2.262,4.902,
CHEMBL379033,COc1ccc2c(c1)c(O)c(C1=NS(=O)(=O)c3ccccc3N1)c(=O)n2CCC(C)C,23.0,-6.1,2.553,7.774,
CHEMBL379033,COc1ccc2c(c1)c(O)c(C1=NS(=O)(=O)c3ccccc3N1)c(=O)n2CCC(C)C,23.0,-6.0,4.96,8.155,
CHEMBL379033,COc1ccc2c(c1)c(O)c(C1=NS(=O)(=O)c3ccccc3N1)c(=O)n2CCC(C)C,23.0,-5.6,1.627,2.17,
CHEMBL380686,CC(C)CCn1c(=O)c(C2=NS(=O)(=O)c3ccccc3N2)c(O)c2cc(OCC(N)=O)ccc21,24.0,-8.1,0.0,0.0,
CHEMBL380686,CC(C)CCn1c(=O)c(C2=NS(=O)(=O)c3ccccc3N2)c(O)c2cc(OCC(N)=O)ccc21,24.0,-7.9,2.657,5.281,
CHEMBL380686,CC(C)CCn1c(=O)c(C2=NS(=O)(=O)c3ccccc3N2)c(O)c2cc(OCC(N)=O)ccc21,24.0,-7.6,3.104,9.152,
CHEMBL380686,CC(C)CCn1c(=O)c(C2=NS(=O)(=O)c3ccccc3N2)c(O)c2cc(OCC(N)=O)ccc21,24.0,-7.6,4.566,8.655,
CHEMBL380686,CC(C)CCn1c(=O)c(C2=NS(=O)(=O)c3ccccc3N2)c(O)c2cc(OCC(N)=O)ccc21,24.0,-7.5,1.403,2.109,
CHEMBL380686,CC(C)CCn1c(=O)c(C2=NS(=O)(=O)c3ccccc3N2)c(O)c2cc(OCC(N)=O)ccc21,24.0,-7.5,3.151,7.928,
CHEMBL380686,CC(C)CCn1c(=O)c(C2=NS(=O)(=O)c3ccccc3N2)c(O)c2cc(OCC(N)=O)ccc21,24.0,-7.3,3.159,7.829,
CHEMBL380686,CC(C)CCn1c(=O)c(C2=NS(=O)(=O)c3ccccc3N2)c(O)c2cc(OCC(N)=O)ccc21,24.0,-6.9,3.365,8.189,
CHEMBL380686,CC(C)CCn1c(=O)c(C2=NS(=O)(=O)c3ccccc3N2)c(O)c2cc(OCC(N)=O)ccc21,24.0,-6.6,4.612,8.248,
CHEMBL370203,O=c1c(C2=NS(=O)(=O)c3ccccc3N2)c(O)c2ccccc2n1Cc1ccoc1,27.0,-9.8,0.0,0.0,
CHEMBL370203,O=c1c(C2=NS(=O)(=O)c3ccccc3N2)c(O)c2ccccc2n1Cc1ccoc1,27.0,-9.3,5.381,8.885,
CHEMBL370203,O=c1c(C2=NS(=O)(=O)c3ccccc3N2)c(O)c2ccccc2n1Cc1ccoc1,27.0,-9.0,5.822,9.245,
CHEMBL370203,O=c1c(C2=NS(=O)(=O)c3ccccc3N2)c(O)c2ccccc2n1Cc1ccoc1,27.0,-8.7,5.953,9.333,
CHEMBL370203,O=c1c(C2=NS(=O)(=O)c3ccccc3N2)c(O)c2ccccc2n1Cc1ccoc1,27.0,-8.7,4.261,7.321,
CHEMBL370203,O=c1c(C2=NS(=O)(=O)c3ccccc3N2)c(O)c2ccccc2n1Cc1ccoc1,27.0,-8.6,4.556,9.063,
CHEMBL370203,O=c1c(C2=NS(=O)(=O)c3ccccc3N2)c(O)c2ccccc2n1Cc1ccoc1,27.0,-8.6,5.052,7.238,
CHEMBL370203,O=c1c(C2=NS(=O)(=O)c3ccccc3N2)c(O)c2ccccc2n1Cc1ccoc1,27.0,-8.5,6.144,9.12,
CHEMBL370203,O=c1c(C2=NS(=O)(=O)c3ccccc3N2)c(O)c2ccccc2n1Cc1ccoc1,27.0,-7.9,5.824,8.447,
CHEMBL480816,CN(C)CCN1CCn2c(c(C3CCCCC3)c3ccc(C(=O)O)cc32)-c2ccccc2C1,27.0,-10.0,0.0,0.0,
CHEMBL480816,CN(C)CCN1CCn2c(c(C3CCCCC3)c3ccc(C(=O)O)cc32)-c2ccccc2C1,27.0,-10.0,3.424,4.779,
CHEMBL480816,CN(C)CCN1CCn2c(c(C3CCCCC3)c3ccc(C(=O)O)cc32)-c2ccccc2C1,27.0,-9.9,2.632,5.006,
CHEMBL480816,CN(C)CCN1CCn2c(c(C3CCCCC3)c3ccc(C(=O)O)cc32)-c2ccccc2C1,27.0,-9.8,1.516,4.647,
CHEMBL480816,CN(C)CCN1CCn2c(c(C3CCCCC3)c3ccc(C(=O)O)cc32)-c2ccccc2C1,27.0,-9.6,1.686,4.471,
CHEMBL480816,CN(C)CCN1CCn2c(c(C3CCCCC3)c3ccc(C(=O)O)cc32)-c2ccccc2C1,27.0,-9.4,3.442,5.01,
CHEMBL480816,CN(C)CCN1CCn2c(c(C3CCCCC3)c3ccc(C(=O)O)cc32)-c2ccccc2C1,27.0,-9.3,2.24,3.932,
CHEMBL176058,CC(C)CCn1c(=O)c(C2=NS(=O)(=O)c3ccccc3N2)c(O)c2ccccc21,32.0,-9.3,0.0,0.0,
CHEMBL176058,CC(C)CCn1c(=O)c(C2=NS(=O)(=O)c3ccccc3N2)c(O)c2ccccc21,32.0,-8.8,1.153,3.746,
CHEMBL176058,CC(C)CCn1c(=O)c(C2=NS(=O)(=O)c3ccccc3N2)c(O)c2ccccc21,32.0,-8.4,5.268,9.047,
CHEMBL176058,CC(C)CCn1c(=O)c(C2=NS(=O)(=O)c3ccccc3N2)c(O)c2ccccc21,32.0,-8.4,5.952,9.207,
CHEMBL176058,CC(C)CCn1c(=O)c(C2=NS(=O)(=O)c3ccccc3N2)c(O)c2ccccc21,32.0,-8.1,5.197,9.126,
CHEMBL176058,CC(C)CCn1c(=O)c(C2=NS(=O)(=O)c3ccccc3N2)c(O)c2ccccc21,32.0,-7.9,5.327,9.203,
CHEMBL176058,CC(C)CCn1c(=O)c(C2=NS(=O)(=O)c3ccccc3N2)c(O)c2ccccc21,32.0,-7.9,4.333,7.302,
CHEMBL176058,CC(C)CCn1c(=O)c(C2=NS(=O)(=O)c3ccccc3N2)c(O)c2ccccc21,32.0,-7.6,5.383,9.081,
CHEMBL176058,CC(C)CCn1c(=O)c(C2=NS(=O)(=O)c3ccccc3N2)c(O)c2ccccc21,32.0,-7.4,2.021,4.514,
CHEMBL203426,Nc1ccc2c(c1)c(O)c(C1=NS(=O)(=O)c3ccccc3N1)c(=O)n2CCC1CC1,32.0,-7.9,0.0,0.0,
CHEMBL203426,Nc1ccc2c(c1)c(O)c(C1=NS(=O)(=O)c3ccccc3N1)c(=O)n2CCC1CC1,32.0,-7.8,2.265,2.839,
CHEMBL203426,Nc1ccc2c(c1)c(O)c(C1=NS(=O)(=O)c3ccccc3N1)c(=O)n2CCC1CC1,32.0,-7.8,2.23,5.022,
CHEMBL203426,Nc1ccc2c(c1)c(O)c(C1=NS(=O)(=O)c3ccccc3N1)c(=O)n2CCC1CC1,32.0,-7.5,2.299,4.588,
CHEMBL203426,Nc1ccc2c(c1)c(O)c(C1=NS(=O)(=O)c3ccccc3N1)c(=O)n2CCC1CC1,32.0,-7.5,1.594,4.504,
CHEMBL203426,Nc1ccc2c(c1)c(O)c(C1=NS(=O)(=O)c3ccccc3N1)c(=O)n2CCC1CC1,32.0,-7.4,2.112,4.343,
CHEMBL203426,Nc1ccc2c(c1)c(O)c(C1=NS(=O)(=O)c3ccccc3N1)c(=O)n2CCC1CC1,32.0,-7.2,3.006,8.229,
CHEMBL203426,Nc1ccc2c(c1)c(O)c(C1=NS(=O)(=O)c3ccccc3N1)c(=O)n2CCC1CC1,32.0,-7.1,2.696,7.419,
CHEMBL203426,Nc1ccc2c(c1)c(O)c(C1=NS(=O)(=O)c3ccccc3N1)c(=O)n2CCC1CC1,32.0,-7.0,3.411,7.82,
CHEMBL201558,CC(C)CCn1c(=O)c(C2=NS(=O)(=O)c3ccccc3N2)c(O)c2c(Cl)cccc21,33.0,-9.1,0.0,0.0,
CHEMBL201558,CC(C)CCn1c(=O)c(C2=NS(=O)(=O)c3ccccc3N2)c(O)c2c(Cl)cccc21,33.0,-8.3,6.196,9.2,
CHEMBL201558,CC(C)CCn1c(=O)c(C2=NS(=O)(=O)c3ccccc3N2)c(O)c2c(Cl)cccc21,33.0,-8.2,5.619,8.08,
CHEMBL201558,CC(C)CCn1c(=O)c(C2=NS(=O)(=O)c3ccccc3N2)c(O)c2c(Cl)cccc21,33.0,-8.2,1.981,4.064,
CHEMBL201558,CC(C)CCn1c(=O)c(C2=NS(=O)(=O)c3ccccc3N2)c(O)c2c(Cl)cccc21,33.0,-8.1,6.062,8.711,
CHEMBL201558,CC(C)CCn1c(=O)c(C2=NS(=O)(=O)c3ccccc3N2)c(O)c2c(Cl)cccc21,33.0,-8.0,4.514,6.732,
CHEMBL201558,CC(C)CCn1c(=O)c(C2=NS(=O)(=O)c3ccccc3N2)c(O)c2c(Cl)cccc21,33.0,-7.5,5.865,8.582,
CHEMBL201558,CC(C)CCn1c(=O)c(C2=NS(=O)(=O)c3ccccc3N2)c(O)c2c(Cl)cccc21,33.0,-7.3,4.765,7.542,
CHEMBL201558,CC(C)CCn1c(=O)c(C2=NS(=O)(=O)c3ccccc3N2)c(O)c2c(Cl)cccc21,33.0,-7.0,6.129,9.118,
CHEMBL201690,CC(C)CCn1c(=O)c(C2=NS(=O)(=O)c3ccccc3N2)c(O)c2cc(OCC#N)ccc21,34.0,-7.5,0.0,0.0,
CHEMBL201690,CC(C)CCn1c(=O)c(C2=NS(=O)(=O)c3ccccc3N2)c(O)c2cc(OCC#N)ccc21,34.0,-7.4,3.77,6.588,
CHEMBL201690,CC(C)CCn1c(=O)c(C2=NS(=O)(=O)c3ccccc3N2)c(O)c2cc(OCC#N)ccc21,34.0,-7.1,3.164,8.239,
CHEMBL201690,CC(C)CCn1c(=O)c(C2=NS(=O)(=O)c3ccccc3N2)c(O)c2cc(OCC#N)ccc21,34.0,-7.0,2.052,2.553,
CHEMBL201690,CC(C)CCn1c(=O)c(C2=NS(=O)(=O)c3ccccc3N2)c(O)c2cc(OCC#N)ccc21,34.0,-6.9,3.155,8.032,
CHEMBL201690,CC(C)CCn1c(=O)c(C2=NS(=O)(=O)c3ccccc3N2)c(O)c2cc(OCC#N)ccc21,34.0,-6.6,3.81,9.4,
CHEMBL201690,CC(C)CCn1c(=O)c(C2=NS(=O)(=O)c3ccccc3N2)c(O)c2cc(OCC#N)ccc21,34.0,-6.5,3.819,6.508,
CHEMBL201690,CC(C)CCn1c(=O)c(C2=NS(=O)(=O)c3ccccc3N2)c(O)c2cc(OCC#N)ccc21,34.0,-6.3,3.689,8.35,
CHEMBL201690,CC(C)CCn1c(=O)c(C2=NS(=O)(=O)c3ccccc3N2)c(O)c2cc(OCC#N)ccc21,34.0,-5.8,3.508,5.083,
CHEMBL201332,O=c1c(C2=NS(=O)(=O)c3ccccc3N2)c(O)c2ccccc2n1Cc1cccc(Br)c1,36.0,-10.6,0.0,0.0,
CHEMBL201332,O=c1c(C2=NS(=O)(=O)c3ccccc3N2)c(O)c2ccccc2n1Cc1cccc(Br)c1,36.0,-9.3,5.348,9.097,
CHEMBL201332,O=c1c(C2=NS(=O)(=O)c3ccccc3N2)c(O)c2ccccc2n1Cc1cccc(Br)c1,36.0,-9.2,5.296,8.921,
CHEMBL201332,O=c1c(C2=NS(=O)(=O)c3ccccc3N2)c(O)c2ccccc2n1Cc1cccc(Br)c1,36.0,-9.1,6.037,8.98,
CHEMBL201332,O=c1c(C2=NS(=O)(=O)c3ccccc3N2)c(O)c2ccccc2n1Cc1cccc(Br)c1,36.0,-9.0,4.482,7.518,
CHEMBL201332,O=c1c(C2=NS(=O)(=O)c3ccccc3N2)c(O)c2ccccc2n1Cc1cccc(Br)c1,36.0,-8.4,4.45,8.579,
CHEMBL201332,O=c1c(C2=NS(=O)(=O)c3ccccc3N2)c(O)c2ccccc2n1Cc1cccc(Br)c1,36.0,-8.4,5.795,9.243,
CHEMBL201332,O=c1c(C2=NS(=O)(=O)c3ccccc3N2)c(O)c2ccccc2n1Cc1cccc(Br)c1,36.0,-8.2,5.67,8.345,
CHEMBL201332,O=c1c(C2=NS(=O)(=O)c3ccccc3N2)c(O)c2ccccc2n1Cc1cccc(Br)c1,36.0,-8.1,5.921,8.908,
CHEMBL4641917,CS(=O)(=O)Nc1cccc(S(=O)(=O)NC(=O)c2c(-c3ccc[nH]c3=O)c3ccc(Cl)cc3n2Cc2ccnc(N)c2)c1,39.0,-7.6,0.0,0.0,
CHEMBL4641917,CS(=O)(=O)Nc1cccc(S(=O)(=O)NC(=O)c2c(-c3ccc[nH]c3=O)c3ccc(Cl)cc3n2Cc2ccnc(N)c2)c1,39.0,-7.5,2.744,4.598,
CHEMBL4641917,CS(=O)(=O)Nc1cccc(S(=O)(=O)NC(=O)c2c(-c3ccc[nH]c3=O)c3ccc(Cl)cc3n2Cc2ccnc(N)c2)c1,39.0,-7.1,2.901,4.963,
CHEMBL4641917,CS(=O)(=O)Nc1cccc(S(=O)(=O)NC(=O)c2c(-c3ccc[nH]c3=O)c3ccc(Cl)cc3n2Cc2ccnc(N)c2)c1,39.0,-6.0,1.976,2.607,
CHEMBL4641917,CS(=O)(=O)Nc1cccc(S(=O)(=O)NC(=O)c2c(-c3ccc[nH]c3=O)c3ccc(Cl)cc3n2Cc2ccnc(N)c2)c1,39.0,-5.9,2.672,4.642,
CHEMBL4641917,CS(=O)(=O)Nc1cccc(S(=O)(=O)NC(=O)c2c(-c3ccc[nH]c3=O)c3ccc(Cl)cc3n2Cc2ccnc(N)c2)c1,39.0,-5.9,2.795,5.665,
CHEMBL4641917,CS(=O)(=O)Nc1cccc(S(=O)(=O)NC(=O)c2c(-c3ccc[nH]c3=O)c3ccc(Cl)cc3n2Cc2ccnc(N)c2)c1,39.0,-5.8,3.572,5.553,
CHEMBL203254,CC1CC1Cn1c(=O)c(C2=NS(=O)(=O)c3ccccc3N2)c(O)c2ccccc21,41.0,-9.9,0.0,0.0,
CHEMBL203254,CC1CC1Cn1c(=O)c(C2=NS(=O)(=O)c3ccccc3N2)c(O)c2ccccc21,41.0,-8.9,5.911,9.073,
CHEMBL203254,CC1CC1Cn1c(=O)c(C2=NS(=O)(=O)c3ccccc3N2)c(O)c2ccccc21,41.0,-8.8,5.946,9.289,
CHEMBL203254,CC1CC1Cn1c(=O)c(C2=NS(=O)(=O)c3ccccc3N2)c(O)c2ccccc21,41.0,-8.8,1.165,3.952,
CHEMBL203254,CC1CC1Cn1c(=O)c(C2=NS(=O)(=O)c3ccccc3N2)c(O)c2ccccc21,41.0,-8.8,5.564,8.297,
CHEMBL203254,CC1CC1Cn1c(=O)c(C2=NS(=O)(=O)c3ccccc3N2)c(O)c2ccccc21,41.0,-8.7,5.058,9.058,
CHEMBL203254,CC1CC1Cn1c(=O)c(C2=NS(=O)(=O)c3ccccc3N2)c(O)c2ccccc21,41.0,-8.6,6.113,9.423,
CHEMBL203254,CC1CC1Cn1c(=O)c(C2=NS(=O)(=O)c3ccccc3N2)c(O)c2ccccc21,41.0,-8.5,5.862,8.737,
CHEMBL203254,CC1CC1Cn1c(=O)c(C2=NS(=O)(=O)c3ccccc3N2)c(O)c2ccccc21,41.0,-8.5,5.887,8.597,
CHEMBL390883,CC(=O)N(c1ccc(N2CCOCC2)c(COc2ccc(-c3nc4cc(C(=O)O)ccc4n3C3CCCCC3)c(F)c2)c1)C(C)C,42.0,-7.7,0.0,0.0,
CHEMBL390883,CC(=O)N(c1ccc(N2CCOCC2)c(COc2ccc(-c3nc4cc(C(=O)O)ccc4n3C3CCCCC3)c(F)c2)c1)C(C)C,42.0,-7.5,1.381,5.15,
CHEMBL390883,CC(=O)N(c1ccc(N2CCOCC2)c(COc2ccc(-c3nc4cc(C(=O)O)ccc4n3C3CCCCC3)c(F)c2)c1)C(C)C,42.0,-7.0,1.39,4.843,
CHEMBL390883,CC(=O)N(c1ccc(N2CCOCC2)c(COc2ccc(-c3nc4cc(C(=O)O)ccc4n3C3CCCCC3)c(F)c2)c1)C(C)C,42.0,-5.4,1.342,2.059,
CHEMBL201406,CC(C)CCn1c(=O)c(C2=NS(=O)(=O)c3ccccc3N2)c(O)c2cc(Cl)ccc21,43.0,-7.4,0.0,0.0,
CHEMBL201406,CC(C)CCn1c(=O)c(C2=NS(=O)(=O)c3ccccc3N2)c(O)c2cc(Cl)ccc21,43.0,-7.1,2.618,4.552,
CHEMBL201406,CC(C)CCn1c(=O)c(C2=NS(=O)(=O)c3ccccc3N2)c(O)c2cc(Cl)ccc21,43.0,-7.1,2.695,4.863,
CHEMBL201406,CC(C)CCn1c(=O)c(C2=NS(=O)(=O)c3ccccc3N2)c(O)c2cc(Cl)ccc21,43.0,-7.1,2.176,4.49,
CHEMBL201406,CC(C)CCn1c(=O)c(C2=NS(=O)(=O)c3ccccc3N2)c(O)c2cc(Cl)ccc21,43.0,-7.0,2.632,7.364,
CHEMBL201406,CC(C)CCn1c(=O)c(C2=NS(=O)(=O)c3ccccc3N2)c(O)c2cc(Cl)ccc21,43.0,-6.9,2.418,4.411,
CHEMBL201406,CC(C)CCn1c(=O)c(C2=NS(=O)(=O)c3ccccc3N2)c(O)c2cc(Cl)ccc21,43.0,-6.1,5.947,8.935,
CHEMBL201406,CC(C)CCn1c(=O)c(C2=NS(=O)(=O)c3ccccc3N2)c(O)c2cc(Cl)ccc21,43.0,-5.3,3.861,6.838,
CHEMBL201406,CC(C)CCn1c(=O)c(C2=NS(=O)(=O)c3ccccc3N2)c(O)c2cc(Cl)ccc21,43.0,-5.2,4.197,7.311,
CHEMBL202165,CC(CCn1c(=O)c(C2=NS(=O)(=O)c3ccccc3N2)c(O)c2ccccc21)C(F)(F)F,44.0,-9.7,0.0,0.0,
CHEMBL202165,CC(CCn1c(=O)c(C2=NS(=O)(=O)c3ccccc3N2)c(O)c2ccccc21)C(F)(F)F,44.0,-8.9,2.616,4.544,
CHEMBL202165,CC(CCn1c(=O)c(C2=NS(=O)(=O)c3ccccc3N2)c(O)c2ccccc21)C(F)(F)F,44.0,-8.7,5.65,9.087,
CHEMBL202165,CC(CCn1c(=O)c(C2=NS(=O)(=O)c3ccccc3N2)c(O)c2ccccc21)C(F)(F)F,44.0,-8.5,5.964,9.057,
CHEMBL202165,CC(CCn1c(=O)c(C2=NS(=O)(=O)c3ccccc3N2)c(O)c2ccccc21)C(F)(F)F,44.0,-8.3,5.95,8.341,
CHEMBL202165,CC(CCn1c(=O)c(C2=NS(=O)(=O)c3ccccc3N2)c(O)c2ccccc21)C(F)(F)F,44.0,-7.9,2.998,5.001,
CHEMBL202165,CC(CCn1c(=O)c(C2=NS(=O)(=O)c3ccccc3N2)c(O)c2ccccc21)C(F)(F)F,44.0,-6.9,1.389,2.062,
CHEMBL202165,CC(CCn1c(=O)c(C2=NS(=O)(=O)c3ccccc3N2)c(O)c2ccccc21)C(F)(F)F,44.0,-6.8,2.696,4.149,
CHEMBL201769,Cc1ccc2c(c1)c(O)c(C1=NS(=O)(=O)c3ccccc3N1)c(=O)n2CCC(C)C,47.0,-7.6,0.0,0.0,
CHEMBL201769,Cc1ccc2c(c1)c(O)c(C1=NS(=O)(=O)c3ccccc3N1)c(=O)n2CCC(C)C,47.0,-7.5,2.226,2.94,
CHEMBL201769,Cc1ccc2c(c1)c(O)c(C1=NS(=O)(=O)c3ccccc3N1)c(=O)n2CCC(C)C,47.0,-7.5,4.966,8.007,
CHEMBL201769,Cc1ccc2c(c1)c(O)c(C1=NS(=O)(=O)c3ccccc3N1)c(=O)n2CCC(C)C,47.0,-7.4,2.893,8.191,
CHEMBL201769,Cc1ccc2c(c1)c(O)c(C1=NS(=O)(=O)c3ccccc3N1)c(=O)n2CCC(C)C,47.0,-7.4,1.261,4.464,
CHEMBL201769,Cc1ccc2c(c1)c(O)c(C1=NS(=O)(=O)c3ccccc3N1)c(=O)n2CCC(C)C,47.0,-7.2,2.116,4.669,
CHEMBL201769,Cc1ccc2c(c1)c(O)c(C1=NS(=O)(=O)c3ccccc3N1)c(=O)n2CCC(C)C,47.0,-7.1,2.568,7.177,
CHEMBL201769,Cc1ccc2c(c1)c(O)c(C1=NS(=O)(=O)c3ccccc3N1)c(=O)n2CCC(C)C,47.0,-6.7,2.094,5.124,
CHEMBL201769,Cc1ccc2c(c1)c(O)c(C1=NS(=O)(=O)c3ccccc3N1)c(=O)n2CCC(C)C,47.0,-6.2,5.007,7.867,
CHEMBL201600,CC(C)CCn1c(=O)c(C2=NS(=O)(=O)c3ccccc3N2)c(O)c2c(O)cccc21,47.0,-8.7,0.0,0.0,
CHEMBL201600,CC(C)CCn1c(=O)c(C2=NS(=O)(=O)c3ccccc3N2)c(O)c2c(O)cccc21,47.0,-8.2,1.223,3.735,
CHEMBL201600,CC(C)CCn1c(=O)c(C2=NS(=O)(=O)c3ccccc3N2)c(O)c2c(O)cccc21,47.0,-8.2,5.135,8.485,
CHEMBL201600,CC(C)CCn1c(=O)c(C2=NS(=O)(=O)c3ccccc3N2)c(O)c2c(O)cccc21,47.0,-8.1,2.74,8.019,
CHEMBL201600,CC(C)CCn1c(=O)c(C2=NS(=O)(=O)c3ccccc3N2)c(O)c2c(O)cccc21,47.0,-8.1,1.515,2.167,
CHEMBL201600,CC(C)CCn1c(=O)c(C2=NS(=O)(=O)c3ccccc3N2)c(O)c2c(O)cccc21,47.0,-8.0,2.897,8.164,
CHEMBL201600,CC(C)CCn1c(=O)c(C2=NS(=O)(=O)c3ccccc3N2)c(O)c2c(O)cccc21,47.0,-8.0,1.981,4.467,
CHEMBL201600,CC(C)CCn1c(=O)c(C2=NS(=O)(=O)c3ccccc3N2)c(O)c2c(O)cccc21,47.0,-7.9,3.024,7.435,
CHEMBL201600,CC(C)CCn1c(=O)c(C2=NS(=O)(=O)c3ccccc3N2)c(O)c2c(O)cccc21,47.0,-7.8,2.058,2.7,
CHEMBL202595,CC(C)(C)CCn1c(=O)c(C2=NS(=O)(=O)c3ccccc3N2)c(O)c2cc(NCCO)ccc21,48.0,-8.2,0.0,0.0,
CHEMBL202595,CC(C)(C)CCn1c(=O)c(C2=NS(=O)(=O)c3ccccc3N2)c(O)c2cc(NCCO)ccc21,48.0,-7.6,1.404,2.035,
CHEMBL202595,CC(C)(C)CCn1c(=O)c(C2=NS(=O)(=O)c3ccccc3N2)c(O)c2cc(NCCO)ccc21,48.0,-7.5,2.839,9.04,
CHEMBL202595,CC(C)(C)CCn1c(=O)c(C2=NS(=O)(=O)c3ccccc3N2)c(O)c2cc(NCCO)ccc21,48.0,-7.5,3.11,9.147,
CHEMBL202595,CC(C)(C)CCn1c(=O)c(C2=NS(=O)(=O)c3ccccc3N2)c(O)c2cc(NCCO)ccc21,48.0,-7.4,3.157,7.672,
CHEMBL202595,CC(C)(C)CCn1c(=O)c(C2=NS(=O)(=O)c3ccccc3N2)c(O)c2cc(NCCO)ccc21,48.0,-7.0,3.08,7.825,
CHEMBL202595,CC(C)(C)CCn1c(=O)c(C2=NS(=O)(=O)c3ccccc3N2)c(O)c2cc(NCCO)ccc21,48.0,-6.9,4.281,8.322,
CHEMBL202595,CC(C)(C)CCn1c(=O)c(C2=NS(=O)(=O)c3ccccc3N2)c(O)c2cc(NCCO)ccc21,48.0,-6.4,2.975,9.016,
CHEMBL202595,CC(C)(C)CCn1c(=O)c(C2=NS(=O)(=O)c3ccccc3N2)c(O)c2cc(NCCO)ccc21,48.0,-5.8,4.464,8.046,
CHEMBL201385,O=c1c(C2=NS(=O)(=O)c3ccccc3N2)c(O)c2ccccc2n1CC1CCC1,49.0,-9.9,0.0,0.0,
CHEMBL201385,O=c1c(C2=NS(=O)(=O)c3ccccc3N2)c(O)c2ccccc2n1CC1CCC1,49.0,-9.3,5.816,9.384,
CHEMBL201385,O=c1c(C2=NS(=O)(=O)c3ccccc3N2)c(O)c2ccccc2n1CC1CCC1,49.0,-9.0,5.823,8.986,
CHEMBL201385,O=c1c(C2=NS(=O)(=O)c3ccccc3N2)c(O)c2ccccc2n1CC1CCC1,49.0,-8.7,5.901,9.275,
CHEMBL201385,O=c1c(C2=NS(=O)(=O)c3ccccc3N2)c(O)c2ccccc2n1CC1CCC1,49.0,-8.6,1.085,3.914,
CHEMBL201385,O=c1c(C2=NS(=O)(=O)c3ccccc3N2)c(O)c2ccccc2n1CC1CCC1,49.0,-8.5,5.989,9.331,
CHEMBL201385,O=c1c(C2=NS(=O)(=O)c3ccccc3N2)c(O)c2ccccc2n1CC1CCC1,49.0,-8.3,5.731,8.696,
CHEMBL201385,O=c1c(C2=NS(=O)(=O)c3ccccc3N2)c(O)c2ccccc2n1CC1CCC1,49.0,-8.3,4.32,7.351,
CHEMBL201385,O=c1c(C2=NS(=O)(=O)c3ccccc3N2)c(O)c2ccccc2n1CC1CCC1,49.0,-8.3,5.078,9.038,
CHEMBL372357,O=c1c(C2=Nc3ccccc3S(=O)(=O)N2)c(O)c2cc(F)ccc2n1CCC1CC1,49.0,-8.8,0.0,0.0,
CHEMBL372357,O=c1c(C2=Nc3ccccc3S(=O)(=O)N2)c(O)c2cc(F)ccc2n1CCC1CC1,49.0,-8.7,5.053,8.913,
CHEMBL372357,O=c1c(C2=Nc3ccccc3S(=O)(=O)N2)c(O)c2cc(F)ccc2n1CCC1CC1,49.0,-8.7,5.79,9.102,
CHEMBL372357,O=c1c(C2=Nc3ccccc3S(=O)(=O)N2)c(O)c2cc(F)ccc2n1CCC1CC1,49.0,-8.7,5.731,8.237,
CHEMBL372357,O=c1c(C2=Nc3ccccc3S(=O)(=O)N2)c(O)c2cc(F)ccc2n1CCC1CC1,49.0,-8.4,6.217,9.086,
CHEMBL372357,O=c1c(C2=Nc3ccccc3S(=O)(=O)N2)c(O)c2cc(F)ccc2n1CCC1CC1,49.0,-8.4,5.871,8.565,
CHEMBL372357,O=c1c(C2=Nc3ccccc3S(=O)(=O)N2)c(O)c2cc(F)ccc2n1CCC1CC1,49.0,-8.3,5.302,8.823,
CHEMBL372357,O=c1c(C2=Nc3ccccc3S(=O)(=O)N2)c(O)c2cc(F)ccc2n1CCC1CC1,49.0,-8.3,6.23,9.075,
CHEMBL372357,O=c1c(C2=Nc3ccccc3S(=O)(=O)N2)c(O)c2cc(F)ccc2n1CCC1CC1,49.0,-8.2,4.9,7.592,
CHEMBL201456,CSCCn1c(=O)c(C2=NS(=O)(=O)c3ccccc3N2)c(O)c2ccccc21,53.0,-7.0,0.0,0.0,
CHEMBL201456,CSCCn1c(=O)c(C2=NS(=O)(=O)c3ccccc3N2)c(O)c2ccccc21,53.0,-6.7,2.698,7.611,
CHEMBL201456,CSCCn1c(=O)c(C2=NS(=O)(=O)c3ccccc3N2)c(O)c2ccccc21,53.0,-6.7,2.524,8.213,
CHEMBL201456,CSCCn1c(=O)c(C2=NS(=O)(=O)c3ccccc3N2)c(O)c2ccccc21,53.0,-6.6,4.326,6.63,
CHEMBL201456,CSCCn1c(=O)c(C2=NS(=O)(=O)c3ccccc3N2)c(O)c2ccccc21,53.0,-6.6,1.604,3.263,
CHEMBL201456,CSCCn1c(=O)c(C2=NS(=O)(=O)c3ccccc3N2)c(O)c2ccccc21,53.0,-6.6,2.662,8.221,
CHEMBL201456,CSCCn1c(=O)c(C2=NS(=O)(=O)c3ccccc3N2)c(O)c2ccccc21,53.0,-6.6,3.049,7.723,
CHEMBL201456,CSCCn1c(=O)c(C2=NS(=O)(=O)c3ccccc3N2)c(O)c2ccccc21,53.0,-6.4,6.67,9.987,
CHEMBL201456,CSCCn1c(=O)c(C2=NS(=O)(=O)c3ccccc3N2)c(O)c2ccccc21,53.0,-6.4,3.336,6.874,
CHEMBL4636786,Nc1cc(Cn2c(C(=O)O)c(-c3ccc[nH]c3=O)c3ccc(Cl)cc32)ccn1,53.0,-8.5,0.0,0.0,
CHEMBL4636786,Nc1cc(Cn2c(C(=O)O)c(-c3ccc[nH]c3=O)c3ccc(Cl)cc32)ccn1,53.0,-8.4,3.36,7.377,
CHEMBL4636786,Nc1cc(Cn2c(C(=O)O)c(-c3ccc[nH]c3=O)c3ccc(Cl)cc32)ccn1,53.0,-8.1,3.192,4.763,
CHEMBL4636786,Nc1cc(Cn2c(C(=O)O)c(-c3ccc[nH]c3=O)c3ccc(Cl)cc32)ccn1,53.0,-7.8,3.67,6.559,
CHEMBL4636786,Nc1cc(Cn2c(C(=O)O)c(-c3ccc[nH]c3=O)c3ccc(Cl)cc32)ccn1,53.0,-7.8,3.295,5.041,
CHEMBL4636786,Nc1cc(Cn2c(C(=O)O)c(-c3ccc[nH]c3=O)c3ccc(Cl)cc32)ccn1,53.0,-7.5,2.164,6.953,
CHEMBL4636786,Nc1cc(Cn2c(C(=O)O)c(-c3ccc[nH]c3=O)c3ccc(Cl)cc32)ccn1,53.0,-7.4,1.647,2.405,
CHEMBL4636786,Nc1cc(Cn2c(C(=O)O)c(-c3ccc[nH]c3=O)c3ccc(Cl)cc32)ccn1,53.0,-7.2,3.285,7.027,
CHEMBL4636786,Nc1cc(Cn2c(C(=O)O)c(-c3ccc[nH]c3=O)c3ccc(Cl)cc32)ccn1,53.0,-7.2,3.175,6.132,
CHEMBL213832,CN(C)C(=O)Cn1c(-c2ccccc2)c(C2CCCCC2)c2sc(C(=O)O)cc21,58.0,-8.5,0.0,0.0,
CHEMBL213832,CN(C)C(=O)Cn1c(-c2ccccc2)c(C2CCCCC2)c2sc(C(=O)O)cc21,58.0,-8.4,1.731,3.85,
CHEMBL213832,CN(C)C(=O)Cn1c(-c2ccccc2)c(C2CCCCC2)c2sc(C(=O)O)cc21,58.0,-8.3,2.143,5.514,
CHEMBL213832,CN(C)C(=O)Cn1c(-c2ccccc2)c(C2CCCCC2)c2sc(C(=O)O)cc21,58.0,-8.2,2.06,4.066,
CHEMBL213832,CN(C)C(=O)Cn1c(-c2ccccc2)c(C2CCCCC2)c2sc(C(=O)O)cc21,58.0,-8.2,2.121,4.024,
CHEMBL213832,CN(C)C(=O)Cn1c(-c2ccccc2)c(C2CCCCC2)c2sc(C(=O)O)cc21,58.0,-8.1,1.706,3.692,
CHEMBL201337,O=c1c(C2=NS(=O)(=O)c3ccccc3N2)c(O)c2ccccc2n1Cc1ccncc1,61.0,-10.0,0.0,0.0,
CHEMBL201337,O=c1c(C2=NS(=O)(=O)c3ccccc3N2)c(O)c2ccccc2n1Cc1ccncc1,61.0,-9.1,5.774,9.26,
CHEMBL201337,O=c1c(C2=NS(=O)(=O)c3ccccc3N2)c(O)c2ccccc2n1Cc1ccncc1,61.0,-9.1,5.845,9.337,
CHEMBL201337,O=c1c(C2=NS(=O)(=O)c3ccccc3N2)c(O)c2ccccc2n1Cc1ccncc1,61.0,-8.8,4.231,7.422,
CHEMBL201337,O=c1c(C2=NS(=O)(=O)c3ccccc3N2)c(O)c2ccccc2n1Cc1ccncc1,61.0,-8.8,4.726,8.896,
CHEMBL201337,O=c1c(C2=NS(=O)(=O)c3ccccc3N2)c(O)c2ccccc2n1Cc1ccncc1,61.0,-8.7,4.442,8.908,
CHEMBL201337,O=c1c(C2=NS(=O)(=O)c3ccccc3N2)c(O)c2ccccc2n1Cc1ccncc1,61.0,-8.0,5.61,8.97,
CHEMBL201337,O=c1c(C2=NS(=O)(=O)c3ccccc3N2)c(O)c2ccccc2n1Cc1ccncc1,61.0,-8.0,4.95,9.229,
CHEMBL201337,O=c1c(C2=NS(=O)(=O)c3ccccc3N2)c(O)c2ccccc2n1Cc1ccncc1,61.0,-7.9,5.489,7.297,
CHEMBL426302,CC(C)CCn1c(=O)c(C2=NS(=O)(=O)c3ccccc3N2)c(O)c2cc(N)ccc21,62.0,-7.9,0.0,0.0,
CHEMBL426302,CC(C)CCn1c(=O)c(C2=NS(=O)(=O)c3ccccc3N2)c(O)c2cc(N)ccc21,62.0,-7.9,2.212,4.911,
CHEMBL426302,CC(C)CCn1c(=O)c(C2=NS(=O)(=O)c3ccccc3N2)c(O)c2cc(N)ccc21,62.0,-7.9,2.305,4.669,
CHEMBL426302,CC(C)CCn1c(=O)c(C2=NS(=O)(=O)c3ccccc3N2)c(O)c2cc(N)ccc21,62.0,-7.7,2.232,2.843,
CHEMBL426302,CC(C)CCn1c(=O)c(C2=NS(=O)(=O)c3ccccc3N2)c(O)c2cc(N)ccc21,62.0,-7.5,2.238,4.544,
CHEMBL426302,CC(C)CCn1c(=O)c(C2=NS(=O)(=O)c3ccccc3N2)c(O)c2cc(N)ccc21,62.0,-7.3,4.855,7.994,
CHEMBL426302,CC(C)CCn1c(=O)c(C2=NS(=O)(=O)c3ccccc3N2)c(O)c2cc(N)ccc21,62.0,-7.1,1.875,2.251,
CHEMBL426302,CC(C)CCn1c(=O)c(C2=NS(=O)(=O)c3ccccc3N2)c(O)c2cc(N)ccc21,62.0,-7.1,3.027,8.188,
CHEMBL426302,CC(C)CCn1c(=O)c(C2=NS(=O)(=O)c3ccccc3N2)c(O)c2cc(N)ccc21,62.0,-7.1,1.906,2.445,
CHEMBL377275,CCC(C)CCn1c(=O)c(C2=NS(=O)(=O)c3ccccc3N2)c(O)c2ccccc21,65.0,-9.1,0.0,0.0,
CHEMBL377275,CCC(C)CCn1c(=O)c(C2=NS(=O)(=O)c3ccccc3N2)c(O)c2ccccc21,65.0,-8.2,5.109,9.044,
CHEMBL377275,CCC(C)CCn1c(=O)c(C2=NS(=O)(=O)c3ccccc3N2)c(O)c2ccccc21,65.0,-8.2,1.442,4.042,
CHEMBL377275,CCC(C)CCn1c(=O)c(C2=NS(=O)(=O)c3ccccc3N2)c(O)c2ccccc21,65.0,-8.1,5.853,9.088,
CHEMBL377275,CCC(C)CCn1c(=O)c(C2=NS(=O)(=O)c3ccccc3N2)c(O)c2ccccc21,65.0,-8.1,5.273,9.083,
CHEMBL377275,CCC(C)CCn1c(=O)c(C2=NS(=O)(=O)c3ccccc3N2)c(O)c2ccccc21,65.0,-7.9,5.956,9.147,
CHEMBL377275,CCC(C)CCn1c(=O)c(C2=NS(=O)(=O)c3ccccc3N2)c(O)c2ccccc21,65.0,-7.5,5.801,8.562,
CHEMBL377275,CCC(C)CCn1c(=O)c(C2=NS(=O)(=O)c3ccccc3N2)c(O)c2ccccc21,65.0,-7.5,4.299,7.198,
CHEMBL377275,CCC(C)CCn1c(=O)c(C2=NS(=O)(=O)c3ccccc3N2)c(O)c2ccccc21,65.0,-7.5,5.692,8.573,
CHEMBL1783101,O=C1Cn2c(c(C3CCCCC3)c3ccc(C(=O)O)cc32)-c2ccccc2N1,70.0,-10.5,0.0,0.0,
CHEMBL1783101,O=C1Cn2c(c(C3CCCCC3)c3ccc(C(=O)O)cc32)-c2ccccc2N1,70.0,-10.1,2.593,4.293,
CHEMBL1783101,O=C1Cn2c(c(C3CCCCC3)c3ccc(C(=O)O)cc32)-c2ccccc2N1,70.0,-10.0,1.555,1.946,
CHEMBL1783101,O=C1Cn2c(c(C3CCCCC3)c3ccc(C(=O)O)cc32)-c2ccccc2N1,70.0,-9.8,1.708,3.287,
CHEMBL1783101,O=C1Cn2c(c(C3CCCCC3)c3ccc(C(=O)O)cc32)-c2ccccc2N1,70.0,-9.8,2.56,4.484,
CHEMBL371635,O=c1c(C2=NS(=O)(=O)c3ccccc3N2)c(O)c2ccccc2n1CC1CC1,78.0,-9.1,0.0,0.0,
CHEMBL371635,O=c1c(C2=NS(=O)(=O)c3ccccc3N2)c(O)c2ccccc2n1CC1CC1,78.0,-9.0,2.746,8.274,
CHEMBL371635,O=c1c(C2=NS(=O)(=O)c3ccccc3N2)c(O)c2ccccc2n1CC1CC1,78.0,-8.6,5.942,9.076,
CHEMBL371635,O=c1c(C2=NS(=O)(=O)c3ccccc3N2)c(O)c2ccccc2n1CC1CC1,78.0,-8.4,2.427,8.113,
CHEMBL371635,O=c1c(C2=NS(=O)(=O)c3ccccc3N2)c(O)c2ccccc2n1CC1CC1,78.0,-8.4,5.531,8.801,
CHEMBL371635,O=c1c(C2=NS(=O)(=O)c3ccccc3N2)c(O)c2ccccc2n1CC1CC1,78.0,-8.3,5.61,8.446,
CHEMBL371635,O=c1c(C2=NS(=O)(=O)c3ccccc3N2)c(O)c2ccccc2n1CC1CC1,78.0,-8.3,5.905,9.264,
CHEMBL371635,O=c1c(C2=NS(=O)(=O)c3ccccc3N2)c(O)c2ccccc2n1CC1CC1,78.0,-8.2,6.198,9.263,
CHEMBL371635,O=c1c(C2=NS(=O)(=O)c3ccccc3N2)c(O)c2ccccc2n1CC1CC1,78.0,-7.9,6.052,8.817,
CHEMBL381010,CCCCCn1c(=O)c(C2=NS(=O)(=O)c3ccccc3N2)c(O)c2ccccc21,80.0,-9.0,0.0,0.0,
CHEMBL381010,CCCCCn1c(=O)c(C2=NS(=O)(=O)c3ccccc3N2)c(O)c2ccccc21,80.0,-8.3,1.178,3.594,
CHEMBL381010,CCCCCn1c(=O)c(C2=NS(=O)(=O)c3ccccc3N2)c(O)c2ccccc21,80.0,-8.1,5.806,9.062,
CHEMBL381010,CCCCCn1c(=O)c(C2=NS(=O)(=O)c3ccccc3N2)c(O)c2ccccc21,80.0,-8.0,5.106,8.993,
CHEMBL381010,CCCCCn1c(=O)c(C2=NS(=O)(=O)c3ccccc3N2)c(O)c2ccccc21,80.0,-7.8,5.901,9.193,
CHEMBL381010,CCCCCn1c(=O)c(C2=NS(=O)(=O)c3ccccc3N2)c(O)c2ccccc21,80.0,-7.7,5.782,8.614,
CHEMBL381010,CCCCCn1c(=O)c(C2=NS(=O)(=O)c3ccccc3N2)c(O)c2ccccc21,80.0,-7.6,6.02,9.301,
CHEMBL381010,CCCCCn1c(=O)c(C2=NS(=O)(=O)c3ccccc3N2)c(O)c2ccccc21,80.0,-7.6,4.336,7.105,
CHEMBL381010,CCCCCn1c(=O)c(C2=NS(=O)(=O)c3ccccc3N2)c(O)c2ccccc21,80.0,-7.5,5.29,8.928,
CHEMBL201063,O=c1c(C2=NS(=O)(=O)c3ccccc3N2)c(O)c2ccccc2n1Cc1cccc([N+](=O)[O-])c1,81.0,-10.4,0.0,0.0,
CHEMBL201063,O=c1c(C2=NS(=O)(=O)c3ccccc3N2)c(O)c2ccccc2n1Cc1cccc([N+](=O)[O-])c1,81.0,-9.8,3.852,8.808,
CHEMBL201063,O=c1c(C2=NS(=O)(=O)c3ccccc3N2)c(O)c2ccccc2n1Cc1cccc([N+](=O)[O-])c1,81.0,-9.5,3.861,8.879,
CHEMBL201063,O=c1c(C2=NS(=O)(=O)c3ccccc3N2)c(O)c2ccccc2n1Cc1cccc([N+](=O)[O-])c1,81.0,-9.5,4.3,7.578,
CHEMBL201063,O=c1c(C2=NS(=O)(=O)c3ccccc3N2)c(O)c2ccccc2n1Cc1cccc([N+](=O)[O-])c1,81.0,-8.9,5.514,8.925,
CHEMBL201063,O=c1c(C2=NS(=O)(=O)c3ccccc3N2)c(O)c2ccccc2n1Cc1cccc([N+](=O)[O-])c1,81.0,-8.6,4.734,9.307,
CHEMBL201063,O=c1c(C2=NS(=O)(=O)c3ccccc3N2)c(O)c2ccccc2n1Cc1cccc([N+](=O)[O-])c1,81.0,-8.3,5.418,8.069,
CHEMBL201063,O=c1c(C2=NS(=O)(=O)c3ccccc3N2)c(O)c2ccccc2n1Cc1cccc([N+](=O)[O-])c1,81.0,-7.7,5.566,10.111,
CHEMBL201063,O=c1c(C2=NS(=O)(=O)c3ccccc3N2)c(O)c2ccccc2n1Cc1cccc([N+](=O)[O-])c1,81.0,-7.6,4.83,9.046,
CHEMBL201436,COC(C)CCn1c(=O)c(C2=NS(=O)(=O)c3ccccc3N2)c(O)c2ccccc21,82.0,-9.1,0.0,0.0,
CHEMBL201436,COC(C)CCn1c(=O)c(C2=NS(=O)(=O)c3ccccc3N2)c(O)c2ccccc21,82.0,-8.4,5.602,8.599,
CHEMBL201436,COC(C)CCn1c(=O)c(C2=NS(=O)(=O)c3ccccc3N2)c(O)c2ccccc21,82.0,-8.3,4.859,9.071,
CHEMBL201436,COC(C)CCn1c(=O)c(C2=NS(=O)(=O)c3ccccc3N2)c(O)c2ccccc21,82.0,-8.2,5.878,9.219,
CHEMBL201436,COC(C)CCn1c(=O)c(C2=NS(=O)(=O)c3ccccc3N2)c(O)c2ccccc21,82.0,-8.0,4.277,7.282,
CHEMBL201436,COC(C)CCn1c(=O)c(C2=NS(=O)(=O)c3ccccc3N2)c(O)c2ccccc21,82.0,-7.9,1.56,4.084,
CHEMBL201436,COC(C)CCn1c(=O)c(C2=NS(=O)(=O)c3ccccc3N2)c(O)c2ccccc21,82.0,-7.9,4.865,8.981,
CHEMBL201436,COC(C)CCn1c(=O)c(C2=NS(=O)(=O)c3ccccc3N2)c(O)c2ccccc21,82.0,-7.2,4.312,7.256,
CHEMBL201436,COC(C)CCn1c(=O)c(C2=NS(=O)(=O)c3ccccc3N2)c(O)c2ccccc21,82.0,-7.2,5.14,8.176,
CHEMBL201088,O=c1c(C2=NS(=O)(=O)c3ccccc3N2)c(O)c2ccccc2n1Cc1ccccc1,82.0,-10.3,0.0,0.0,
CHEMBL201088,O=c1c(C2=NS(=O)(=O)c3ccccc3N2)c(O)c2ccccc2n1Cc1ccccc1,82.0,-9.4,5.521,8.908,
CHEMBL201088,O=c1c(C2=NS(=O)(=O)c3ccccc3N2)c(O)c2ccccc2n1Cc1ccccc1,82.0,-9.0,4.998,8.935,
CHEMBL201088,O=c1c(C2=NS(=O)(=O)c3ccccc3N2)c(O)c2ccccc2n1Cc1ccccc1,82.0,-8.9,6.037,9.034,
CHEMBL201088,O=c1c(C2=NS(=O)(=O)c3ccccc3N2)c(O)c2ccccc2n1Cc1ccccc1,82.0,-8.9,5.852,8.748,
CHEMBL201088,O=c1c(C2=NS(=O)(=O)c3ccccc3N2)c(O)c2ccccc2n1Cc1ccccc1,82.0,-8.8,5.839,9.581,
CHEMBL201088,O=c1c(C2=NS(=O)(=O)c3ccccc3N2)c(O)c2ccccc2n1Cc1ccccc1,82.0,-8.8,5.749,9.34,
CHEMBL201088,O=c1c(C2=NS(=O)(=O)c3ccccc3N2)c(O)c2ccccc2n1Cc1ccccc1,82.0,-8.8,5.009,9.027,
CHEMBL201088,O=c1c(C2=NS(=O)(=O)c3ccccc3N2)c(O)c2ccccc2n1Cc1ccccc1,82.0,-8.3,4.21,7.387,
CHEMBL383170,O=c1c(C2=NS(=O)(=O)c3ccccc3N2)c(O)c2cccc(F)c2n1CCC1CC1,90.0,-8.5,0.0,0.0,
CHEMBL383170,O=c1c(C2=NS(=O)(=O)c3ccccc3N2)c(O)c2cccc(F)c2n1CCC1CC1,90.0,-8.5,2.229,2.891,
CHEMBL383170,O=c1c(C2=NS(=O)(=O)c3ccccc3N2)c(O)c2cccc(F)c2n1CCC1CC1,90.0,-8.4,1.66,1.971,
CHEMBL383170,O=c1c(C2=NS(=O)(=O)c3ccccc3N2)c(O)c2cccc(F)c2n1CCC1CC1,90.0,-8.3,1.494,4.124,
CHEMBL383170,O=c1c(C2=NS(=O)(=O)c3ccccc3N2)c(O)c2cccc(F)c2n1CCC1CC1,90.0,-8.2,2.028,4.627,
CHEMBL383170,O=c1c(C2=NS(=O)(=O)c3ccccc3N2)c(O)c2cccc(F)c2n1CCC1CC1,90.0,-8.1,3.644,6.526,
CHEMBL383170,O=c1c(C2=NS(=O)(=O)c3ccccc3N2)c(O)c2cccc(F)c2n1CCC1CC1,90.0,-8.0,5.428,8.796,
CHEMBL383170,O=c1c(C2=NS(=O)(=O)c3ccccc3N2)c(O)c2cccc(F)c2n1CCC1CC1,90.0,-8.0,1.6,2.275,
CHEMBL383170,O=c1c(C2=NS(=O)(=O)c3ccccc3N2)c(O)c2cccc(F)c2n1CCC1CC1,90.0,-7.8,2.258,4.247,
CHEMBL201814,C=CCCn1c(=O)c(C2=NS(=O)(=O)c3ccccc3N2)c(O)c2ccccc21,90.0,-9.1,0.0,0.0,
CHEMBL201814,C=CCCn1c(=O)c(C2=NS(=O)(=O)c3ccccc3N2)c(O)c2ccccc21,90.0,-8.2,6.035,9.354,
CHEMBL201814,C=CCCn1c(=O)c(C2=NS(=O)(=O)c3ccccc3N2)c(O)c2ccccc21,90.0,-8.0,5.912,8.75,
CHEMBL201814,C=CCCn1c(=O)c(C2=NS(=O)(=O)c3ccccc3N2)c(O)c2ccccc21,90.0,-7.9,2.803,7.581,
CHEMBL201814,C=CCCn1c(=O)c(C2=NS(=O)(=O)c3ccccc3N2)c(O)c2ccccc21,90.0,-7.9,5.575,8.254,
CHEMBL201814,C=CCCn1c(=O)c(C2=NS(=O)(=O)c3ccccc3N2)c(O)c2ccccc21,90.0,-7.8,5.281,9.041,
CHEMBL201814,C=CCCn1c(=O)c(C2=NS(=O)(=O)c3ccccc3N2)c(O)c2ccccc21,90.0,-7.8,5.874,8.883,
CHEMBL201814,C=CCCn1c(=O)c(C2=NS(=O)(=O)c3ccccc3N2)c(O)c2ccccc21,90.0,-7.8,6.34,9.415,
CHEMBL201814,C=CCCn1c(=O)c(C2=NS(=O)(=O)c3ccccc3N2)c(O)c2ccccc21,90.0,-7.7,4.413,7.303,
CHEMBL201660,O=c1c(C2=NS(=O)(=O)c3ccccc3N2)c(O)c2ccccc2n1Cc1ccc(Br)cc1,95.0,-10.4,0.0,0.0,
CHEMBL201660,O=c1c(C2=NS(=O)(=O)c3ccccc3N2)c(O)c2ccccc2n1Cc1ccc(Br)cc1,95.0,-9.3,4.874,8.892,
CHEMBL201660,O=c1c(C2=NS(=O)(=O)c3ccccc3N2)c(O)c2ccccc2n1Cc1ccc(Br)cc1,95.0,-9.1,5.821,8.641,
CHEMBL201660,O=c1c(C2=NS(=O)(=O)c3ccccc3N2)c(O)c2ccccc2n1Cc1ccc(Br)cc1,95.0,-8.7,4.92,8.793,
CHEMBL201660,O=c1c(C2=NS(=O)(=O)c3ccccc3N2)c(O)c2ccccc2n1Cc1ccc(Br)cc1,95.0,-8.6,5.261,9.195,
CHEMBL201660,O=c1c(C2=NS(=O)(=O)c3ccccc3N2)c(O)c2ccccc2n1Cc1ccc(Br)cc1,95.0,-8.5,5.396,9.115,
CHEMBL201660,O=c1c(C2=NS(=O)(=O)c3ccccc3N2)c(O)c2ccccc2n1Cc1ccc(Br)cc1,95.0,-8.4,5.849,9.276,
CHEMBL201660,O=c1c(C2=NS(=O)(=O)c3ccccc3N2)c(O)c2ccccc2n1Cc1ccc(Br)cc1,95.0,-8.2,5.831,9.162,
CHEMBL201660,O=c1c(C2=NS(=O)(=O)c3ccccc3N2)c(O)c2ccccc2n1Cc1ccc(Br)cc1,95.0,-8.0,5.433,9.141,
CHEMBL381529,CC(C)CCn1c(=O)c(C2=NS(=O)(=O)c3ccccc3N2)c(O)c2c(Br)cccc21,105.0,-8.6,0.0,0.0,
CHEMBL381529,CC(C)CCn1c(=O)c(C2=NS(=O)(=O)c3ccccc3N2)c(O)c2c(Br)cccc21,105.0,-8.4,6.005,9.087,
CHEMBL381529,CC(C)CCn1c(=O)c(C2=NS(=O)(=O)c3ccccc3N2)c(O)c2c(Br)cccc21,105.0,-8.2,5.635,8.137,
CHEMBL381529,CC(C)CCn1c(=O)c(C2=NS(=O)(=O)c3ccccc3N2)c(O)c2c(Br)cccc21,105.0,-7.9,6.036,8.994,
CHEMBL381529,CC(C)CCn1c(=O)c(C2=NS(=O)(=O)c3ccccc3N2)c(O)c2c(Br)cccc21,105.0,-7.9,4.514,6.772,
CHEMBL381529,CC(C)CCn1c(=O)c(C2=NS(=O)(=O)c3ccccc3N2)c(O)c2c(Br)cccc21,105.0,-7.9,2.063,4.174,
CHEMBL381529,CC(C)CCn1c(=O)c(C2=NS(=O)(=O)c3ccccc3N2)c(O)c2c(Br)cccc21,105.0,-7.2,5.691,8.357,
CHEMBL381529,CC(C)CCn1c(=O)c(C2=NS(=O)(=O)c3ccccc3N2)c(O)c2c(Br)cccc21,105.0,-7.2,5.9,8.978,
CHEMBL381529,CC(C)CCn1c(=O)c(C2=NS(=O)(=O)c3ccccc3N2)c(O)c2c(Br)cccc21,105.0,-6.7,2.507,4.679,
CHEMBL202164,O=c1c(C2=NS(=O)(=O)c3ccccc3N2)c(O)c2ccccc2n1CCCC(F)(F)F,106.0,-9.4,0.0,0.0,
CHEMBL202164,O=c1c(C2=NS(=O)(=O)c3ccccc3N2)c(O)c2ccccc2n1CCCC(F)(F)F,106.0,-8.9,6.074,9.003,
CHEMBL202164,O=c1c(C2=NS(=O)(=O)c3ccccc3N2)c(O)c2ccccc2n1CCCC(F)(F)F,106.0,-8.4,5.537,9.053,
CHEMBL202164,O=c1c(C2=NS(=O)(=O)c3ccccc3N2)c(O)c2ccccc2n1CCCC(F)(F)F,106.0,-8.2,6.174,8.738,
CHEMBL202164,O=c1c(C2=NS(=O)(=O)c3ccccc3N2)c(O)c2ccccc2n1CCCC(F)(F)F,106.0,-7.9,6.332,9.497,
CHEMBL202164,O=c1c(C2=NS(=O)(=O)c3ccccc3N2)c(O)c2ccccc2n1CCCC(F)(F)F,106.0,-7.8,4.585,7.368,
CHEMBL202164,O=c1c(C2=NS(=O)(=O)c3ccccc3N2)c(O)c2ccccc2n1CCCC(F)(F)F,106.0,-7.7,2.829,4.775,
CHEMBL202164,O=c1c(C2=NS(=O)(=O)c3ccccc3N2)c(O)c2ccccc2n1CCCC(F)(F)F,106.0,-7.4,4.306,6.441,
CHEMBL202164,O=c1c(C2=NS(=O)(=O)c3ccccc3N2)c(O)c2ccccc2n1CCCC(F)(F)F,106.0,-7.2,5.669,8.348,
CHEMBL382628,CC(C)Cn1c(=O)c(C2=NS(=O)(=O)c3ccccc3N2)c(O)c2ccccc21,108.0,-9.2,0.0,0.0,
CHEMBL382628,CC(C)Cn1c(=O)c(C2=NS(=O)(=O)c3ccccc3N2)c(O)c2ccccc21,108.0,-8.5,5.843,8.847,
CHEMBL382628,CC(C)Cn1c(=O)c(C2=NS(=O)(=O)c3ccccc3N2)c(O)c2ccccc21,108.0,-8.4,6.102,8.787,
CHEMBL382628,CC(C)Cn1c(=O)c(C2=NS(=O)(=O)c3ccccc3N2)c(O)c2ccccc21,108.0,-8.1,5.627,8.935,
CHEMBL382628,CC(C)Cn1c(=O)c(C2=NS(=O)(=O)c3ccccc3N2)c(O)c2ccccc21,108.0,-8.1,5.878,9.001,
CHEMBL382628,CC(C)Cn1c(=O)c(C2=NS(=O)(=O)c3ccccc3N2)c(O)c2ccccc21,108.0,-8.0,4.377,7.12,
CHEMBL382628,CC(C)Cn1c(=O)c(C2=NS(=O)(=O)c3ccccc3N2)c(O)c2ccccc21,108.0,-7.9,6.584,10.002,
CHEMBL382628,CC(C)Cn1c(=O)c(C2=NS(=O)(=O)c3ccccc3N2)c(O)c2ccccc21,108.0,-7.9,5.915,9.271,
CHEMBL382628,CC(C)Cn1c(=O)c(C2=NS(=O)(=O)c3ccccc3N2)c(O)c2ccccc21,108.0,-7.8,5.184,8.274,
CHEMBL202310,CCOC(=O)CNc1ccc2c(c1)c(O)c(C1=NS(=O)(=O)c3ccccc3N1)c(=O)n2CCC(C)C,115.0,-7.6,0.0,0.0,
CHEMBL202310,CCOC(=O)CNc1ccc2c(c1)c(O)c(C1=NS(=O)(=O)c3ccccc3N1)c(=O)n2CCC(C)C,115.0,-7.2,1.436,1.988,
CHEMBL202310,CCOC(=O)CNc1ccc2c(c1)c(O)c(C1=NS(=O)(=O)c3ccccc3N1)c(=O)n2CCC(C)C,115.0,-6.9,3.449,8.793,
CHEMBL202310,CCOC(=O)CNc1ccc2c(c1)c(O)c(C1=NS(=O)(=O)c3ccccc3N1)c(=O)n2CCC(C)C,115.0,-6.6,2.151,2.841,
CHEMBL202310,CCOC(=O)CNc1ccc2c(c1)c(O)c(C1=NS(=O)(=O)c3ccccc3N1)c(=O)n2CCC(C)C,115.0,-6.5,2.545,5.713,
CHEMBL202310,CCOC(=O)CNc1ccc2c(c1)c(O)c(C1=NS(=O)(=O)c3ccccc3N1)c(=O)n2CCC(C)C,115.0,-5.7,3.493,8.387,
CHEMBL202310,CCOC(=O)CNc1ccc2c(c1)c(O)c(C1=NS(=O)(=O)c3ccccc3N1)c(=O)n2CCC(C)C,115.0,-5.5,2.337,5.612,
CHEMBL202310,CCOC(=O)CNc1ccc2c(c1)c(O)c(C1=NS(=O)(=O)c3ccccc3N1)c(=O)n2CCC(C)C,115.0,-5.4,3.653,8.121,
CHEMBL202310,CCOC(=O)CNc1ccc2c(c1)c(O)c(C1=NS(=O)(=O)c3ccccc3N1)c(=O)n2CCC(C)C,115.0,-5.3,3.126,8.211,
CHEMBL202271,C#CCCn1c(=O)c(C2=NS(=O)(=O)c3ccccc3N2)c(O)c2ccccc21,118.0,-7.0,0.0,0.0,
CHEMBL202271,C#CCCn1c(=O)c(C2=NS(=O)(=O)c3ccccc3N2)c(O)c2ccccc21,118.0,-7.0,2.398,3.067,
CHEMBL202271,C#CCCn1c(=O)c(C2=NS(=O)(=O)c3ccccc3N2)c(O)c2ccccc21,118.0,-6.9,1.308,4.04,
CHEMBL202271,C#CCCn1c(=O)c(C2=NS(=O)(=O)c3ccccc3N2)c(O)c2ccccc21,118.0,-6.8,2.12,4.589,
CHEMBL202271,C#CCCn1c(=O)c(C2=NS(=O)(=O)c3ccccc3N2)c(O)c2ccccc21,118.0,-6.8,2.026,4.114,
CHEMBL202271,C#CCCn1c(=O)c(C2=NS(=O)(=O)c3ccccc3N2)c(O)c2ccccc21,118.0,-6.7,2.753,7.914,
CHEMBL202271,C#CCCn1c(=O)c(C2=NS(=O)(=O)c3ccccc3N2)c(O)c2ccccc21,118.0,-6.7,2.542,7.739,
CHEMBL202271,C#CCCn1c(=O)c(C2=NS(=O)(=O)c3ccccc3N2)c(O)c2ccccc21,118.0,-6.7,2.963,7.998,
CHEMBL202271,C#CCCn1c(=O)c(C2=NS(=O)(=O)c3ccccc3N2)c(O)c2ccccc21,118.0,-6.4,2.922,8.075,
CHEMBL380442,O=c1c(C2=NS(=O)(=O)c3ccccc3N2)c(O)c2ccccc2n1CC1CCCC1,132.0,-10.1,0.0,0.0,
CHEMBL380442,O=c1c(C2=NS(=O)(=O)c3ccccc3N2)c(O)c2ccccc2n1CC1CCCC1,132.0,-9.5,5.784,9.478,
CHEMBL380442,O=c1c(C2=NS(=O)(=O)c3ccccc3N2)c(O)c2ccccc2n1CC1CCCC1,132.0,-9.3,5.619,8.928,
CHEMBL380442,O=c1c(C2=NS(=O)(=O)c3ccccc3N2)c(O)c2ccccc2n1CC1CCCC1,132.0,-8.9,5.806,9.258,
CHEMBL380442,O=c1c(C2=NS(=O)(=O)c3ccccc3N2)c(O)c2ccccc2n1CC1CCCC1,132.0,-8.7,5.905,9.287,
CHEMBL380442,O=c1c(C2=NS(=O)(=O)c3ccccc3N2)c(O)c2ccccc2n1CC1CCCC1,132.0,-8.7,5.143,7.295,
CHEMBL380442,O=c1c(C2=NS(=O)(=O)c3ccccc3N2)c(O)c2ccccc2n1CC1CCCC1,132.0,-8.6,4.806,8.942,
CHEMBL380442,O=c1c(C2=NS(=O)(=O)c3ccccc3N2)c(O)c2ccccc2n1CC1CCCC1,132.0,-8.5,4.254,7.36,
CHEMBL380442,O=c1c(C2=NS(=O)(=O)c3ccccc3N2)c(O)c2ccccc2n1CC1CCCC1,132.0,-8.1,5.648,8.992,
CHEMBL201604,CC(C)CCn1c(=O)c(C2=NS(=O)(=O)c3ccccc3N2)c(O)c2c(-c3ccccc3)cccc21,144.0,-8.0,0.0,0.0,
CHEMBL201604,CC(C)CCn1c(=O)c(C2=NS(=O)(=O)c3ccccc3N2)c(O)c2c(-c3ccccc3)cccc21,144.0,-7.4,1.58,5.64,
CHEMBL201604,CC(C)CCn1c(=O)c(C2=NS(=O)(=O)c3ccccc3N2)c(O)c2c(-c3ccccc3)cccc21,144.0,-7.4,2.536,7.373,
CHEMBL201604,CC(C)CCn1c(=O)c(C2=NS(=O)(=O)c3ccccc3N2)c(O)c2c(-c3ccccc3)cccc21,144.0,-6.7,2.473,3.393,
CHEMBL201604,CC(C)CCn1c(=O)c(C2=NS(=O)(=O)c3ccccc3N2)c(O)c2c(-c3ccccc3)cccc21,144.0,-6.7,2.515,7.501,
CHEMBL201604,CC(C)CCn1c(=O)c(C2=NS(=O)(=O)c3ccccc3N2)c(O)c2c(-c3ccccc3)cccc21,144.0,-6.1,3.063,7.817,
CHEMBL201604,CC(C)CCn1c(=O)c(C2=NS(=O)(=O)c3ccccc3N2)c(O)c2c(-c3ccccc3)cccc21,144.0,-5.9,4.438,7.833,
CHEMBL201604,CC(C)CCn1c(=O)c(C2=NS(=O)(=O)c3ccccc3N2)c(O)c2c(-c3ccccc3)cccc21,144.0,-5.6,1.799,5.547,
CHEMBL201604,CC(C)CCn1c(=O)c(C2=NS(=O)(=O)c3ccccc3N2)c(O)c2c(-c3ccccc3)cccc21,144.0,-5.1,4.39,7.392,
CHEMBL201341,C/C=C/Cn1c(=O)c(C2=NS(=O)(=O)c3ccccc3N2)c(O)c2ccccc21,150.0,-9.5,0.0,0.0,
CHEMBL201341,C/C=C/Cn1c(=O)c(C2=NS(=O)(=O)c3ccccc3N2)c(O)c2ccccc21,150.0,-8.5,5.868,8.381,
CHEMBL201341,C/C=C/Cn1c(=O)c(C2=NS(=O)(=O)c3ccccc3N2)c(O)c2ccccc21,150.0,-8.4,5.964,9.182,
CHEMBL201341,C/C=C/Cn1c(=O)c(C2=NS(=O)(=O)c3ccccc3N2)c(O)c2ccccc21,150.0,-8.2,6.046,9.424,
CHEMBL201341,C/C=C/Cn1c(=O)c(C2=NS(=O)(=O)c3ccccc3N2)c(O)c2ccccc21,150.0,-8.2,5.125,9.164,
CHEMBL201341,C/C=C/Cn1c(=O)c(C2=NS(=O)(=O)c3ccccc3N2)c(O)c2ccccc21,150.0,-8.1,6.353,9.408,
CHEMBL201341,C/C=C/Cn1c(=O)c(C2=NS(=O)(=O)c3ccccc3N2)c(O)c2ccccc21,150.0,-8.1,6.131,9.395,
CHEMBL201341,C/C=C/Cn1c(=O)c(C2=NS(=O)(=O)c3ccccc3N2)c(O)c2ccccc21,150.0,-8.1,1.144,3.839,
CHEMBL201341,C/C=C/Cn1c(=O)c(C2=NS(=O)(=O)c3ccccc3N2)c(O)c2ccccc21,150.0,-8.0,5.442,7.617,
CHEMBL362058,O=C(O)c1ccc2c(c1)nc(-c1ccco1)n2C1CCCCC1,160.0,-7.8,0.0,0.0,
CHEMBL362058,O=C(O)c1ccc2c(c1)nc(-c1ccco1)n2C1CCCCC1,160.0,-7.5,4.822,7.333,
CHEMBL362058,O=C(O)c1ccc2c(c1)nc(-c1ccco1)n2C1CCCCC1,160.0,-7.5,4.853,7.336,
CHEMBL362058,O=C(O)c1ccc2c(c1)nc(-c1ccco1)n2C1CCCCC1,160.0,-7.2,1.926,6.884,
CHEMBL362058,O=C(O)c1ccc2c(c1)nc(-c1ccco1)n2C1CCCCC1,160.0,-7.2,4.978,6.743,
CHEMBL362058,O=C(O)c1ccc2c(c1)nc(-c1ccco1)n2C1CCCCC1,160.0,-7.1,4.609,7.051,
CHEMBL362058,O=C(O)c1ccc2c(c1)nc(-c1ccco1)n2C1CCCCC1,160.0,-6.9,2.288,7.664,
CHEMBL362058,O=C(O)c1ccc2c(c1)nc(-c1ccco1)n2C1CCCCC1,160.0,-6.7,4.074,8.421,
CHEMBL362058,O=C(O)c1ccc2c(c1)nc(-c1ccco1)n2C1CCCCC1,160.0,-6.5,5.816,9.357,
CHEMBL201567,N#CCCCn1c(=O)c(C2=NS(=O)(=O)c3ccccc3N2)c(O)c2ccccc21,172.0,-8.6,0.0,0.0,
CHEMBL201567,N#CCCCn1c(=O)c(C2=NS(=O)(=O)c3ccccc3N2)c(O)c2ccccc21,172.0,-8.5,5.914,8.681,
CHEMBL201567,N#CCCCn1c(=O)c(C2=NS(=O)(=O)c3ccccc3N2)c(O)c2ccccc21,172.0,-8.2,4.294,6.989,
CHEMBL201567,N#CCCCn1c(=O)c(C2=NS(=O)(=O)c3ccccc3N2)c(O)c2ccccc21,172.0,-8.2,4.44,8.672,
CHEMBL201567,N#CCCCn1c(=O)c(C2=NS(=O)(=O)c3ccccc3N2)c(O)c2ccccc21,172.0,-8.1,4.109,8.199,
CHEMBL201567,N#CCCCn1c(=O)c(C2=NS(=O)(=O)c3ccccc3N2)c(O)c2ccccc21,172.0,-8.0,3.936,6.476,
CHEMBL201567,N#CCCCn1c(=O)c(C2=NS(=O)(=O)c3ccccc3N2)c(O)c2ccccc21,172.0,-7.8,3.622,5.972,
CHEMBL201567,N#CCCCn1c(=O)c(C2=NS(=O)(=O)c3ccccc3N2)c(O)c2ccccc21,172.0,-7.7,4.509,6.668,
CHEMBL201567,N#CCCCn1c(=O)c(C2=NS(=O)(=O)c3ccccc3N2)c(O)c2ccccc21,172.0,-7.6,3.538,8.437,
CHEMBL203312,C#CCCCn1c(=O)c(C2=NS(=O)(=O)c3ccccc3N2)c(O)c2ccccc21,179.0,-9.1,0.0,0.0,
CHEMBL203312,C#CCCCn1c(=O)c(C2=NS(=O)(=O)c3ccccc3N2)c(O)c2ccccc21,179.0,-8.4,5.892,9.265,
CHEMBL203312,C#CCCCn1c(=O)c(C2=NS(=O)(=O)c3ccccc3N2)c(O)c2ccccc21,179.0,-8.2,4.938,9.056,
CHEMBL203312,C#CCCCn1c(=O)c(C2=NS(=O)(=O)c3ccccc3N2)c(O)c2ccccc21,179.0,-8.0,5.828,8.677,
CHEMBL203312,C#CCCCn1c(=O)c(C2=NS(=O)(=O)c3ccccc3N2)c(O)c2ccccc21,179.0,-8.0,5.588,8.311,
CHEMBL203312,C#CCCCn1c(=O)c(C2=NS(=O)(=O)c3ccccc3N2)c(O)c2ccccc21,179.0,-8.0,5.945,9.198,
CHEMBL203312,C#CCCCn1c(=O)c(C2=NS(=O)(=O)c3ccccc3N2)c(O)c2ccccc21,179.0,-7.9,4.344,6.686,
CHEMBL203312,C#CCCCn1c(=O)c(C2=NS(=O)(=O)c3ccccc3N2)c(O)c2ccccc21,179.0,-7.9,5.789,8.731,
CHEMBL203312,C#CCCCn1c(=O)c(C2=NS(=O)(=O)c3ccccc3N2)c(O)c2ccccc21,179.0,-7.8,1.359,4.418,
CHEMBL180948,CC(C)C[C@@]1(C(=O)O)C[C@H](C(=O)O)[C@H](c2cccs2)N1C(=O)c1ccc(C(F)(F)F)cc1,190.0,-7.8,0.0,0.0,
CHEMBL180948,CC(C)C[C@@]1(C(=O)O)C[C@H](C(=O)O)[C@H](c2cccs2)N1C(=O)c1ccc(C(F)(F)F)cc1,190.0,-7.8,1.313,1.943,
CHEMBL202062,CC(C)CCn1c(=O)c(C2=NS(=O)(=O)c3ccccc3N2)c(O)c2cc(O)ccc21,198.0,-7.6,0.0,0.0,
CHEMBL202062,CC(C)CCn1c(=O)c(C2=NS(=O)(=O)c3ccccc3N2)c(O)c2cc(O)ccc21,198.0,-7.6,2.357,4.679,
CHEMBL202062,CC(C)CCn1c(=O)c(C2=NS(=O)(=O)c3ccccc3N2)c(O)c2cc(O)ccc21,198.0,-7.4,2.071,2.909,
CHEMBL202062,CC(C)CCn1c(=O)c(C2=NS(=O)(=O)c3ccccc3N2)c(O)c2cc(O)ccc21,198.0,-7.3,1.524,3.716,
CHEMBL202062,CC(C)CCn1c(=O)c(C2=NS(=O)(=O)c3ccccc3N2)c(O)c2cc(O)ccc21,198.0,-7.1,5.364,8.71,
CHEMBL202062,CC(C)CCn1c(=O)c(C2=NS(=O)(=O)c3ccccc3N2)c(O)c2cc(O)ccc21,198.0,-7.0,2.905,7.701,
CHEMBL202062,CC(C)CCn1c(=O)c(C2=NS(=O)(=O)c3ccccc3N2)c(O)c2cc(O)ccc21,198.0,-6.9,2.885,8.604,
CHEMBL202062,CC(C)CCn1c(=O)c(C2=NS(=O)(=O)c3ccccc3N2)c(O)c2cc(O)ccc21,198.0,-6.8,2.851,8.153,
CHEMBL202062,CC(C)CCn1c(=O)c(C2=NS(=O)(=O)c3ccccc3N2)c(O)c2cc(O)ccc21,198.0,-6.5,5.9,9.048,
CHEMBL180974,CCCCn1c(=O)c(C2=NS(=O)(=O)c3ccccc3N2)c(O)c2ccccc21,200.0,-9.1,0.0,0.0,
CHEMBL180974,CCCCn1c(=O)c(C2=NS(=O)(=O)c3ccccc3N2)c(O)c2ccccc21,200.0,-8.8,1.084,3.368,
CHEMBL180974,CCCCn1c(=O)c(C2=NS(=O)(=O)c3ccccc3N2)c(O)c2ccccc21,200.0,-8.2,5.989,9.272,
CHEMBL180974,CCCCn1c(=O)c(C2=NS(=O)(=O)c3ccccc3N2)c(O)c2ccccc21,200.0,-8.1,6.035,9.122,
CHEMBL180974,CCCCn1c(=O)c(C2=NS(=O)(=O)c3ccccc3N2)c(O)c2ccccc21,200.0,-8.0,5.871,8.672,
CHEMBL180974,CCCCn1c(=O)c(C2=NS(=O)(=O)c3ccccc3N2)c(O)c2ccccc21,200.0,-8.0,2.713,7.619,
CHEMBL180974,CCCCn1c(=O)c(C2=NS(=O)(=O)c3ccccc3N2)c(O)c2ccccc21,200.0,-7.9,5.718,8.588,
CHEMBL180974,CCCCn1c(=O)c(C2=NS(=O)(=O)c3ccccc3N2)c(O)c2ccccc21,200.0,-7.9,6.067,9.346,
CHEMBL180974,CCCCn1c(=O)c(C2=NS(=O)(=O)c3ccccc3N2)c(O)c2ccccc21,200.0,-7.9,5.623,8.291,
CHEMBL201119,CC(C)CCn1c(=O)c(C2=NS(=O)(=O)c3ccccc3N2)c(O)c2cc(Br)ccc21,205.0,-7.6,0.0,0.0,
CHEMBL201119,CC(C)CCn1c(=O)c(C2=NS(=O)(=O)c3ccccc3N2)c(O)c2cc(Br)ccc21,205.0,-7.6,4.024,8.15,
CHEMBL201119,CC(C)CCn1c(=O)c(C2=NS(=O)(=O)c3ccccc3N2)c(O)c2cc(Br)ccc21,205.0,-7.3,3.937,6.618,
CHEMBL201119,CC(C)CCn1c(=O)c(C2=NS(=O)(=O)c3ccccc3N2)c(O)c2cc(Br)ccc21,205.0,-6.0,3.914,6.742,
CHEMBL201119,CC(C)CCn1c(=O)c(C2=NS(=O)(=O)c3ccccc3N2)c(O)c2cc(Br)ccc21,205.0,-5.8,1.671,2.323,
CHEMBL201119,CC(C)CCn1c(=O)c(C2=NS(=O)(=O)c3ccccc3N2)c(O)c2cc(Br)ccc21,205.0,-5.4,3.447,5.322,
CHEMBL201119,CC(C)CCn1c(=O)c(C2=NS(=O)(=O)c3ccccc3N2)c(O)c2cc(Br)ccc21,205.0,-5.4,3.592,5.405,
CHEMBL201119,CC(C)CCn1c(=O)c(C2=NS(=O)(=O)c3ccccc3N2)c(O)c2cc(Br)ccc21,205.0,-4.9,3.553,7.939,
CHEMBL201119,CC(C)CCn1c(=O)c(C2=NS(=O)(=O)c3ccccc3N2)c(O)c2cc(Br)ccc21,205.0,-4.8,3.461,7.665,
CHEMBL201603,Cc1cccc2c1c(O)c(C1=NS(=O)(=O)c3ccccc3N1)c(=O)n2CCC(C)C,206.0,-9.0,0.0,0.0,
CHEMBL201603,Cc1cccc2c1c(O)c(C1=NS(=O)(=O)c3ccccc3N1)c(=O)n2CCC(C)C,206.0,-8.3,5.933,9.173,
CHEMBL201603,Cc1cccc2c1c(O)c(C1=NS(=O)(=O)c3ccccc3N1)c(=O)n2CCC(C)C,206.0,-8.2,5.153,9.123,
CHEMBL201603,Cc1cccc2c1c(O)c(C1=NS(=O)(=O)c3ccccc3N1)c(=O)n2CCC(C)C,206.0,-8.1,1.387,4.055,
CHEMBL201603,Cc1cccc2c1c(O)c(C1=NS(=O)(=O)c3ccccc3N1)c(=O)n2CCC(C)C,206.0,-7.3,5.774,9.031,
CHEMBL201603,Cc1cccc2c1c(O)c(C1=NS(=O)(=O)c3ccccc3N1)c(=O)n2CCC(C)C,206.0,-7.0,2.045,4.706,
CHEMBL201603,Cc1cccc2c1c(O)c(C1=NS(=O)(=O)c3ccccc3N1)c(=O)n2CCC(C)C,206.0,-6.2,3.027,4.46,
CHEMBL381218,CC(C)=CCn1c(=O)c(C2=NS(=O)(=O)c3ccccc3N2)c(O)c2ccccc21,289.0,-8.9,0.0,0.0,
CHEMBL381218,CC(C)=CCn1c(=O)c(C2=NS(=O)(=O)c3ccccc3N2)c(O)c2ccccc21,289.0,-8.5,2.185,2.817,
CHEMBL381218,CC(C)=CCn1c(=O)c(C2=NS(=O)(=O)c3ccccc3N2)c(O)c2ccccc21,289.0,-8.4,5.588,8.796,
CHEMBL381218,CC(C)=CCn1c(=O)c(C2=NS(=O)(=O)c3ccccc3N2)c(O)c2ccccc21,289.0,-8.3,2.448,7.409,
CHEMBL381218,CC(C)=CCn1c(=O)c(C2=NS(=O)(=O)c3ccccc3N2)c(O)c2ccccc21,289.0,-8.0,3.016,8.107,
CHEMBL381218,CC(C)=CCn1c(=O)c(C2=NS(=O)(=O)c3ccccc3N2)c(O)c2ccccc21,289.0,-7.9,2.971,8.049,
CHEMBL381218,CC(C)=CCn1c(=O)c(C2=NS(=O)(=O)c3ccccc3N2)c(O)c2ccccc21,289.0,-7.7,2.542,7.818,
CHEMBL381218,CC(C)=CCn1c(=O)c(C2=NS(=O)(=O)c3ccccc3N2)c(O)c2ccccc21,289.0,-7.3,2.008,2.399,
CHEMBL381218,CC(C)=CCn1c(=O)c(C2=NS(=O)(=O)c3ccccc3N2)c(O)c2ccccc21,289.0,-7.2,5.504,8.96,
CHEMBL201815,CC(Br)CCn1c(=O)c(C2=NS(=O)(=O)c3ccccc3N2)c(O)c2ccccc21,290.0,-8.5,0.0,0.0,
CHEMBL201815,CC(Br)CCn1c(=O)c(C2=NS(=O)(=O)c3ccccc3N2)c(O)c2ccccc21,290.0,-8.4,6.122,9.205,
CHEMBL201815,CC(Br)CCn1c(=O)c(C2=NS(=O)(=O)c3ccccc3N2)c(O)c2ccccc21,290.0,-8.4,5.759,8.813,
CHEMBL201815,CC(Br)CCn1c(=O)c(C2=NS(=O)(=O)c3ccccc3N2)c(O)c2ccccc21,290.0,-8.2,5.789,9.088,
CHEMBL201815,CC(Br)CCn1c(=O)c(C2=NS(=O)(=O)c3ccccc3N2)c(O)c2ccccc21,290.0,-8.1,5.927,8.8,
CHEMBL201815,CC(Br)CCn1c(=O)c(C2=NS(=O)(=O)c3ccccc3N2)c(O)c2ccccc21,290.0,-8.1,6.278,9.231,
CHEMBL201815,CC(Br)CCn1c(=O)c(C2=NS(=O)(=O)c3ccccc3N2)c(O)c2ccccc21,290.0,-8.0,6.617,9.968,
CHEMBL201815,CC(Br)CCn1c(=O)c(C2=NS(=O)(=O)c3ccccc3N2)c(O)c2ccccc21,290.0,-8.0,6.29,9.336,
CHEMBL201815,CC(Br)CCn1c(=O)c(C2=NS(=O)(=O)c3ccccc3N2)c(O)c2ccccc21,290.0,-8.0,4.604,6.994,
CHEMBL1087567,O=C(N[C@@H](Cc1c[nH]c2ccc(O)cc12)c1cscn1)c1ccc2c(c1)nc(-c1ccco1)n2C1CCCCC1,300.0,-11.7,0.0,0.0,
CHEMBL1087567,O=C(N[C@@H](Cc1c[nH]c2ccc(O)cc12)c1cscn1)c1ccc2c(c1)nc(-c1ccco1)n2C1CCCCC1,300.0,-11.5,2.063,3.065,
CHEMBL1087567,O=C(N[C@@H](Cc1c[nH]c2ccc(O)cc12)c1cscn1)c1ccc2c(c1)nc(-c1ccco1)n2C1CCCCC1,300.0,-11.0,0.691,1.962,
CHEMBL1087567,O=C(N[C@@H](Cc1c[nH]c2ccc(O)cc12)c1cscn1)c1ccc2c(c1)nc(-c1ccco1)n2C1CCCCC1,300.0,-11.0,2.1,2.614,
CHEMBL1087567,O=C(N[C@@H](Cc1c[nH]c2ccc(O)cc12)c1cscn1)c1ccc2c(c1)nc(-c1ccco1)n2C1CCCCC1,300.0,-10.7,1.696,3.39,
CHEMBL1087567,O=C(N[C@@H](Cc1c[nH]c2ccc(O)cc12)c1cscn1)c1ccc2c(c1)nc(-c1ccco1)n2C1CCCCC1,300.0,-10.4,1.862,3.851,
CHEMBL1087567,O=C(N[C@@H](Cc1c[nH]c2ccc(O)cc12)c1cscn1)c1ccc2c(c1)nc(-c1ccco1)n2C1CCCCC1,300.0,-10.3,4.224,6.727,
CHEMBL1087567,O=C(N[C@@H](Cc1c[nH]c2ccc(O)cc12)c1cscn1)c1ccc2c(c1)nc(-c1ccco1)n2C1CCCCC1,300.0,-10.3,2.895,7.742,
CHEMBL1087567,O=C(N[C@@H](Cc1c[nH]c2ccc(O)cc12)c1cscn1)c1ccc2c(c1)nc(-c1ccco1)n2C1CCCCC1,300.0,-10.1,2.892,8.082,
CHEMBL180948,CC(C)C[C@@]1(C(=O)O)C[C@H](C(=O)O)[C@H](c2cccs2)N1C(=O)c1ccc(C(F)(F)F)cc1,300.0,-7.9,0.0,0.0,
CHEMBL180948,CC(C)C[C@@]1(C(=O)O)C[C@H](C(=O)O)[C@H](c2cccs2)N1C(=O)c1ccc(C(F)(F)F)cc1,300.0,-7.8,0.227,1.2,
CHEMBL180948,CC(C)C[C@@]1(C(=O)O)C[C@H](C(=O)O)[C@H](c2cccs2)N1C(=O)c1ccc(C(F)(F)F)cc1,300.0,-7.8,1.339,2.052,
CHEMBL180948,CC(C)C[C@@]1(C(=O)O)C[C@H](C(=O)O)[C@H](c2cccs2)N1C(=O)c1ccc(C(F)(F)F)cc1,300.0,-6.2,4.262,7.44,
CHEMBL201873,Cc1nc(Cn2c(=O)c(C3=NS(=O)(=O)c4ccccc4N3)c(O)c3ccccc32)cs1,304.0,-9.7,0.0,0.0,
CHEMBL201873,Cc1nc(Cn2c(=O)c(C3=NS(=O)(=O)c4ccccc4N3)c(O)c3ccccc32)cs1,304.0,-9.1,3.792,8.806,
CHEMBL201873,Cc1nc(Cn2c(=O)c(C3=NS(=O)(=O)c4ccccc4N3)c(O)c3ccccc32)cs1,304.0,-8.7,5.104,7.303,
CHEMBL201873,Cc1nc(Cn2c(=O)c(C3=NS(=O)(=O)c4ccccc4N3)c(O)c3ccccc32)cs1,304.0,-8.7,3.684,8.639,
CHEMBL201873,Cc1nc(Cn2c(=O)c(C3=NS(=O)(=O)c4ccccc4N3)c(O)c3ccccc32)cs1,304.0,-8.6,4.334,7.461,
CHEMBL201873,Cc1nc(Cn2c(=O)c(C3=NS(=O)(=O)c4ccccc4N3)c(O)c3ccccc32)cs1,304.0,-8.3,5.103,9.242,
CHEMBL201873,Cc1nc(Cn2c(=O)c(C3=NS(=O)(=O)c4ccccc4N3)c(O)c3ccccc32)cs1,304.0,-7.8,5.087,9.38,
CHEMBL201873,Cc1nc(Cn2c(=O)c(C3=NS(=O)(=O)c4ccccc4N3)c(O)c3ccccc32)cs1,304.0,-7.7,3.326,8.314,
CHEMBL201873,Cc1nc(Cn2c(=O)c(C3=NS(=O)(=O)c4ccccc4N3)c(O)c3ccccc32)cs1,304.0,-7.5,4.366,8.401,
CHEMBL202514,O=c1c(C2=NS(=O)(=O)c3ccccc3N2)c(O)c2ccccc2n1Cc1cccnc1,316.0,-10.0,0.0,0.0,
CHEMBL202514,O=c1c(C2=NS(=O)(=O)c3ccccc3N2)c(O)c2ccccc2n1Cc1cccnc1,316.0,-9.8,5.32,8.89,
CHEMBL202514,O=c1c(C2=NS(=O)(=O)c3ccccc3N2)c(O)c2ccccc2n1Cc1cccnc1,316.0,-9.0,4.413,8.886,
CHEMBL202514,O=c1c(C2=NS(=O)(=O)c3ccccc3N2)c(O)c2ccccc2n1Cc1cccnc1,316.0,-8.9,4.245,7.392,
CHEMBL202514,O=c1c(C2=NS(=O)(=O)c3ccccc3N2)c(O)c2ccccc2n1Cc1cccnc1,316.0,-8.9,5.701,9.19,
CHEMBL202514,O=c1c(C2=NS(=O)(=O)c3ccccc3N2)c(O)c2ccccc2n1Cc1cccnc1,316.0,-8.8,5.085,7.237,
CHEMBL202514,O=c1c(C2=NS(=O)(=O)c3ccccc3N2)c(O)c2ccccc2n1Cc1cccnc1,316.0,-8.8,5.798,9.226,
CHEMBL202514,O=c1c(C2=NS(=O)(=O)c3ccccc3N2)c(O)c2ccccc2n1Cc1cccnc1,316.0,-8.2,5.789,9.574,
CHEMBL202514,O=c1c(C2=NS(=O)(=O)c3ccccc3N2)c(O)c2ccccc2n1Cc1cccnc1,316.0,-8.2,5.413,8.506,
CHEMBL202315,CC(C)CCn1c(=O)c(C2=NS(=O)(=O)c3ccccc3N2)c(O)c2c([N+](=O)[O-])cccc21,338.0,-7.5,0.0,0.0,
CHEMBL202315,CC(C)CCn1c(=O)c(C2=NS(=O)(=O)c3ccccc3N2)c(O)c2c([N+](=O)[O-])cccc21,338.0,-7.3,3.025,8.367,
CHEMBL202315,CC(C)CCn1c(=O)c(C2=NS(=O)(=O)c3ccccc3N2)c(O)c2c([N+](=O)[O-])cccc21,338.0,-7.2,2.706,8.25,
CHEMBL202315,CC(C)CCn1c(=O)c(C2=NS(=O)(=O)c3ccccc3N2)c(O)c2c([N+](=O)[O-])cccc21,338.0,-7.2,3.015,8.51,
CHEMBL202315,CC(C)CCn1c(=O)c(C2=NS(=O)(=O)c3ccccc3N2)c(O)c2c([N+](=O)[O-])cccc21,338.0,-7.0,1.475,2.081,
CHEMBL202315,CC(C)CCn1c(=O)c(C2=NS(=O)(=O)c3ccccc3N2)c(O)c2c([N+](=O)[O-])cccc21,338.0,-6.5,2.68,7.273,
CHEMBL202315,CC(C)CCn1c(=O)c(C2=NS(=O)(=O)c3ccccc3N2)c(O)c2c([N+](=O)[O-])cccc21,338.0,-5.9,5.373,8.812,
CHEMBL202315,CC(C)CCn1c(=O)c(C2=NS(=O)(=O)c3ccccc3N2)c(O)c2c([N+](=O)[O-])cccc21,338.0,-5.4,4.845,8.4,
CHEMBL202315,CC(C)CCn1c(=O)c(C2=NS(=O)(=O)c3ccccc3N2)c(O)c2c([N+](=O)[O-])cccc21,338.0,-5.0,3.066,7.41,
CHEMBL202513,CC(C)CCn1c(=O)c(C2=NS(=O)(=O)c3ccccc3N2)c(O)c2c(F)cccc21,340.0,-9.4,0.0,0.0,
CHEMBL202513,CC(C)CCn1c(=O)c(C2=NS(=O)(=O)c3ccccc3N2)c(O)c2c(F)cccc21,340.0,-8.8,5.972,9.477,
CHEMBL202513,CC(C)CCn1c(=O)c(C2=NS(=O)(=O)c3ccccc3N2)c(O)c2c(F)cccc21,340.0,-8.6,5.955,9.028,
CHEMBL202513,CC(C)CCn1c(=O)c(C2=NS(=O)(=O)c3ccccc3N2)c(O)c2c(F)cccc21,340.0,-8.5,1.969,4.002,
CHEMBL202513,CC(C)CCn1c(=O)c(C2=NS(=O)(=O)c3ccccc3N2)c(O)c2c(F)cccc21,340.0,-8.2,6.152,9.179,
CHEMBL202513,CC(C)CCn1c(=O)c(C2=NS(=O)(=O)c3ccccc3N2)c(O)c2c(F)cccc21,340.0,-8.2,5.448,9.083,
CHEMBL202513,CC(C)CCn1c(=O)c(C2=NS(=O)(=O)c3ccccc3N2)c(O)c2c(F)cccc21,340.0,-8.1,6.018,9.005,
CHEMBL202513,CC(C)CCn1c(=O)c(C2=NS(=O)(=O)c3ccccc3N2)c(O)c2c(F)cccc21,340.0,-8.1,5.619,8.137,
CHEMBL202513,CC(C)CCn1c(=O)c(C2=NS(=O)(=O)c3ccccc3N2)c(O)c2c(F)cccc21,340.0,-8.0,5.962,8.61,
CHEMBL4633554,C/C(=C/c1cc(-c2ccc(OCc3cc(CN4CCC(O)CC4=O)ccc3-c3ccc(C#N)cc3)cc2)n(C2CCCCC2)n1)C(=O)O,340.0,-10.1,0.0,0.0,
CHEMBL4633554,C/C(=C/c1cc(-c2ccc(OCc3cc(CN4CCC(O)CC4=O)ccc3-c3ccc(C#N)cc3)cc2)n(C2CCCCC2)n1)C(=O)O,340.0,-9.7,2.778,7.82,
CHEMBL4633554,C/C(=C/c1cc(-c2ccc(OCc3cc(CN4CCC(O)CC4=O)ccc3-c3ccc(C#N)cc3)cc2)n(C2CCCCC2)n1)C(=O)O,340.0,-9.5,2.636,5.503,
CHEMBL4633554,C/C(=C/c1cc(-c2ccc(OCc3cc(CN4CCC(O)CC4=O)ccc3-c3ccc(C#N)cc3)cc2)n(C2CCCCC2)n1)C(=O)O,340.0,-9.4,2.92,7.787,
CHEMBL4633554,C/C(=C/c1cc(-c2ccc(OCc3cc(CN4CCC(O)CC4=O)ccc3-c3ccc(C#N)cc3)cc2)n(C2CCCCC2)n1)C(=O)O,340.0,-9.4,1.493,7.754,
CHEMBL4633554,C/C(=C/c1cc(-c2ccc(OCc3cc(CN4CCC(O)CC4=O)ccc3-c3ccc(C#N)cc3)cc2)n(C2CCCCC2)n1)C(=O)O,340.0,-9.1,2.667,5.227,
CHEMBL4633554,C/C(=C/c1cc(-c2ccc(OCc3cc(CN4CCC(O)CC4=O)ccc3-c3ccc(C#N)cc3)cc2)n(C2CCCCC2)n1)C(=O)O,340.0,-9.1,1.7,3.11,
CHEMBL4633554,C/C(=C/c1cc(-c2ccc(OCc3cc(CN4CCC(O)CC4=O)ccc3-c3ccc(C#N)cc3)cc2)n(C2CCCCC2)n1)C(=O)O,340.0,-8.9,2.418,3.753,
CHEMBL217625,O=C(O)c1ccc2c(C3CCCCC3)c3n(c2c1)CCN(CCN1CCCCC1)c1ccccc1-3,340.0,-11.3,0.0,0.0,
CHEMBL217625,O=C(O)c1ccc2c(C3CCCCC3)c3n(c2c1)CCN(CCN1CCCCC1)c1ccccc1-3,340.0,-10.7,2.797,6.889,
CHEMBL217625,O=C(O)c1ccc2c(C3CCCCC3)c3n(c2c1)CCN(CCN1CCCCC1)c1ccccc1-3,340.0,-10.7,6.962,9.046,
CHEMBL217625,O=C(O)c1ccc2c(C3CCCCC3)c3n(c2c1)CCN(CCN1CCCCC1)c1ccccc1-3,340.0,-10.5,3.472,6.63,
CHEMBL217625,O=C(O)c1ccc2c(C3CCCCC3)c3n(c2c1)CCN(CCN1CCCCC1)c1ccccc1-3,340.0,-10.2,6.481,9.159,
CHEMBL217625,O=C(O)c1ccc2c(C3CCCCC3)c3n(c2c1)CCN(CCN1CCCCC1)c1ccccc1-3,340.0,-10.1,6.757,8.433,
CHEMBL217625,O=C(O)c1ccc2c(C3CCCCC3)c3n(c2c1)CCN(CCN1CCCCC1)c1ccccc1-3,340.0,-10.1,7.307,10.039,
CHEMBL217625,O=C(O)c1ccc2c(C3CCCCC3)c3n(c2c1)CCN(CCN1CCCCC1)c1ccccc1-3,340.0,-10.0,7.035,10.152,
CHEMBL217625,O=C(O)c1ccc2c(C3CCCCC3)c3n(c2c1)CCN(CCN1CCCCC1)c1ccccc1-3,340.0,-9.9,6.07,8.337,
CHEMBL202539,O=c1c(C2=NS(=O)(=O)c3ccccc3N2)c(O)c2ccccc2n1CC1CCCCC1,367.0,-10.2,0.0,0.0,
CHEMBL202539,O=c1c(C2=NS(=O)(=O)c3ccccc3N2)c(O)c2ccccc2n1CC1CCCCC1,367.0,-9.2,5.475,8.954,
CHEMBL202539,O=c1c(C2=NS(=O)(=O)c3ccccc3N2)c(O)c2ccccc2n1CC1CCCCC1,367.0,-8.7,5.802,9.359,
CHEMBL202539,O=c1c(C2=NS(=O)(=O)c3ccccc3N2)c(O)c2ccccc2n1CC1CCCCC1,367.0,-8.7,5.242,7.273,
CHEMBL202539,O=c1c(C2=NS(=O)(=O)c3ccccc3N2)c(O)c2ccccc2n1CC1CCCCC1,367.0,-7.9,5.454,8.642,
CHEMBL202539,O=c1c(C2=NS(=O)(=O)c3ccccc3N2)c(O)c2ccccc2n1CC1CCCCC1,367.0,-7.7,5.512,7.238,
CHEMBL202539,O=c1c(C2=NS(=O)(=O)c3ccccc3N2)c(O)c2ccccc2n1CC1CCCCC1,367.0,-7.6,5.509,8.651,
CHEMBL202539,O=c1c(C2=NS(=O)(=O)c3ccccc3N2)c(O)c2ccccc2n1CC1CCCCC1,367.0,-7.6,4.469,8.165,
CHEMBL181634,CC(C)C[C@@]1(C(=O)O)C[C@H](C(=O)O)[C@H](c2nccs2)N1C(=O)c1ccc(C(F)(F)F)cc1,400.0,-7.9,0.0,0.0,
CHEMBL181634,CC(C)C[C@@]1(C(=O)O)C[C@H](C(=O)O)[C@H](c2nccs2)N1C(=O)c1ccc(C(F)(F)F)cc1,400.0,-7.8,1.275,1.729,
CHEMBL181634,CC(C)C[C@@]1(C(=O)O)C[C@H](C(=O)O)[C@H](c2nccs2)N1C(=O)c1ccc(C(F)(F)F)cc1,400.0,-7.8,0.117,1.003,
CHEMBL181634,CC(C)C[C@@]1(C(=O)O)C[C@H](C(=O)O)[C@H](c2nccs2)N1C(=O)c1ccc(C(F)(F)F)cc1,400.0,-6.6,4.059,6.84,
CHEMBL378164,CC(C)CCn1c(=O)c(C2=NS(=O)(=O)c3ccccc3N2)c(O)c2cc([N+](=O)[O-])ccc21,455.0,-8.3,0.0,0.0,
CHEMBL378164,CC(C)CCn1c(=O)c(C2=NS(=O)(=O)c3ccccc3N2)c(O)c2cc([N+](=O)[O-])ccc21,455.0,-8.2,2.07,4.518,
CHEMBL378164,CC(C)CCn1c(=O)c(C2=NS(=O)(=O)c3ccccc3N2)c(O)c2cc([N+](=O)[O-])ccc21,455.0,-7.9,2.084,2.679,
CHEMBL378164,CC(C)CCn1c(=O)c(C2=NS(=O)(=O)c3ccccc3N2)c(O)c2cc([N+](=O)[O-])ccc21,455.0,-7.9,3.09,8.843,
CHEMBL378164,CC(C)CCn1c(=O)c(C2=NS(=O)(=O)c3ccccc3N2)c(O)c2cc([N+](=O)[O-])ccc21,455.0,-7.3,2.8,4.968,
CHEMBL378164,CC(C)CCn1c(=O)c(C2=NS(=O)(=O)c3ccccc3N2)c(O)c2cc([N+](=O)[O-])ccc21,455.0,-6.8,5.123,8.358,
CHEMBL378164,CC(C)CCn1c(=O)c(C2=NS(=O)(=O)c3ccccc3N2)c(O)c2cc([N+](=O)[O-])ccc21,455.0,-6.4,3.169,8.781,
CHEMBL378164,CC(C)CCn1c(=O)c(C2=NS(=O)(=O)c3ccccc3N2)c(O)c2cc([N+](=O)[O-])ccc21,455.0,-6.0,3.146,8.858,
CHEMBL378164,CC(C)CCn1c(=O)c(C2=NS(=O)(=O)c3ccccc3N2)c(O)c2cc([N+](=O)[O-])ccc21,455.0,-5.5,3.971,7.378,
CHEMBL381310,O=c1c(C2=NS(=O)(=O)c3ccccc3N2)c(O)c2ccccc2n1CC1CCOC1,484.0,-9.8,0.0,0.0,
CHEMBL381310,O=c1c(C2=NS(=O)(=O)c3ccccc3N2)c(O)c2ccccc2n1CC1CCOC1,484.0,-9.3,5.452,8.899,
CHEMBL381310,O=c1c(C2=NS(=O)(=O)c3ccccc3N2)c(O)c2ccccc2n1CC1CCOC1,484.0,-9.1,5.816,9.198,
CHEMBL381310,O=c1c(C2=NS(=O)(=O)c3ccccc3N2)c(O)c2ccccc2n1CC1CCOC1,484.0,-9.0,5.637,9.489,
CHEMBL381310,O=c1c(C2=NS(=O)(=O)c3ccccc3N2)c(O)c2ccccc2n1CC1CCOC1,484.0,-8.8,5.951,9.313,
CHEMBL381310,O=c1c(C2=NS(=O)(=O)c3ccccc3N2)c(O)c2ccccc2n1CC1CCOC1,484.0,-8.7,4.366,8.921,
CHEMBL381310,O=c1c(C2=NS(=O)(=O)c3ccccc3N2)c(O)c2ccccc2n1CC1CCOC1,484.0,-8.7,4.285,7.378,
CHEMBL381310,O=c1c(C2=NS(=O)(=O)c3ccccc3N2)c(O)c2ccccc2n1CC1CCOC1,484.0,-8.4,5.134,7.383,
CHEMBL381310,O=c1c(C2=NS(=O)(=O)c3ccccc3N2)c(O)c2ccccc2n1CC1CCOC1,484.0,-8.3,5.469,8.554,
CHEMBL182020,Oc1ncnc2nc(-c3ccc(F)cc3)c(-c3ccc(F)cc3)nc12,500.0,-9.4,0.0,0.0,
CHEMBL182020,Oc1ncnc2nc(-c3ccc(F)cc3)c(-c3ccc(F)cc3)nc12,500.0,-9.4,3.117,3.985,
CHEMBL182020,Oc1ncnc2nc(-c3ccc(F)cc3)c(-c3ccc(F)cc3)nc12,500.0,-9.2,2.437,3.931,
CHEMBL182020,Oc1ncnc2nc(-c3ccc(F)cc3)c(-c3ccc(F)cc3)nc12,500.0,-9.1,2.307,4.069,
CHEMBL182020,Oc1ncnc2nc(-c3ccc(F)cc3)c(-c3ccc(F)cc3)nc12,500.0,-9.0,2.07,2.837,
CHEMBL182020,Oc1ncnc2nc(-c3ccc(F)cc3)c(-c3ccc(F)cc3)nc12,500.0,-9.0,2.516,4.584,
CHEMBL182020,Oc1ncnc2nc(-c3ccc(F)cc3)c(-c3ccc(F)cc3)nc12,500.0,-9.0,0.901,3.028,
CHEMBL182020,Oc1ncnc2nc(-c3ccc(F)cc3)c(-c3ccc(F)cc3)nc12,500.0,-8.9,2.364,3.951,
CHEMBL360456,CC(C)C[C@@]1(C(=O)O)C[C@H](C(=O)O)[C@H](C(C)C)N1C(=O)c1ccc(C(F)(F)F)cc1,500.0,-7.7,0.0,0.0,
CHEMBL360456,CC(C)C[C@@]1(C(=O)O)C[C@H](C(=O)O)[C@H](C(C)C)N1C(=O)c1ccc(C(F)(F)F)cc1,500.0,-7.7,0.052,1.395,
CHEMBL360456,CC(C)C[C@@]1(C(=O)O)C[C@H](C(=O)O)[C@H](C(C)C)N1C(=O)c1ccc(C(F)(F)F)cc1,500.0,-7.4,1.265,2.138,
CHEMBL360456,CC(C)C[C@@]1(C(=O)O)C[C@H](C(=O)O)[C@H](C(C)C)N1C(=O)c1ccc(C(F)(F)F)cc1,500.0,-6.9,4.411,7.542,
CHEMBL201140,O=c1c(C2=NS(=O)(=O)c3ccccc3N2)c(O)c2ccccc2n1CC1CCCO1,528.0,-9.8,0.0,0.0,
CHEMBL201140,O=c1c(C2=NS(=O)(=O)c3ccccc3N2)c(O)c2ccccc2n1CC1CCCO1,528.0,-9.0,5.638,8.933,
CHEMBL201140,O=c1c(C2=NS(=O)(=O)c3ccccc3N2)c(O)c2ccccc2n1CC1CCCO1,528.0,-9.0,5.756,9.519,
CHEMBL201140,O=c1c(C2=NS(=O)(=O)c3ccccc3N2)c(O)c2ccccc2n1CC1CCCO1,528.0,-8.8,4.065,8.819,
CHEMBL201140,O=c1c(C2=NS(=O)(=O)c3ccccc3N2)c(O)c2ccccc2n1CC1CCCO1,528.0,-8.7,5.811,9.247,
CHEMBL201140,O=c1c(C2=NS(=O)(=O)c3ccccc3N2)c(O)c2ccccc2n1CC1CCCO1,528.0,-8.6,5.93,9.331,
CHEMBL201140,O=c1c(C2=NS(=O)(=O)c3ccccc3N2)c(O)c2ccccc2n1CC1CCCO1,528.0,-8.5,5.019,7.181,
CHEMBL201140,O=c1c(C2=NS(=O)(=O)c3ccccc3N2)c(O)c2ccccc2n1CC1CCCO1,528.0,-8.4,4.267,7.395,
CHEMBL201140,O=c1c(C2=NS(=O)(=O)c3ccccc3N2)c(O)c2ccccc2n1CC1CCCO1,528.0,-7.7,5.44,8.462,
CHEMBL4642429,O=C(O)/C=C/c1ccc(NC(=O)N(C(=O)c2ccc3c(c2)nc(-c2ccccn2)n3C2CCCCC2)C2CCCC2)cc1,550.0,-9.8,0.0,0.0,
CHEMBL4642429,O=C(O)/C=C/c1ccc(NC(=O)N(C(=O)c2ccc3c(c2)nc(-c2ccccn2)n3C2CCCCC2)C2CCCC2)cc1,550.0,-9.5,1.81,2.96,
CHEMBL4642429,O=C(O)/C=C/c1ccc(NC(=O)N(C(=O)c2ccc3c(c2)nc(-c2ccccn2)n3C2CCCCC2)C2CCCC2)cc1,550.0,-9.4,0.617,2.109,
CHEMBL4642429,O=C(O)/C=C/c1ccc(NC(=O)N(C(=O)c2ccc3c(c2)nc(-c2ccccn2)n3C2CCCCC2)C2CCCC2)cc1,550.0,-8.8,2.6,8.902,
CHEMBL4642429,O=C(O)/C=C/c1ccc(NC(=O)N(C(=O)c2ccc3c(c2)nc(-c2ccccn2)n3C2CCCCC2)C2CCCC2)cc1,550.0,-8.7,2.205,3.932,
CHEMBL4642429,O=C(O)/C=C/c1ccc(NC(=O)N(C(=O)c2ccc3c(c2)nc(-c2ccccn2)n3C2CCCCC2)C2CCCC2)cc1,550.0,-7.1,2.661,9.054,
CHEMBL202581,CC(C)CCn1c(=O)c(C2=NS(=O)(=O)c3ccccc3N2)c(O)c2ccc(F)cc21,554.0,-7.5,0.0,0.0,
CHEMBL202581,CC(C)CCn1c(=O)c(C2=NS(=O)(=O)c3ccccc3N2)c(O)c2ccc(F)cc21,554.0,-7.5,5.573,8.738,
CHEMBL202581,CC(C)CCn1c(=O)c(C2=NS(=O)(=O)c3ccccc3N2)c(O)c2ccc(F)cc21,554.0,-6.4,5.395,8.049,
CHEMBL202581,CC(C)CCn1c(=O)c(C2=NS(=O)(=O)c3ccccc3N2)c(O)c2ccc(F)cc21,554.0,-5.6,4.941,7.795,
CHEMBL202581,CC(C)CCn1c(=O)c(C2=NS(=O)(=O)c3ccccc3N2)c(O)c2ccc(F)cc21,554.0,-5.0,5.832,9.005,
CHEMBL202581,CC(C)CCn1c(=O)c(C2=NS(=O)(=O)c3ccccc3N2)c(O)c2ccc(F)cc21,554.0,-4.7,5.022,7.487,
CHEMBL4639473,O=C(N[C@H](Cc1c[nH]c2ccc(O)cc12)C(=O)O)c1ccc2nc(-c3ccccc3)c(C3CCCCC3)nc2c1,600.0,-11.5,0.0,0.0,
CHEMBL4639473,O=C(N[C@H](Cc1c[nH]c2ccc(O)cc12)C(=O)O)c1ccc2nc(-c3ccccc3)c(C3CCCCC3)nc2c1,600.0,-10.7,1.032,2.183,
CHEMBL4639473,O=C(N[C@H](Cc1c[nH]c2ccc(O)cc12)C(=O)O)c1ccc2nc(-c3ccccc3)c(C3CCCCC3)nc2c1,600.0,-10.6,2.866,6.602,
CHEMBL4639473,O=C(N[C@H](Cc1c[nH]c2ccc(O)cc12)C(=O)O)c1ccc2nc(-c3ccccc3)c(C3CCCCC3)nc2c1,600.0,-10.6,3.455,7.205,
CHEMBL4639473,O=C(N[C@H](Cc1c[nH]c2ccc(O)cc12)C(=O)O)c1ccc2nc(-c3ccccc3)c(C3CCCCC3)nc2c1,600.0,-10.4,2.741,6.846,
CHEMBL4639473,O=C(N[C@H](Cc1c[nH]c2ccc(O)cc12)C(=O)O)c1ccc2nc(-c3ccccc3)c(C3CCCCC3)nc2c1,600.0,-10.3,3.717,7.194,
CHEMBL4639473,O=C(N[C@H](Cc1c[nH]c2ccc(O)cc12)C(=O)O)c1ccc2nc(-c3ccccc3)c(C3CCCCC3)nc2c1,600.0,-10.2,2.704,6.684,
CHEMBL4639473,O=C(N[C@H](Cc1c[nH]c2ccc(O)cc12)C(=O)O)c1ccc2nc(-c3ccccc3)c(C3CCCCC3)nc2c1,600.0,-9.7,2.171,3.757,
CHEMBL180099,CC(C)C[C@@]1(C(=O)O)C[C@H](C(=O)O)[C@H](c2cccs2)N1C(=O)c1cccc(C(F)(F)F)c1,600.0,-8.2,0.0,0.0,
CHEMBL180099,CC(C)C[C@@]1(C(=O)O)C[C@H](C(=O)O)[C@H](c2cccs2)N1C(=O)c1cccc(C(F)(F)F)c1,600.0,-7.1,2.636,4.675,
CHEMBL179389,CC(C)C[C@@]1(C(=O)O)C[C@H](C(=O)O)[C@H](c2cccs2)N1C(=O)c1ccc(Cl)c(Cl)c1,600.0,-7.7,0.0,0.0,
CHEMBL439511,CC(C)(C)C(=O)Cn1c(=O)c(C2=NS(=O)(=O)c3ccccc3N2)c(O)c2cc(F)ccc21,696.0,-8.3,0.0,0.0,
CHEMBL439511,CC(C)(C)C(=O)Cn1c(=O)c(C2=NS(=O)(=O)c3ccccc3N2)c(O)c2cc(F)ccc21,696.0,-8.1,2.2,2.776,
CHEMBL439511,CC(C)(C)C(=O)Cn1c(=O)c(C2=NS(=O)(=O)c3ccccc3N2)c(O)c2cc(F)ccc21,696.0,-7.7,2.911,5.135,
CHEMBL439511,CC(C)(C)C(=O)Cn1c(=O)c(C2=NS(=O)(=O)c3ccccc3N2)c(O)c2cc(F)ccc21,696.0,-7.7,3.584,8.341,
CHEMBL439511,CC(C)(C)C(=O)Cn1c(=O)c(C2=NS(=O)(=O)c3ccccc3N2)c(O)c2cc(F)ccc21,696.0,-7.7,5.083,8.75,
CHEMBL439511,CC(C)(C)C(=O)Cn1c(=O)c(C2=NS(=O)(=O)c3ccccc3N2)c(O)c2cc(F)ccc21,696.0,-7.6,2.404,4.631,
CHEMBL439511,CC(C)(C)C(=O)Cn1c(=O)c(C2=NS(=O)(=O)c3ccccc3N2)c(O)c2cc(F)ccc21,696.0,-7.4,2.757,7.542,
CHEMBL439511,CC(C)(C)C(=O)Cn1c(=O)c(C2=NS(=O)(=O)c3ccccc3N2)c(O)c2cc(F)ccc21,696.0,-7.3,2.762,4.696,
CHEMBL439511,CC(C)(C)C(=O)Cn1c(=O)c(C2=NS(=O)(=O)c3ccccc3N2)c(O)c2cc(F)ccc21,696.0,-6.7,3.523,8.101,
CHEMBL180188,CC(C)C[C@@]1(C(=O)O)C[C@H](C(=O)O)[C@H](c2ccccc2)N1C(=O)c1ccc(C(F)(F)F)cc1,700.0,-8.0,0.0,0.0,
CHEMBL180188,CC(C)C[C@@]1(C(=O)O)C[C@H](C(=O)O)[C@H](c2ccccc2)N1C(=O)c1ccc(C(F)(F)F)cc1,700.0,-7.8,4.392,8.004,
CHEMBL180188,CC(C)C[C@@]1(C(=O)O)C[C@H](C(=O)O)[C@H](c2ccccc2)N1C(=O)c1ccc(C(F)(F)F)cc1,700.0,-7.4,1.763,4.06,
CHEMBL180188,CC(C)C[C@@]1(C(=O)O)C[C@H](C(=O)O)[C@H](c2ccccc2)N1C(=O)c1ccc(C(F)(F)F)cc1,700.0,-6.4,4.576,7.092,
CHEMBL180188,CC(C)C[C@@]1(C(=O)O)C[C@H](C(=O)O)[C@H](c2ccccc2)N1C(=O)c1ccc(C(F)(F)F)cc1,700.0,-6.2,1.471,2.083,
CHEMBL360543,CC(C)C[C@@]1(C(=O)O)C[C@H](C(=O)O)[C@H](c2ccccn2)N1C(=O)c1ccc(C(F)(F)F)cc1,700.0,-7.9,0.0,0.0,
CHEMBL360543,CC(C)C[C@@]1(C(=O)O)C[C@H](C(=O)O)[C@H](c2ccccn2)N1C(=O)c1ccc(C(F)(F)F)cc1,700.0,-7.8,4.414,7.958,
CHEMBL360543,CC(C)C[C@@]1(C(=O)O)C[C@H](C(=O)O)[C@H](c2ccccn2)N1C(=O)c1ccc(C(F)(F)F)cc1,700.0,-7.2,1.888,4.066,
CHEMBL360543,CC(C)C[C@@]1(C(=O)O)C[C@H](C(=O)O)[C@H](c2ccccn2)N1C(=O)c1ccc(C(F)(F)F)cc1,700.0,-7.1,1.472,1.977,
CHEMBL360543,CC(C)C[C@@]1(C(=O)O)C[C@H](C(=O)O)[C@H](c2ccccn2)N1C(=O)c1ccc(C(F)(F)F)cc1,700.0,-6.9,4.587,7.076,
CHEMBL180771,CC(C)C[C@@]1(C(=O)O)C[C@H](C(=O)O)[C@H](c2cccs2)N1C(=O)c1cccc2ccccc12,700.0,-7.4,0.0,0.0,
CHEMBL180771,CC(C)C[C@@]1(C(=O)O)C[C@H](C(=O)O)[C@H](c2cccs2)N1C(=O)c1cccc2ccccc12,700.0,-7.3,1.623,2.562,
CHEMBL180771,CC(C)C[C@@]1(C(=O)O)C[C@H](C(=O)O)[C@H](c2cccs2)N1C(=O)c1cccc2ccccc12,700.0,-6.3,3.116,6.453,
CHEMBL180771,CC(C)C[C@@]1(C(=O)O)C[C@H](C(=O)O)[C@H](c2cccs2)N1C(=O)c1cccc2ccccc12,700.0,-5.8,3.343,6.737,
CHEMBL180771,CC(C)C[C@@]1(C(=O)O)C[C@H](C(=O)O)[C@H](c2cccs2)N1C(=O)c1cccc2ccccc12,700.0,-5.8,3.079,5.795,
CHEMBL427375,N#CCCCCn1c(=O)c(C2=NS(=O)(=O)c3ccccc3N2)c(O)c2ccccc21,750.0,-8.6,0.0,0.0,
CHEMBL427375,N#CCCCCn1c(=O)c(C2=NS(=O)(=O)c3ccccc3N2)c(O)c2ccccc21,750.0,-8.0,1.56,4.084,
CHEMBL427375,N#CCCCCn1c(=O)c(C2=NS(=O)(=O)c3ccccc3N2)c(O)c2ccccc21,750.0,-7.9,5.056,8.979,
CHEMBL427375,N#CCCCCn1c(=O)c(C2=NS(=O)(=O)c3ccccc3N2)c(O)c2ccccc21,750.0,-7.8,5.68,8.584,
CHEMBL427375,N#CCCCCn1c(=O)c(C2=NS(=O)(=O)c3ccccc3N2)c(O)c2ccccc21,750.0,-7.7,4.289,7.236,
CHEMBL427375,N#CCCCCn1c(=O)c(C2=NS(=O)(=O)c3ccccc3N2)c(O)c2ccccc21,750.0,-7.7,5.847,9.034,
CHEMBL427375,N#CCCCCn1c(=O)c(C2=NS(=O)(=O)c3ccccc3N2)c(O)c2ccccc21,750.0,-7.7,5.521,9.295,
CHEMBL427375,N#CCCCCn1c(=O)c(C2=NS(=O)(=O)c3ccccc3N2)c(O)c2ccccc21,750.0,-7.6,5.946,9.113,
CHEMBL427375,N#CCCCCn1c(=O)c(C2=NS(=O)(=O)c3ccccc3N2)c(O)c2ccccc21,750.0,-7.5,5.638,8.48,
CHEMBL202191,N#Cc1ccccc1Cn1c(=O)c(C2=NS(=O)(=O)c3ccccc3N2)c(O)c2ccccc21,780.0,-8.0,0.0,0.0,
CHEMBL202191,N#Cc1ccccc1Cn1c(=O)c(C2=NS(=O)(=O)c3ccccc3N2)c(O)c2ccccc21,780.0,-7.7,3.012,8.422,
CHEMBL202191,N#Cc1ccccc1Cn1c(=O)c(C2=NS(=O)(=O)c3ccccc3N2)c(O)c2ccccc21,780.0,-7.1,2.133,2.621,
CHEMBL202191,N#Cc1ccccc1Cn1c(=O)c(C2=NS(=O)(=O)c3ccccc3N2)c(O)c2ccccc21,780.0,-6.8,4.448,8.601,
CHEMBL202191,N#Cc1ccccc1Cn1c(=O)c(C2=NS(=O)(=O)c3ccccc3N2)c(O)c2ccccc21,780.0,-6.8,2.15,3.098,
CHEMBL202191,N#Cc1ccccc1Cn1c(=O)c(C2=NS(=O)(=O)c3ccccc3N2)c(O)c2ccccc21,780.0,-6.8,2.593,8.11,
CHEMBL202191,N#Cc1ccccc1Cn1c(=O)c(C2=NS(=O)(=O)c3ccccc3N2)c(O)c2ccccc21,780.0,-6.5,2.312,3.212,
CHEMBL202191,N#Cc1ccccc1Cn1c(=O)c(C2=NS(=O)(=O)c3ccccc3N2)c(O)c2ccccc21,780.0,-6.5,1.769,2.06,
CHEMBL202191,N#Cc1ccccc1Cn1c(=O)c(C2=NS(=O)(=O)c3ccccc3N2)c(O)c2ccccc21,780.0,-6.4,2.842,8.015,
CHEMBL179508,CC(C)C[C@@]1(C(=O)O)C[C@H](C(=O)O)[C@H](c2ccco2)N1C(=O)c1ccc(C(F)(F)F)cc1,800.0,-7.9,0.0,0.0,
CHEMBL179508,CC(C)C[C@@]1(C(=O)O)C[C@H](C(=O)O)[C@H](c2ccco2)N1C(=O)c1ccc(C(F)(F)F)cc1,800.0,-6.5,4.052,7.457,
CHEMBL202079,COCCn1c(=O)c(C2=NS(=O)(=O)c3ccccc3N2)c(O)c2ccccc21,819.0,-8.7,0.0,0.0,
CHEMBL202079,COCCn1c(=O)c(C2=NS(=O)(=O)c3ccccc3N2)c(O)c2ccccc21,819.0,-8.3,5.846,8.581,
CHEMBL202079,COCCn1c(=O)c(C2=NS(=O)(=O)c3ccccc3N2)c(O)c2ccccc21,819.0,-8.3,5.754,8.57,
CHEMBL202079,COCCn1c(=O)c(C2=NS(=O)(=O)c3ccccc3N2)c(O)c2ccccc21,819.0,-8.1,1.342,3.373,
CHEMBL202079,COCCn1c(=O)c(C2=NS(=O)(=O)c3ccccc3N2)c(O)c2ccccc21,819.0,-8.1,2.548,7.518,
CHEMBL202079,COCCn1c(=O)c(C2=NS(=O)(=O)c3ccccc3N2)c(O)c2ccccc21,819.0,-7.9,4.82,9.085,
CHEMBL202079,COCCn1c(=O)c(C2=NS(=O)(=O)c3ccccc3N2)c(O)c2ccccc21,819.0,-7.7,5.887,8.741,
CHEMBL202079,COCCn1c(=O)c(C2=NS(=O)(=O)c3ccccc3N2)c(O)c2ccccc21,819.0,-7.7,5.696,8.428,
CHEMBL202079,COCCn1c(=O)c(C2=NS(=O)(=O)c3ccccc3N2)c(O)c2ccccc21,819.0,-7.6,4.37,7.284,
CHEMBL413358,CC(C)C[C@@]1(C(=O)O)C[C@H](C(=O)O)[C@H](c2ccc(Cl)cc2)N1C(=O)c1ccc(C(F)(F)F)cc1,900.0,-8.0,0.0,0.0,
CHEMBL413358,CC(C)C[C@@]1(C(=O)O)C[C@H](C(=O)O)[C@H](c2ccc(Cl)cc2)N1C(=O)c1ccc(C(F)(F)F)cc1,900.0,-7.5,2.547,4.384,
CHEMBL413358,CC(C)C[C@@]1(C(=O)O)C[C@H](C(=O)O)[C@H](c2ccc(Cl)cc2)N1C(=O)c1ccc(C(F)(F)F)cc1,900.0,-5.3,4.684,7.449,
CHEMBL439333,CC(C)CCn1c(=O)c(C2=NS(=O)(=O)c3ccccc3N2)c(O)c2cc(NC(=O)C3CCCC3)ccc21,973.0,-7.4,0.0,0.0,
CHEMBL439333,CC(C)CCn1c(=O)c(C2=NS(=O)(=O)c3ccccc3N2)c(O)c2cc(NC(=O)C3CCCC3)ccc21,973.0,-7.1,1.432,2.096,
CHEMBL181308,Cc1ccc([C@H]2[C@@H](C(=O)O)C[C@@](CC(C)C)(C(=O)O)N2C(=O)c2ccc(C(F)(F)F)cc2)cc1,1000.0,-8.1,0.0,0.0,
CHEMBL181308,Cc1ccc([C@H]2[C@@H](C(=O)O)C[C@@](CC(C)C)(C(=O)O)N2C(=O)c2ccc(C(F)(F)F)cc2)cc1,1000.0,-8.0,4.376,8.176,
CHEMBL181308,Cc1ccc([C@H]2[C@@H](C(=O)O)C[C@@](CC(C)C)(C(=O)O)N2C(=O)c2ccc(C(F)(F)F)cc2)cc1,1000.0,-7.5,4.126,7.53,
CHEMBL181308,Cc1ccc([C@H]2[C@@H](C(=O)O)C[C@@](CC(C)C)(C(=O)O)N2C(=O)c2ccc(C(F)(F)F)cc2)cc1,1000.0,-6.3,0.98,1.942,
CHEMBL202407,CC(C)CCn1c(=O)c(C2=NS(=O)(=O)c3ccccc3N2)c(O)c2cc(C(=O)O)ccc21,1035.0,-7.9,0.0,0.0,
CHEMBL202407,CC(C)CCn1c(=O)c(C2=NS(=O)(=O)c3ccccc3N2)c(O)c2cc(C(=O)O)ccc21,1035.0,-7.7,1.962,4.482,
CHEMBL202407,CC(C)CCn1c(=O)c(C2=NS(=O)(=O)c3ccccc3N2)c(O)c2cc(C(=O)O)ccc21,1035.0,-7.7,2.707,7.942,
CHEMBL202407,CC(C)CCn1c(=O)c(C2=NS(=O)(=O)c3ccccc3N2)c(O)c2cc(C(=O)O)ccc21,1035.0,-7.6,1.627,2.397,
CHEMBL202407,CC(C)CCn1c(=O)c(C2=NS(=O)(=O)c3ccccc3N2)c(O)c2cc(C(=O)O)ccc21,1035.0,-7.5,1.963,2.444,
CHEMBL202407,CC(C)CCn1c(=O)c(C2=NS(=O)(=O)c3ccccc3N2)c(O)c2cc(C(=O)O)ccc21,1035.0,-7.4,2.466,5.424,
CHEMBL202407,CC(C)CCn1c(=O)c(C2=NS(=O)(=O)c3ccccc3N2)c(O)c2cc(C(=O)O)ccc21,1035.0,-7.1,2.367,4.998,
CHEMBL202407,CC(C)CCn1c(=O)c(C2=NS(=O)(=O)c3ccccc3N2)c(O)c2cc(C(=O)O)ccc21,1035.0,-6.6,5.049,8.808,
CHEMBL202407,CC(C)CCn1c(=O)c(C2=NS(=O)(=O)c3ccccc3N2)c(O)c2cc(C(=O)O)ccc21,1035.0,-6.5,2.956,8.479,
CHEMBL201927,O=c1c(C2=NS(=O)(=O)c3ccccc3N2)c(O)c2ccccc2n1CCCCO,1301.0,-9.1,0.0,0.0,
CHEMBL201927,O=c1c(C2=NS(=O)(=O)c3ccccc3N2)c(O)c2ccccc2n1CCCCO,1301.0,-8.9,1.552,3.539,
CHEMBL201927,O=c1c(C2=NS(=O)(=O)c3ccccc3N2)c(O)c2ccccc2n1CCCCO,1301.0,-8.1,5.617,8.751,
CHEMBL201927,O=c1c(C2=NS(=O)(=O)c3ccccc3N2)c(O)c2ccccc2n1CCCCO,1301.0,-8.1,5.751,8.991,
CHEMBL201927,O=c1c(C2=NS(=O)(=O)c3ccccc3N2)c(O)c2ccccc2n1CCCCO,1301.0,-7.9,5.754,8.691,
CHEMBL201927,O=c1c(C2=NS(=O)(=O)c3ccccc3N2)c(O)c2ccccc2n1CCCCO,1301.0,-7.9,6.361,9.37,
CHEMBL201927,O=c1c(C2=NS(=O)(=O)c3ccccc3N2)c(O)c2ccccc2n1CCCCO,1301.0,-7.8,5.825,8.813,
CHEMBL201927,O=c1c(C2=NS(=O)(=O)c3ccccc3N2)c(O)c2ccccc2n1CCCCO,1301.0,-7.7,1.847,2.548,
CHEMBL201927,O=c1c(C2=NS(=O)(=O)c3ccccc3N2)c(O)c2ccccc2n1CCCCO,1301.0,-7.4,5.592,8.394,
CHEMBL202250,CCCn1c(=O)c(C2=NS(=O)(=O)c3ccccc3N2)c(O)c2ccccc21,1550.0,-8.4,0.0,0.0,
CHEMBL202250,CCCn1c(=O)c(C2=NS(=O)(=O)c3ccccc3N2)c(O)c2ccccc21,1550.0,-8.0,2.697,7.523,
CHEMBL202250,CCCn1c(=O)c(C2=NS(=O)(=O)c3ccccc3N2)c(O)c2ccccc21,1550.0,-7.8,1.925,2.278,
CHEMBL202250,CCCn1c(=O)c(C2=NS(=O)(=O)c3ccccc3N2)c(O)c2ccccc21,1550.0,-7.4,2.668,8.075,
CHEMBL202250,CCCn1c(=O)c(C2=NS(=O)(=O)c3ccccc3N2)c(O)c2ccccc21,1550.0,-7.1,6.215,9.412,
CHEMBL202250,CCCn1c(=O)c(C2=NS(=O)(=O)c3ccccc3N2)c(O)c2ccccc21,1550.0,-7.1,6.069,8.8,
CHEMBL202250,CCCn1c(=O)c(C2=NS(=O)(=O)c3ccccc3N2)c(O)c2ccccc21,1550.0,-6.9,5.695,8.491,
CHEMBL202250,CCCn1c(=O)c(C2=NS(=O)(=O)c3ccccc3N2)c(O)c2ccccc21,1550.0,-6.9,5.945,8.185,
CHEMBL202250,CCCn1c(=O)c(C2=NS(=O)(=O)c3ccccc3N2)c(O)c2ccccc21,1550.0,-6.8,4.859,8.043,
CHEMBL175177,O=C(O)c1ccc2c(c1)nc(-c1ccoc1)n2C1CCCCC1,1600.0,-7.9,0.0,0.0,
CHEMBL175177,O=C(O)c1ccc2c(c1)nc(-c1ccoc1)n2C1CCCCC1,1600.0,-7.6,1.574,3.892,
CHEMBL175177,O=C(O)c1ccc2c(c1)nc(-c1ccoc1)n2C1CCCCC1,1600.0,-7.6,4.804,7.351,
CHEMBL175177,O=C(O)c1ccc2c(c1)nc(-c1ccoc1)n2C1CCCCC1,1600.0,-7.3,4.955,6.629,
CHEMBL175177,O=C(O)c1ccc2c(c1)nc(-c1ccoc1)n2C1CCCCC1,1600.0,-7.2,4.467,6.947,
CHEMBL175177,O=C(O)c1ccc2c(c1)nc(-c1ccoc1)n2C1CCCCC1,1600.0,-7.1,4.905,6.638,
CHEMBL175177,O=C(O)c1ccc2c(c1)nc(-c1ccoc1)n2C1CCCCC1,1600.0,-7.1,3.609,6.899,
CHEMBL175177,O=C(O)c1ccc2c(c1)nc(-c1ccoc1)n2C1CCCCC1,1600.0,-6.8,4.865,7.59,
CHEMBL175177,O=C(O)c1ccc2c(c1)nc(-c1ccoc1)n2C1CCCCC1,1600.0,-6.6,5.606,7.619,
CHEMBL361429,CC(C)C[C@@]1(C(=O)O)C[C@H](C(=O)O)[C@H](c2cccs2)N1C(=O)c1ccc(Cl)cc1,1700.0,-7.6,0.0,0.0,
CHEMBL361429,CC(C)C[C@@]1(C(=O)O)C[C@H](C(=O)O)[C@H](c2cccs2)N1C(=O)c1ccc(Cl)cc1,1700.0,-6.9,2.147,4.422,
CHEMBL361429,CC(C)C[C@@]1(C(=O)O)C[C@H](C(=O)O)[C@H](c2cccs2)N1C(=O)c1ccc(Cl)cc1,1700.0,-6.4,2.616,4.928,
CHEMBL361429,CC(C)C[C@@]1(C(=O)O)C[C@H](C(=O)O)[C@H](c2cccs2)N1C(=O)c1ccc(Cl)cc1,1700.0,-5.7,2.996,5.152,
CHEMBL425757,COCCOc1ccc2c(c1)c(O)c(C1=NS(=O)(=O)c3ccccc3N1)c(=O)n2CCC(C)C,1741.0,-7.2,0.0,0.0,
CHEMBL425757,COCCOc1ccc2c(c1)c(O)c(C1=NS(=O)(=O)c3ccccc3N1)c(=O)n2CCC(C)C,1741.0,-7.0,3.966,8.764,
CHEMBL425757,COCCOc1ccc2c(c1)c(O)c(C1=NS(=O)(=O)c3ccccc3N1)c(=O)n2CCC(C)C,1741.0,-6.6,3.05,8.591,
CHEMBL425757,COCCOc1ccc2c(c1)c(O)c(C1=NS(=O)(=O)c3ccccc3N1)c(=O)n2CCC(C)C,1741.0,-6.4,1.531,2.123,
CHEMBL425757,COCCOc1ccc2c(c1)c(O)c(C1=NS(=O)(=O)c3ccccc3N1)c(=O)n2CCC(C)C,1741.0,-6.0,3.127,8.975,
CHEMBL425757,COCCOc1ccc2c(c1)c(O)c(C1=NS(=O)(=O)c3ccccc3N1)c(=O)n2CCC(C)C,1741.0,-6.0,3.945,8.362,
CHEMBL425757,COCCOc1ccc2c(c1)c(O)c(C1=NS(=O)(=O)c3ccccc3N1)c(=O)n2CCC(C)C,1741.0,-5.3,3.575,8.155,
CHEMBL425757,COCCOc1ccc2c(c1)c(O)c(C1=NS(=O)(=O)c3ccccc3N1)c(=O)n2CCC(C)C,1741.0,-5.2,3.755,7.892,
CHEMBL425757,COCCOc1ccc2c(c1)c(O)c(C1=NS(=O)(=O)c3ccccc3N1)c(=O)n2CCC(C)C,1741.0,-4.7,4.579,8.948,
CHEMBL360800,O=C(O)[C@H]1C[C@@](Cc2ccccc2)(C(=O)O)N(C(=O)c2ccc(C(F)(F)F)cc2)[C@H]1c1ccccc1,1900.0,-8.0,0.0,0.0,
CHEMBL360800,O=C(O)[C@H]1C[C@@](Cc2ccccc2)(C(=O)O)N(C(=O)c2ccc(C(F)(F)F)cc2)[C@H]1c1ccccc1,1900.0,-6.1,2.36,5.505,
CHEMBL360800,O=C(O)[C@H]1C[C@@](Cc2ccccc2)(C(=O)O)N(C(=O)c2ccc(C(F)(F)F)cc2)[C@H]1c1ccccc1,1900.0,-5.5,4.732,8.521,
CHEMBL360800,O=C(O)[C@H]1C[C@@](Cc2ccccc2)(C(=O)O)N(C(=O)c2ccc(C(F)(F)F)cc2)[C@H]1c1ccccc1,1900.0,-5.0,1.333,2.157,
CHEMBL202606,CCOC(=O)n1c(=O)c(C2=NS(=O)(=O)c3ccccc3N2)c(O)c2ccccc21,2036.0,-7.5,0.0,0.0,
CHEMBL202606,CCOC(=O)n1c(=O)c(C2=NS(=O)(=O)c3ccccc3N2)c(O)c2ccccc21,2036.0,-7.5,2.754,8.05,
CHEMBL202606,CCOC(=O)n1c(=O)c(C2=NS(=O)(=O)c3ccccc3N2)c(O)c2ccccc21,2036.0,-7.5,5.823,8.674,
CHEMBL202606,CCOC(=O)n1c(=O)c(C2=NS(=O)(=O)c3ccccc3N2)c(O)c2ccccc21,2036.0,-7.3,3.092,5.628,
CHEMBL202606,CCOC(=O)n1c(=O)c(C2=NS(=O)(=O)c3ccccc3N2)c(O)c2ccccc21,2036.0,-7.3,2.623,8.099,
CHEMBL202606,CCOC(=O)n1c(=O)c(C2=NS(=O)(=O)c3ccccc3N2)c(O)c2ccccc21,2036.0,-7.1,1.638,2.308,
CHEMBL202606,CCOC(=O)n1c(=O)c(C2=NS(=O)(=O)c3ccccc3N2)c(O)c2ccccc21,2036.0,-6.8,2.853,4.918,
CHEMBL202606,CCOC(=O)n1c(=O)c(C2=NS(=O)(=O)c3ccccc3N2)c(O)c2ccccc21,2036.0,-6.7,2.477,3.536,
CHEMBL202606,CCOC(=O)n1c(=O)c(C2=NS(=O)(=O)c3ccccc3N2)c(O)c2ccccc21,2036.0,-6.6,2.416,8.293,
CHEMBL201305,CCn1c(=O)c(C2=NS(=O)(=O)c3ccccc3N2)c(O)c2ccccc21,2220.0,-8.5,0.0,0.0,
CHEMBL201305,CCn1c(=O)c(C2=NS(=O)(=O)c3ccccc3N2)c(O)c2ccccc21,2220.0,-8.1,1.883,2.148,
CHEMBL201305,CCn1c(=O)c(C2=NS(=O)(=O)c3ccccc3N2)c(O)c2ccccc21,2220.0,-7.9,2.582,7.442,
CHEMBL201305,CCn1c(=O)c(C2=NS(=O)(=O)c3ccccc3N2)c(O)c2ccccc21,2220.0,-7.5,2.624,7.914,
CHEMBL201305,CCn1c(=O)c(C2=NS(=O)(=O)c3ccccc3N2)c(O)c2ccccc21,2220.0,-7.5,5.941,8.527,
CHEMBL201305,CCn1c(=O)c(C2=NS(=O)(=O)c3ccccc3N2)c(O)c2ccccc21,2220.0,-7.2,5.959,8.909,
CHEMBL201305,CCn1c(=O)c(C2=NS(=O)(=O)c3ccccc3N2)c(O)c2ccccc21,2220.0,-7.0,5.697,8.401,
CHEMBL201305,CCn1c(=O)c(C2=NS(=O)(=O)c3ccccc3N2)c(O)c2ccccc21,2220.0,-6.9,4.676,8.022,
CHEMBL201305,CCn1c(=O)c(C2=NS(=O)(=O)c3ccccc3N2)c(O)c2ccccc21,2220.0,-6.8,5.563,7.386,
CHEMBL381699,CS(=O)(=O)CCn1c(=O)c(C2=NS(=O)(=O)c3ccccc3N2)c(O)c2ccccc21,2322.0,-7.8,0.0,0.0,
CHEMBL381699,CS(=O)(=O)CCn1c(=O)c(C2=NS(=O)(=O)c3ccccc3N2)c(O)c2ccccc21,2322.0,-7.7,2.247,4.133,
CHEMBL381699,CS(=O)(=O)CCn1c(=O)c(C2=NS(=O)(=O)c3ccccc3N2)c(O)c2ccccc21,2322.0,-7.5,2.697,4.731,
CHEMBL381699,CS(=O)(=O)CCn1c(=O)c(C2=NS(=O)(=O)c3ccccc3N2)c(O)c2ccccc21,2322.0,-7.5,1.906,2.386,
CHEMBL381699,CS(=O)(=O)CCn1c(=O)c(C2=NS(=O)(=O)c3ccccc3N2)c(O)c2ccccc21,2322.0,-7.4,3.202,7.493,
CHEMBL381699,CS(=O)(=O)CCn1c(=O)c(C2=NS(=O)(=O)c3ccccc3N2)c(O)c2ccccc21,2322.0,-7.2,2.155,4.203,
CHEMBL381699,CS(=O)(=O)CCn1c(=O)c(C2=NS(=O)(=O)c3ccccc3N2)c(O)c2ccccc21,2322.0,-7.2,2.592,4.605,
CHEMBL381699,CS(=O)(=O)CCn1c(=O)c(C2=NS(=O)(=O)c3ccccc3N2)c(O)c2ccccc21,2322.0,-7.1,2.867,8.514,
CHEMBL381699,CS(=O)(=O)CCn1c(=O)c(C2=NS(=O)(=O)c3ccccc3N2)c(O)c2ccccc21,2322.0,-7.1,1.977,2.596,
CHEMBL203369,CC(C)CCn1c(=O)c(C2=NS(=O)(=O)c3ccccc3N2C)c(O)c2ccccc21,2429.0,-7.6,0.0,0.0,
CHEMBL203369,CC(C)CCn1c(=O)c(C2=NS(=O)(=O)c3ccccc3N2C)c(O)c2ccccc21,2429.0,-7.2,2.019,4.239,
CHEMBL203369,CC(C)CCn1c(=O)c(C2=NS(=O)(=O)c3ccccc3N2C)c(O)c2ccccc21,2429.0,-7.0,1.913,2.504,
CHEMBL203369,CC(C)CCn1c(=O)c(C2=NS(=O)(=O)c3ccccc3N2C)c(O)c2ccccc21,2429.0,-6.8,2.226,7.857,
CHEMBL203369,CC(C)CCn1c(=O)c(C2=NS(=O)(=O)c3ccccc3N2C)c(O)c2ccccc21,2429.0,-6.7,2.609,7.918,
CHEMBL203369,CC(C)CCn1c(=O)c(C2=NS(=O)(=O)c3ccccc3N2C)c(O)c2ccccc21,2429.0,-6.7,2.733,7.874,
CHEMBL203369,CC(C)CCn1c(=O)c(C2=NS(=O)(=O)c3ccccc3N2C)c(O)c2ccccc21,2429.0,-6.7,2.735,7.931,
CHEMBL203369,CC(C)CCn1c(=O)c(C2=NS(=O)(=O)c3ccccc3N2C)c(O)c2ccccc21,2429.0,-6.6,2.811,8.072,
CHEMBL203369,CC(C)CCn1c(=O)c(C2=NS(=O)(=O)c3ccccc3N2C)c(O)c2ccccc21,2429.0,-6.6,2.892,8.096,
CHEMBL381497,O=c1c(C2=NS(=O)(=O)c3ccccc3N2)c(O)c2ccccc2n1Cc1ccc([N+](=O)[O-])cc1,2442.0,-10.3,0.0,0.0,
CHEMBL381497,O=c1c(C2=NS(=O)(=O)c3ccccc3N2)c(O)c2ccccc2n1Cc1ccc([N+](=O)[O-])cc1,2442.0,-9.5,3.354,9.142,
CHEMBL381497,O=c1c(C2=NS(=O)(=O)c3ccccc3N2)c(O)c2ccccc2n1Cc1ccc([N+](=O)[O-])cc1,2442.0,-9.1,3.321,8.979,
CHEMBL381497,O=c1c(C2=NS(=O)(=O)c3ccccc3N2)c(O)c2ccccc2n1Cc1ccc([N+](=O)[O-])cc1,2442.0,-8.1,3.81,8.754,
CHEMBL381497,O=c1c(C2=NS(=O)(=O)c3ccccc3N2)c(O)c2ccccc2n1Cc1ccc([N+](=O)[O-])cc1,2442.0,-8.0,4.813,9.483,
CHEMBL381497,O=c1c(C2=NS(=O)(=O)c3ccccc3N2)c(O)c2ccccc2n1Cc1ccc([N+](=O)[O-])cc1,2442.0,-7.4,3.005,8.783,
CHEMBL202325,C[S+]([O-])CCn1c(=O)c(C2=NS(=O)(=O)c3ccccc3N2)c(O)c2ccccc21,2537.0,-9.0,0.0,0.0,
CHEMBL202325,C[S+]([O-])CCn1c(=O)c(C2=NS(=O)(=O)c3ccccc3N2)c(O)c2ccccc21,2537.0,-8.6,5.77,8.351,
CHEMBL202325,C[S+]([O-])CCn1c(=O)c(C2=NS(=O)(=O)c3ccccc3N2)c(O)c2ccccc21,2537.0,-8.6,5.99,9.182,
CHEMBL202325,C[S+]([O-])CCn1c(=O)c(C2=NS(=O)(=O)c3ccccc3N2)c(O)c2ccccc21,2537.0,-8.3,1.953,3.745,
CHEMBL202325,C[S+]([O-])CCn1c(=O)c(C2=NS(=O)(=O)c3ccccc3N2)c(O)c2ccccc21,2537.0,-8.2,4.406,7.34,
CHEMBL202325,C[S+]([O-])CCn1c(=O)c(C2=NS(=O)(=O)c3ccccc3N2)c(O)c2ccccc21,2537.0,-8.2,4.986,9.034,
CHEMBL202325,C[S+]([O-])CCn1c(=O)c(C2=NS(=O)(=O)c3ccccc3N2)c(O)c2ccccc21,2537.0,-8.2,6.081,9.319,
CHEMBL202325,C[S+]([O-])CCn1c(=O)c(C2=NS(=O)(=O)c3ccccc3N2)c(O)c2ccccc21,2537.0,-8.1,4.672,9.065,
CHEMBL202325,C[S+]([O-])CCn1c(=O)c(C2=NS(=O)(=O)c3ccccc3N2)c(O)c2ccccc21,2537.0,-8.0,5.78,8.446,
CHEMBL200985,O=c1c(C2=NS(=O)(=O)c3ccccc3N2)c(O)c2ccccc2n1Cc1ccccn1,2694.0,-10.1,0.0,0.0,
CHEMBL200985,O=c1c(C2=NS(=O)(=O)c3ccccc3N2)c(O)c2ccccc2n1Cc1ccccn1,2694.0,-9.3,5.44,8.908,
CHEMBL200985,O=c1c(C2=NS(=O)(=O)c3ccccc3N2)c(O)c2ccccc2n1Cc1ccccn1,2694.0,-9.2,4.297,8.782,
CHEMBL200985,O=c1c(C2=NS(=O)(=O)c3ccccc3N2)c(O)c2ccccc2n1Cc1ccccn1,2694.0,-8.9,4.97,7.228,
CHEMBL200985,O=c1c(C2=NS(=O)(=O)c3ccccc3N2)c(O)c2ccccc2n1Cc1ccccn1,2694.0,-8.8,5.794,9.352,
CHEMBL200985,O=c1c(C2=NS(=O)(=O)c3ccccc3N2)c(O)c2ccccc2n1Cc1ccccn1,2694.0,-8.7,6.046,9.063,
CHEMBL200985,O=c1c(C2=NS(=O)(=O)c3ccccc3N2)c(O)c2ccccc2n1Cc1ccccn1,2694.0,-8.7,4.231,7.42,
CHEMBL200985,O=c1c(C2=NS(=O)(=O)c3ccccc3N2)c(O)c2ccccc2n1Cc1ccccn1,2694.0,-8.1,5.788,9.318,
CHEMBL200985,O=c1c(C2=NS(=O)(=O)c3ccccc3N2)c(O)c2ccccc2n1Cc1ccccn1,2694.0,-7.9,4.975,8.391,
CHEMBL201040,O=c1c(C2=NS(=O)(=O)c3ccccc3N2)c(O)c2ccccc2n1CCCO,2815.0,-8.4,0.0,0.0,
CHEMBL201040,O=c1c(C2=NS(=O)(=O)c3ccccc3N2)c(O)c2ccccc2n1CCCO,2815.0,-8.4,2.41,8.166,
CHEMBL201040,O=c1c(C2=NS(=O)(=O)c3ccccc3N2)c(O)c2ccccc2n1CCCO,2815.0,-8.3,2.595,7.486,
CHEMBL201040,O=c1c(C2=NS(=O)(=O)c3ccccc3N2)c(O)c2ccccc2n1CCCO,2815.0,-8.1,1.848,2.116,
CHEMBL201040,O=c1c(C2=NS(=O)(=O)c3ccccc3N2)c(O)c2ccccc2n1CCCO,2815.0,-8.1,1.474,1.506,
CHEMBL201040,O=c1c(C2=NS(=O)(=O)c3ccccc3N2)c(O)c2ccccc2n1CCCO,2815.0,-7.8,6.811,10.287,
CHEMBL201040,O=c1c(C2=NS(=O)(=O)c3ccccc3N2)c(O)c2ccccc2n1CCCO,2815.0,-7.5,5.66,8.562,
CHEMBL201040,O=c1c(C2=NS(=O)(=O)c3ccccc3N2)c(O)c2ccccc2n1CCCO,2815.0,-7.4,6.027,9.11,
CHEMBL201040,O=c1c(C2=NS(=O)(=O)c3ccccc3N2)c(O)c2ccccc2n1CCCO,2815.0,-7.3,6.166,8.487,
CHEMBL4640738,CCCC1(CC(=O)O)OCCC2c3c(CC)ccc(Cl)c3NC21,3000.0,-9.1,0.0,0.0,
CHEMBL4640738,CCCC1(CC(=O)O)OCCC2c3c(CC)ccc(Cl)c3NC21,3000.0,-9.1,7.342,8.799,
CHEMBL4640738,CCCC1(CC(=O)O)OCCC2c3c(CC)ccc(Cl)c3NC21,3000.0,-8.7,2.135,4.331,
CHEMBL4640738,CCCC1(CC(=O)O)OCCC2c3c(CC)ccc(Cl)c3NC21,3000.0,-8.5,4.465,5.433,
CHEMBL4640738,CCCC1(CC(=O)O)OCCC2c3c(CC)ccc(Cl)c3NC21,3000.0,-8.4,1.681,2.998,
CHEMBL4640738,CCCC1(CC(=O)O)OCCC2c3c(CC)ccc(Cl)c3NC21,3000.0,-8.2,1.745,2.649,
CHEMBL4640738,CCCC1(CC(=O)O)OCCC2c3c(CC)ccc(Cl)c3NC21,3000.0,-8.2,2.436,3.189,
CHEMBL4640738,CCCC1(CC(=O)O)OCCC2c3c(CC)ccc(Cl)c3NC21,3000.0,-8.1,3.463,4.381,
CHEMBL4640738,CCCC1(CC(=O)O)OCCC2c3c(CC)ccc(Cl)c3NC21,3000.0,-8.0,2.392,4.48,
CHEMBL206461,O=C(O)c1ccc2c(c1)nc(-c1ccc(OCc3ccccc3)cc1)n2C1CCCC1,3200.0,-9.9,0.0,0.0,
CHEMBL206461,O=C(O)c1ccc2c(c1)nc(-c1ccc(OCc3ccccc3)cc1)n2C1CCCC1,3200.0,-9.9,4.92,7.174,
CHEMBL206461,O=C(O)c1ccc2c(c1)nc(-c1ccc(OCc3ccccc3)cc1)n2C1CCCC1,3200.0,-9.2,4.681,6.556,
CHEMBL178557,CC(C)C[C@@]1(C(=O)O)C[C@H](C(=O)O)[C@H](c2cccs2)N1C(=O)c1ccc([N+](=O)[O-])cc1,3200.0,-5.8,0.0,0.0,
CHEMBL433580,CCCC[C@@]1(C(=O)O)C[C@H](C(=O)O)[C@H](c2ccccc2)N1C(=O)c1ccc(C(F)(F)F)cc1,3300.0,-7.8,0.0,0.0,
CHEMBL433580,CCCC[C@@]1(C(=O)O)C[C@H](C(=O)O)[C@H](c2ccccc2)N1C(=O)c1ccc(C(F)(F)F)cc1,3300.0,-7.5,1.853,4.088,
CHEMBL433580,CCCC[C@@]1(C(=O)O)C[C@H](C(=O)O)[C@H](c2ccccc2)N1C(=O)c1ccc(C(F)(F)F)cc1,3300.0,-7.5,4.414,7.528,
CHEMBL433580,CCCC[C@@]1(C(=O)O)C[C@H](C(=O)O)[C@H](c2ccccc2)N1C(=O)c1ccc(C(F)(F)F)cc1,3300.0,-6.8,1.875,4.361,
CHEMBL201034,CC(C)CCn1c(=O)c(C2=NS(=O)(=O)c3ccccc3N2)c(O)c2cc(OCc3ccccc3)ccc21,3950.0,-9.2,0.0,0.0,
CHEMBL201034,CC(C)CCn1c(=O)c(C2=NS(=O)(=O)c3ccccc3N2)c(O)c2cc(OCc3ccccc3)ccc21,3950.0,-8.9,3.686,9.078,
CHEMBL201034,CC(C)CCn1c(=O)c(C2=NS(=O)(=O)c3ccccc3N2)c(O)c2cc(OCc3ccccc3)ccc21,3950.0,-8.2,4.765,9.386,
CHEMBL201034,CC(C)CCn1c(=O)c(C2=NS(=O)(=O)c3ccccc3N2)c(O)c2cc(OCc3ccccc3)ccc21,3950.0,-7.9,5.074,8.633,
CHEMBL201034,CC(C)CCn1c(=O)c(C2=NS(=O)(=O)c3ccccc3N2)c(O)c2cc(OCc3ccccc3)ccc21,3950.0,-7.4,4.885,9.604,
CHEMBL201034,CC(C)CCn1c(=O)c(C2=NS(=O)(=O)c3ccccc3N2)c(O)c2cc(OCc3ccccc3)ccc21,3950.0,-7.3,1.627,2.56,
CHEMBL201034,CC(C)CCn1c(=O)c(C2=NS(=O)(=O)c3ccccc3N2)c(O)c2cc(OCc3ccccc3)ccc21,3950.0,-7.1,1.652,2.379,
CHEMBL201034,CC(C)CCn1c(=O)c(C2=NS(=O)(=O)c3ccccc3N2)c(O)c2cc(OCc3ccccc3)ccc21,3950.0,-7.0,5.071,9.938,
CHEMBL201034,CC(C)CCn1c(=O)c(C2=NS(=O)(=O)c3ccccc3N2)c(O)c2cc(OCc3ccccc3)ccc21,3950.0,-6.6,4.849,8.816,
CHEMBL202005,CC(C)CCn1c(=O)c(C2=NS(=O)(=O)c3ccccc3N2)c(O)c2cc(NC(=O)c3ccccc3)ccc21,4235.0,-6.4,0.0,0.0,
CHEMBL202005,CC(C)CCn1c(=O)c(C2=NS(=O)(=O)c3ccccc3N2)c(O)c2cc(NC(=O)c3ccccc3)ccc21,4235.0,-6.1,1.485,2.04,
CHEMBL382159,CC(C)CCn1c(=O)c(C2=NS(=O)(=O)c3ccccc3N2)c(O)c2cc(OCCCC#N)ccc21,4328.0,-7.6,0.0,0.0,
CHEMBL382159,CC(C)CCn1c(=O)c(C2=NS(=O)(=O)c3ccccc3N2)c(O)c2cc(OCCCC#N)ccc21,4328.0,-7.2,3.863,9.192,
CHEMBL382159,CC(C)CCn1c(=O)c(C2=NS(=O)(=O)c3ccccc3N2)c(O)c2cc(OCCCC#N)ccc21,4328.0,-6.6,1.678,2.081,
CHEMBL382159,CC(C)CCn1c(=O)c(C2=NS(=O)(=O)c3ccccc3N2)c(O)c2cc(OCCCC#N)ccc21,4328.0,-6.5,3.165,8.76,
CHEMBL382159,CC(C)CCn1c(=O)c(C2=NS(=O)(=O)c3ccccc3N2)c(O)c2cc(OCCCC#N)ccc21,4328.0,-6.5,1.937,2.679,
CHEMBL382159,CC(C)CCn1c(=O)c(C2=NS(=O)(=O)c3ccccc3N2)c(O)c2cc(OCCCC#N)ccc21,4328.0,-5.9,3.995,8.739,
CHEMBL382159,CC(C)CCn1c(=O)c(C2=NS(=O)(=O)c3ccccc3N2)c(O)c2cc(OCCCC#N)ccc21,4328.0,-5.5,1.779,2.338,
CHEMBL382159,CC(C)CCn1c(=O)c(C2=NS(=O)(=O)c3ccccc3N2)c(O)c2cc(OCCCC#N)ccc21,4328.0,-5.4,3.332,8.342,
CHEMBL382159,CC(C)CCn1c(=O)c(C2=NS(=O)(=O)c3ccccc3N2)c(O)c2cc(OCCCC#N)ccc21,4328.0,-5.3,3.986,8.367,
