Molecule,Smiles,IC50,affinity(kcal/mol),rmsd l.b.,rmsd u.b.,rmsd_from_initial
CHEMBL3902813,O=C(Nc1c(OCc2ccc(Cl)cc2)cccc1C(=O)O)c1ccccc1,50000.0,-9.3,0.0,0.0,
CHEMBL3902813,O=C(Nc1c(OCc2ccc(Cl)cc2)cccc1C(=O)O)c1ccccc1,50000.0,-9.2,3.014,4.434,
CHEMBL3902813,O=C(Nc1c(OCc2ccc(Cl)cc2)cccc1C(=O)O)c1ccccc1,50000.0,-8.9,4.03,6.306,
CHEMBL3902813,O=C(Nc1c(OCc2ccc(Cl)cc2)cccc1C(=O)O)c1ccccc1,50000.0,-8.8,3.391,5.456,
CHEMBL3902813,O=C(Nc1c(OCc2ccc(Cl)cc2)cccc1C(=O)O)c1ccccc1,50000.0,-8.7,1.16,3.592,
CHEMBL3902813,O=C(Nc1c(OCc2ccc(Cl)cc2)cccc1C(=O)O)c1ccccc1,50000.0,-8.7,3.143,4.89,
CHEMBL4638107,COc1ccc2c(c1)[C@H]1[C@@H](CCN1CCN(C)C)CCn1c-2c(C2CCCCC2)c2ccc(C(=O)O)cc21,4.0,-9.3,0.0,0.0,
CHEMBL4638107,COc1ccc2c(c1)[C@H]1[C@@H](CCN1CCN(C)C)CCn1c-2c(C2CCCCC2)c2ccc(C(=O)O)cc21,4.0,-8.9,4.66,6.656,
CHEMBL4638107,COc1ccc2c(c1)[C@H]1[C@@H](CCN1CCN(C)C)CCn1c-2c(C2CCCCC2)c2ccc(C(=O)O)cc21,4.0,-8.4,2.304,4.036,
CHEMBL4638107,COc1ccc2c(c1)[C@H]1[C@@H](CCN1CCN(C)C)CCn1c-2c(C2CCCCC2)c2ccc(C(=O)O)cc21,4.0,-8.3,2.08,4.529,
CHEMBL4638107,COc1ccc2c(c1)[C@H]1[C@@H](CCN1CCN(C)C)CCn1c-2c(C2CCCCC2)c2ccc(C(=O)O)cc21,4.0,-8.0,1.99,3.608,
CHEMBL4638107,COc1ccc2c(c1)[C@H]1[C@@H](CCN1CCN(C)C)CCn1c-2c(C2CCCCC2)c2ccc(C(=O)O)cc21,4.0,-7.9,3.816,6.799,
CHEMBL4638107,COc1ccc2c(c1)[C@H]1[C@@H](CCN1CCN(C)C)CCn1c-2c(C2CCCCC2)c2ccc(C(=O)O)cc21,4.0,-7.8,4.442,7.02,
CHEMBL4638107,COc1ccc2c(c1)[C@H]1[C@@H](CCN1CCN(C)C)CCn1c-2c(C2CCCCC2)c2ccc(C(=O)O)cc21,4.0,-7.8,5.281,7.822,
CHEMBL4638107,COc1ccc2c(c1)[C@H]1[C@@H](CCN1CCN(C)C)CCn1c-2c(C2CCCCC2)c2ccc(C(=O)O)cc21,4.0,-7.5,2.479,5.976,
CHEMBL4638630,COc1ccc2c(c1)C=C(c1c(C(=O)C3C4CCCC3COC4)cnn1-c1ccncc1C)Cn1c-2c(C2CCCCC2)c2ccc(C(=O)NS(=O)(=O)C(C)C)cc21,4.3,-8.3,0.0,0.0,
CHEMBL4638630,COc1ccc2c(c1)C=C(c1c(C(=O)C3C4CCCC3COC4)cnn1-c1ccncc1C)Cn1c-2c(C2CCCCC2)c2ccc(C(=O)NS(=O)(=O)C(C)C)cc21,4.3,-7.2,2.404,6.304,
CHEMBL4638630,COc1ccc2c(c1)C=C(c1c(C(=O)C3C4CCCC3COC4)cnn1-c1ccncc1C)Cn1c-2c(C2CCCCC2)c2ccc(C(=O)NS(=O)(=O)C(C)C)cc21,4.3,-6.8,1.469,3.262,
CHEMBL4638630,COc1ccc2c(c1)C=C(c1c(C(=O)C3C4CCCC3COC4)cnn1-c1ccncc1C)Cn1c-2c(C2CCCCC2)c2ccc(C(=O)NS(=O)(=O)C(C)C)cc21,4.3,-6.6,2.19,4.87,
CHEMBL4638630,COc1ccc2c(c1)C=C(c1c(C(=O)C3C4CCCC3COC4)cnn1-c1ccncc1C)Cn1c-2c(C2CCCCC2)c2ccc(C(=O)NS(=O)(=O)C(C)C)cc21,4.3,-5.5,2.346,5.559,
CHEMBL4638630,COc1ccc2c(c1)C=C(c1c(C(=O)C3C4CCCC3COC4)cnn1-c1ccncc1C)Cn1c-2c(C2CCCCC2)c2ccc(C(=O)NS(=O)(=O)C(C)C)cc21,4.3,-5.5,2.301,5.212,
CHEMBL4646449,Cc1ccc2c(-c3ccc[nH]c3=O)c(C(=O)NS(=O)(=O)C3CC3)n(Cc3cc(F)ccc3F)c2c1,5.0,-8.0,0.0,0.0,
CHEMBL4646449,Cc1ccc2c(-c3ccc[nH]c3=O)c(C(=O)NS(=O)(=O)C3CC3)n(Cc3cc(F)ccc3F)c2c1,5.0,-7.5,0.723,1.525,
CHEMBL4646449,Cc1ccc2c(-c3ccc[nH]c3=O)c(C(=O)NS(=O)(=O)C3CC3)n(Cc3cc(F)ccc3F)c2c1,5.0,-7.3,2.553,5.995,
CHEMBL4646449,Cc1ccc2c(-c3ccc[nH]c3=O)c(C(=O)NS(=O)(=O)C3CC3)n(Cc3cc(F)ccc3F)c2c1,5.0,-7.2,2.989,6.553,
CHEMBL4646449,Cc1ccc2c(-c3ccc[nH]c3=O)c(C(=O)NS(=O)(=O)C3CC3)n(Cc3cc(F)ccc3F)c2c1,5.0,-6.8,2.903,6.392,
CHEMBL4646449,Cc1ccc2c(-c3ccc[nH]c3=O)c(C(=O)NS(=O)(=O)C3CC3)n(Cc3cc(F)ccc3F)c2c1,5.0,-6.6,1.31,1.6,
CHEMBL4646449,Cc1ccc2c(-c3ccc[nH]c3=O)c(C(=O)NS(=O)(=O)C3CC3)n(Cc3cc(F)ccc3F)c2c1,5.0,-5.1,1.484,1.807,
CHEMBL4635161,CN(C)CCN(C)[C@@H]1Cn2c(c(C3CCCCC3)c3ccc(C(=O)O)cc32)-c2ccccc2O1,6.0,-9.4,0.0,0.0,
CHEMBL4635161,CN(C)CCN(C)[C@@H]1Cn2c(c(C3CCCCC3)c3ccc(C(=O)O)cc32)-c2ccccc2O1,6.0,-9.4,2.142,4.791,
CHEMBL4635161,CN(C)CCN(C)[C@@H]1Cn2c(c(C3CCCCC3)c3ccc(C(=O)O)cc32)-c2ccccc2O1,6.0,-8.8,1.634,5.083,
CHEMBL4635161,CN(C)CCN(C)[C@@H]1Cn2c(c(C3CCCCC3)c3ccc(C(=O)O)cc32)-c2ccccc2O1,6.0,-8.5,4.112,5.793,
CHEMBL4635161,CN(C)CCN(C)[C@@H]1Cn2c(c(C3CCCCC3)c3ccc(C(=O)O)cc32)-c2ccccc2O1,6.0,-8.5,1.509,4.232,
CHEMBL4635161,CN(C)CCN(C)[C@@H]1Cn2c(c(C3CCCCC3)c3ccc(C(=O)O)cc32)-c2ccccc2O1,6.0,-8.5,2.316,5.222,
CHEMBL4635161,CN(C)CCN(C)[C@@H]1Cn2c(c(C3CCCCC3)c3ccc(C(=O)O)cc32)-c2ccccc2O1,6.0,-8.5,1.924,4.76,
CHEMBL4635161,CN(C)CCN(C)[C@@H]1Cn2c(c(C3CCCCC3)c3ccc(C(=O)O)cc32)-c2ccccc2O1,6.0,-8.4,1.991,6.484,
CHEMBL4635161,CN(C)CCN(C)[C@@H]1Cn2c(c(C3CCCCC3)c3ccc(C(=O)O)cc32)-c2ccccc2O1,6.0,-8.4,2.391,4.611,
CHEMBL4633142,CC1COc2cc3c(-c4ccc[nH]c4=O)c(C(=O)NS(C)(=O)=O)n(Cc4cc(F)ccc4F)c3cc21,6.0,-5.5,0.0,0.0,
CHEMBL4633142,CC1COc2cc3c(-c4ccc[nH]c4=O)c(C(=O)NS(C)(=O)=O)n(Cc4cc(F)ccc4F)c3cc21,6.0,-5.5,4.051,8.004,
CHEMBL4633142,CC1COc2cc3c(-c4ccc[nH]c4=O)c(C(=O)NS(C)(=O)=O)n(Cc4cc(F)ccc4F)c3cc21,6.0,-4.9,3.316,6.329,
CHEMBL4633142,CC1COc2cc3c(-c4ccc[nH]c4=O)c(C(=O)NS(C)(=O)=O)n(Cc4cc(F)ccc4F)c3cc21,6.0,-4.8,2.868,6.336,
CHEMBL4633142,CC1COc2cc3c(-c4ccc[nH]c4=O)c(C(=O)NS(C)(=O)=O)n(Cc4cc(F)ccc4F)c3cc21,6.0,-4.1,3.399,6.468,
CHEMBL4633142,CC1COc2cc3c(-c4ccc[nH]c4=O)c(C(=O)NS(C)(=O)=O)n(Cc4cc(F)ccc4F)c3cc21,6.0,-4.0,2.792,5.992,
CHEMBL4633142,CC1COc2cc3c(-c4ccc[nH]c4=O)c(C(=O)NS(C)(=O)=O)n(Cc4cc(F)ccc4F)c3cc21,6.0,-3.9,2.911,5.643,
CHEMBL4633142,CC1COc2cc3c(-c4ccc[nH]c4=O)c(C(=O)NS(C)(=O)=O)n(Cc4cc(F)ccc4F)c3cc21,6.0,-3.5,3.335,6.769,
CHEMBL4633142,CC1COc2cc3c(-c4ccc[nH]c4=O)c(C(=O)NS(C)(=O)=O)n(Cc4cc(F)ccc4F)c3cc21,6.0,-3.1,3.45,6.951,
CHEMBL245328,O=C(O)c1ccc2c(C3CCCCC3)c3n(c2c1)CCOc1cc(OCc2cc(N4CCCC4=O)ccc2N2CCOCC2)ccc1-3,7.2,-11.7,0.0,0.0,
CHEMBL245328,O=C(O)c1ccc2c(C3CCCCC3)c3n(c2c1)CCOc1cc(OCc2cc(N4CCCC4=O)ccc2N2CCOCC2)ccc1-3,7.2,-11.4,0.995,1.291,
CHEMBL245328,O=C(O)c1ccc2c(C3CCCCC3)c3n(c2c1)CCOc1cc(OCc2cc(N4CCCC4=O)ccc2N2CCOCC2)ccc1-3,7.2,-11.0,0.824,2.489,
CHEMBL245328,O=C(O)c1ccc2c(C3CCCCC3)c3n(c2c1)CCOc1cc(OCc2cc(N4CCCC4=O)ccc2N2CCOCC2)ccc1-3,7.2,-10.7,4.286,7.055,
CHEMBL245328,O=C(O)c1ccc2c(C3CCCCC3)c3n(c2c1)CCOc1cc(OCc2cc(N4CCCC4=O)ccc2N2CCOCC2)ccc1-3,7.2,-10.6,1.477,2.814,
CHEMBL245328,O=C(O)c1ccc2c(C3CCCCC3)c3n(c2c1)CCOc1cc(OCc2cc(N4CCCC4=O)ccc2N2CCOCC2)ccc1-3,7.2,-9.9,1.301,4.109,
CHEMBL245328,O=C(O)c1ccc2c(C3CCCCC3)c3n(c2c1)CCOc1cc(OCc2cc(N4CCCC4=O)ccc2N2CCOCC2)ccc1-3,7.2,-9.7,1.343,3.169,
CHEMBL245328,O=C(O)c1ccc2c(C3CCCCC3)c3n(c2c1)CCOc1cc(OCc2cc(N4CCCC4=O)ccc2N2CCOCC2)ccc1-3,7.2,-9.7,4.148,7.222,
CHEMBL2011266,Cc1cc2c(-c3ccc[nH]c3=O)c(C(=O)NS(=O)(=O)C3CC3)n(Cc3cc(F)ccc3F)c2cc1F,8.0,-7.0,0.0,0.0,
CHEMBL2011266,Cc1cc2c(-c3ccc[nH]c3=O)c(C(=O)NS(=O)(=O)C3CC3)n(Cc3cc(F)ccc3F)c2cc1F,8.0,-6.2,3.572,6.523,
CHEMBL2011266,Cc1cc2c(-c3ccc[nH]c3=O)c(C(=O)NS(=O)(=O)C3CC3)n(Cc3cc(F)ccc3F)c2cc1F,8.0,-6.2,2.75,6.093,
CHEMBL2011266,Cc1cc2c(-c3ccc[nH]c3=O)c(C(=O)NS(=O)(=O)C3CC3)n(Cc3cc(F)ccc3F)c2cc1F,8.0,-6.1,4.121,6.564,
CHEMBL2011266,Cc1cc2c(-c3ccc[nH]c3=O)c(C(=O)NS(=O)(=O)C3CC3)n(Cc3cc(F)ccc3F)c2cc1F,8.0,-6.1,3.69,6.656,
CHEMBL2011266,Cc1cc2c(-c3ccc[nH]c3=O)c(C(=O)NS(=O)(=O)C3CC3)n(Cc3cc(F)ccc3F)c2cc1F,8.0,-5.6,2.848,6.14,
CHEMBL2011266,Cc1cc2c(-c3ccc[nH]c3=O)c(C(=O)NS(=O)(=O)C3CC3)n(Cc3cc(F)ccc3F)c2cc1F,8.0,-5.5,4.131,8.28,
CHEMBL372357,O=c1c(C2=Nc3ccccc3S(=O)(=O)N2)c(O)c2cc(F)ccc2n1CCC1CC1,10.0,-7.3,0.0,0.0,
CHEMBL372357,O=c1c(C2=Nc3ccccc3S(=O)(=O)N2)c(O)c2cc(F)ccc2n1CCC1CC1,10.0,-7.2,3.324,7.547,
CHEMBL372357,O=c1c(C2=Nc3ccccc3S(=O)(=O)N2)c(O)c2cc(F)ccc2n1CCC1CC1,10.0,-6.5,1.856,3.671,
CHEMBL372357,O=c1c(C2=Nc3ccccc3S(=O)(=O)N2)c(O)c2cc(F)ccc2n1CCC1CC1,10.0,-6.4,3.573,7.986,
CHEMBL372357,O=c1c(C2=Nc3ccccc3S(=O)(=O)N2)c(O)c2cc(F)ccc2n1CCC1CC1,10.0,-6.4,2.29,4.261,
CHEMBL372357,O=c1c(C2=Nc3ccccc3S(=O)(=O)N2)c(O)c2cc(F)ccc2n1CCC1CC1,10.0,-5.6,5.217,7.507,
CHEMBL372357,O=c1c(C2=Nc3ccccc3S(=O)(=O)N2)c(O)c2cc(F)ccc2n1CCC1CC1,10.0,-5.6,3.343,7.805,
CHEMBL372357,O=c1c(C2=Nc3ccccc3S(=O)(=O)N2)c(O)c2cc(F)ccc2n1CCC1CC1,10.0,-4.9,3.794,8.4,
CHEMBL372357,O=c1c(C2=Nc3ccccc3S(=O)(=O)N2)c(O)c2cc(F)ccc2n1CCC1CC1,10.0,-4.3,2.642,4.687,
CHEMBL372357,O=c1c(C2=Nc3ccccc3S(=O)(=O)N2)c(O)c2cc(F)ccc2n1CCC1CC1,10.0,-5.5,0.0,0.0,
CHEMBL372357,O=c1c(C2=Nc3ccccc3S(=O)(=O)N2)c(O)c2cc(F)ccc2n1CCC1CC1,10.0,-4.5,5.561,8.34,
CHEMBL372357,O=c1c(C2=Nc3ccccc3S(=O)(=O)N2)c(O)c2cc(F)ccc2n1CCC1CC1,10.0,-4.2,1.829,3.725,
CHEMBL372357,O=c1c(C2=Nc3ccccc3S(=O)(=O)N2)c(O)c2cc(F)ccc2n1CCC1CC1,10.0,-4.0,3.66,7.734,
CHEMBL372357,O=c1c(C2=Nc3ccccc3S(=O)(=O)N2)c(O)c2cc(F)ccc2n1CCC1CC1,10.0,-3.8,2.97,4.249,
CHEMBL372357,O=c1c(C2=Nc3ccccc3S(=O)(=O)N2)c(O)c2cc(F)ccc2n1CCC1CC1,10.0,-3.4,2.385,4.369,
CHEMBL372357,O=c1c(C2=Nc3ccccc3S(=O)(=O)N2)c(O)c2cc(F)ccc2n1CCC1CC1,10.0,-3.1,3.566,5.158,
CHEMBL372357,O=c1c(C2=Nc3ccccc3S(=O)(=O)N2)c(O)c2cc(F)ccc2n1CCC1CC1,10.0,-2.7,2.194,3.029,
CHEMBL4638877,Cn1c(-c2ccc(OCc3cc(N4CCCC4=O)ccc3N3CCOCC3)cc2)c(C2CCCCC2)c2sc(C(=O)O)cc21,10.0,-10.5,0.0,0.0,
CHEMBL4638877,Cn1c(-c2ccc(OCc3cc(N4CCCC4=O)ccc3N3CCOCC3)cc2)c(C2CCCCC2)c2sc(C(=O)O)cc21,10.0,-9.9,1.163,2.475,
CHEMBL4638877,Cn1c(-c2ccc(OCc3cc(N4CCCC4=O)ccc3N3CCOCC3)cc2)c(C2CCCCC2)c2sc(C(=O)O)cc21,10.0,-8.5,2.719,8.19,
CHEMBL4638877,Cn1c(-c2ccc(OCc3cc(N4CCCC4=O)ccc3N3CCOCC3)cc2)c(C2CCCCC2)c2sc(C(=O)O)cc21,10.0,-8.2,2.914,8.279,
CHEMBL4643906,Cc1c(C(=O)O)sc2c(C3CCCCC3)c(-c3ccccc3)n(CC(=O)N(C)C3CCN(C(C)C)C3)c12,10.0,-9.1,0.0,0.0,
CHEMBL4643906,Cc1c(C(=O)O)sc2c(C3CCCCC3)c(-c3ccccc3)n(CC(=O)N(C)C3CCN(C(C)C)C3)c12,10.0,-8.5,2.237,4.567,
CHEMBL4643906,Cc1c(C(=O)O)sc2c(C3CCCCC3)c(-c3ccccc3)n(CC(=O)N(C)C3CCN(C(C)C)C3)c12,10.0,-8.3,2.318,4.224,
CHEMBL4643906,Cc1c(C(=O)O)sc2c(C3CCCCC3)c(-c3ccccc3)n(CC(=O)N(C)C3CCN(C(C)C)C3)c12,10.0,-7.8,2.258,4.382,
CHEMBL4643906,Cc1c(C(=O)O)sc2c(C3CCCCC3)c(-c3ccccc3)n(CC(=O)N(C)C3CCN(C(C)C)C3)c12,10.0,-7.6,2.097,5.015,
CHEMBL4643906,Cc1c(C(=O)O)sc2c(C3CCCCC3)c(-c3ccccc3)n(CC(=O)N(C)C3CCN(C(C)C)C3)c12,10.0,-7.6,3.003,5.689,
CHEMBL4643906,Cc1c(C(=O)O)sc2c(C3CCCCC3)c(-c3ccccc3)n(CC(=O)N(C)C3CCN(C(C)C)C3)c12,10.0,-7.4,2.396,6.361,
CHEMBL4643906,Cc1c(C(=O)O)sc2c(C3CCCCC3)c(-c3ccccc3)n(CC(=O)N(C)C3CCN(C(C)C)C3)c12,10.0,-7.4,2.077,5.05,
CHEMBL4643906,Cc1c(C(=O)O)sc2c(C3CCCCC3)c(-c3ccccc3)n(CC(=O)N(C)C3CCN(C(C)C)C3)c12,10.0,-7.2,2.92,6.65,
CHEMBL202319,O=c1c(C2=NS(=O)(=O)c3ccccc3N2)c(O)c2ccccc2n1CCC1CC1,13.0,-7.0,0.0,0.0,
CHEMBL202319,O=c1c(C2=NS(=O)(=O)c3ccccc3N2)c(O)c2ccccc2n1CCC1CC1,13.0,-6.8,4.196,5.966,
CHEMBL202319,O=c1c(C2=NS(=O)(=O)c3ccccc3N2)c(O)c2ccccc2n1CCC1CC1,13.0,-6.4,3.158,7.555,
CHEMBL202319,O=c1c(C2=NS(=O)(=O)c3ccccc3N2)c(O)c2ccccc2n1CCC1CC1,13.0,-6.4,1.441,4.367,
CHEMBL202319,O=c1c(C2=NS(=O)(=O)c3ccccc3N2)c(O)c2ccccc2n1CCC1CC1,13.0,-6.2,6.169,9.383,
CHEMBL202319,O=c1c(C2=NS(=O)(=O)c3ccccc3N2)c(O)c2ccccc2n1CCC1CC1,13.0,-5.9,2.043,4.844,
CHEMBL202319,O=c1c(C2=NS(=O)(=O)c3ccccc3N2)c(O)c2ccccc2n1CCC1CC1,13.0,-5.8,1.397,4.289,
CHEMBL202319,O=c1c(C2=NS(=O)(=O)c3ccccc3N2)c(O)c2ccccc2n1CCC1CC1,13.0,-5.6,1.159,3.992,
CHEMBL202319,O=c1c(C2=NS(=O)(=O)c3ccccc3N2)c(O)c2ccccc2n1CCC1CC1,13.0,-5.6,3.593,5.904,
CHEMBL372357,O=c1c(C2=Nc3ccccc3S(=O)(=O)N2)c(O)c2cc(F)ccc2n1CCC1CC1,13.0,-7.2,0.0,0.0,
CHEMBL372357,O=c1c(C2=Nc3ccccc3S(=O)(=O)N2)c(O)c2cc(F)ccc2n1CCC1CC1,13.0,-6.7,3.606,8.013,
CHEMBL372357,O=c1c(C2=Nc3ccccc3S(=O)(=O)N2)c(O)c2cc(F)ccc2n1CCC1CC1,13.0,-6.5,1.874,3.709,
CHEMBL372357,O=c1c(C2=Nc3ccccc3S(=O)(=O)N2)c(O)c2cc(F)ccc2n1CCC1CC1,13.0,-6.4,3.52,7.801,
CHEMBL372357,O=c1c(C2=Nc3ccccc3S(=O)(=O)N2)c(O)c2cc(F)ccc2n1CCC1CC1,13.0,-6.3,3.548,7.486,
CHEMBL372357,O=c1c(C2=Nc3ccccc3S(=O)(=O)N2)c(O)c2cc(F)ccc2n1CCC1CC1,13.0,-6.2,3.448,8.051,
CHEMBL372357,O=c1c(C2=Nc3ccccc3S(=O)(=O)N2)c(O)c2cc(F)ccc2n1CCC1CC1,13.0,-5.6,5.118,7.408,
CHEMBL372357,O=c1c(C2=Nc3ccccc3S(=O)(=O)N2)c(O)c2cc(F)ccc2n1CCC1CC1,13.0,-4.2,5.002,8.006,
CHEMBL4643189,O=C(O)c1ccc2c(c1)nc(-c1ccc(OCc3ccc(N4CCCC4=O)cc3-c3ccc(Cl)cc3)cc1F)n2C1CCCCC1,17.0,-12.2,0.0,0.0,
CHEMBL4643189,O=C(O)c1ccc2c(c1)nc(-c1ccc(OCc3ccc(N4CCCC4=O)cc3-c3ccc(Cl)cc3)cc1F)n2C1CCCCC1,17.0,-11.7,5.312,7.609,
CHEMBL4643189,O=C(O)c1ccc2c(c1)nc(-c1ccc(OCc3ccc(N4CCCC4=O)cc3-c3ccc(Cl)cc3)cc1F)n2C1CCCCC1,17.0,-11.5,5.332,8.482,
CHEMBL4643189,O=C(O)c1ccc2c(c1)nc(-c1ccc(OCc3ccc(N4CCCC4=O)cc3-c3ccc(Cl)cc3)cc1F)n2C1CCCCC1,17.0,-11.5,1.667,1.874,
CHEMBL4643189,O=C(O)c1ccc2c(c1)nc(-c1ccc(OCc3ccc(N4CCCC4=O)cc3-c3ccc(Cl)cc3)cc1F)n2C1CCCCC1,17.0,-11.4,4.186,6.805,
CHEMBL4643189,O=C(O)c1ccc2c(c1)nc(-c1ccc(OCc3ccc(N4CCCC4=O)cc3-c3ccc(Cl)cc3)cc1F)n2C1CCCCC1,17.0,-11.4,4.468,8.449,
CHEMBL3422107,CC(C)N1CC[C@@H](N2CCn3c(c(C4CCCCC4)c4sc(C(=O)O)cc43)-c3ccccc3C2)C1,19.0,-11.0,0.0,0.0,
CHEMBL3422107,CC(C)N1CC[C@@H](N2CCn3c(c(C4CCCCC4)c4sc(C(=O)O)cc43)-c3ccccc3C2)C1,19.0,-10.4,5.862,7.987,
CHEMBL3422107,CC(C)N1CC[C@@H](N2CCn3c(c(C4CCCCC4)c4sc(C(=O)O)cc43)-c3ccccc3C2)C1,19.0,-9.8,5.508,7.938,
CHEMBL3422107,CC(C)N1CC[C@@H](N2CCn3c(c(C4CCCCC4)c4sc(C(=O)O)cc43)-c3ccccc3C2)C1,19.0,-9.7,6.216,8.891,
CHEMBL3422107,CC(C)N1CC[C@@H](N2CCn3c(c(C4CCCCC4)c4sc(C(=O)O)cc43)-c3ccccc3C2)C1,19.0,-9.7,1.972,3.76,
CHEMBL3422107,CC(C)N1CC[C@@H](N2CCn3c(c(C4CCCCC4)c4sc(C(=O)O)cc43)-c3ccccc3C2)C1,19.0,-9.6,5.499,7.242,
CHEMBL3422107,CC(C)N1CC[C@@H](N2CCn3c(c(C4CCCCC4)c4sc(C(=O)O)cc43)-c3ccccc3C2)C1,19.0,-9.4,4.886,7.387,
CHEMBL3422107,CC(C)N1CC[C@@H](N2CCn3c(c(C4CCCCC4)c4sc(C(=O)O)cc43)-c3ccccc3C2)C1,19.0,-8.8,5.824,8.772,
CHEMBL3422107,CC(C)N1CC[C@@H](N2CCn3c(c(C4CCCCC4)c4sc(C(=O)O)cc43)-c3ccccc3C2)C1,19.0,-8.5,3.064,5.791,
CHEMBL353549,O=C(N[C@@H](Cc1c[nH]c2ccccc12)C(=O)O)c1ccc2c(c1)nc(-c1ccoc1)n2C1CCCCC1,19.0,-9.7,0.0,0.0,
CHEMBL353549,O=C(N[C@@H](Cc1c[nH]c2ccccc12)C(=O)O)c1ccc2c(c1)nc(-c1ccoc1)n2C1CCCCC1,19.0,-9.6,0.859,2.047,
CHEMBL353549,O=C(N[C@@H](Cc1c[nH]c2ccccc12)C(=O)O)c1ccc2c(c1)nc(-c1ccoc1)n2C1CCCCC1,19.0,-9.5,1.863,6.827,
CHEMBL353549,O=C(N[C@@H](Cc1c[nH]c2ccccc12)C(=O)O)c1ccc2c(c1)nc(-c1ccoc1)n2C1CCCCC1,19.0,-9.3,1.987,6.539,
CHEMBL353549,O=C(N[C@@H](Cc1c[nH]c2ccccc12)C(=O)O)c1ccc2c(c1)nc(-c1ccoc1)n2C1CCCCC1,19.0,-8.6,1.947,3.571,
CHEMBL353549,O=C(N[C@@H](Cc1c[nH]c2ccccc12)C(=O)O)c1ccc2c(c1)nc(-c1ccoc1)n2C1CCCCC1,19.0,-8.5,1.822,6.396,
CHEMBL353549,O=C(N[C@@H](Cc1c[nH]c2ccccc12)C(=O)O)c1ccc2c(c1)nc(-c1ccoc1)n2C1CCCCC1,19.0,-8.4,1.964,6.113,
CHEMBL353549,O=C(N[C@@H](Cc1c[nH]c2ccccc12)C(=O)O)c1ccc2c(c1)nc(-c1ccoc1)n2C1CCCCC1,19.0,-8.3,1.725,6.572,
CHEMBL202317,CC(C)CCn1c(=O)c(C2=NS(=O)(=O)c3ccccc3N2)c(O)c2cc(F)ccc21,20.0,-7.6,0.0,0.0,
CHEMBL202317,CC(C)CCn1c(=O)c(C2=NS(=O)(=O)c3ccccc3N2)c(O)c2cc(F)ccc21,20.0,-7.3,2.999,7.349,
CHEMBL202317,CC(C)CCn1c(=O)c(C2=NS(=O)(=O)c3ccccc3N2)c(O)c2cc(F)ccc21,20.0,-6.9,2.404,4.453,
CHEMBL202317,CC(C)CCn1c(=O)c(C2=NS(=O)(=O)c3ccccc3N2)c(O)c2cc(F)ccc21,20.0,-6.3,1.937,3.853,
CHEMBL202317,CC(C)CCn1c(=O)c(C2=NS(=O)(=O)c3ccccc3N2)c(O)c2cc(F)ccc21,20.0,-5.2,5.329,7.75,
CHEMBL202317,CC(C)CCn1c(=O)c(C2=NS(=O)(=O)c3ccccc3N2)c(O)c2cc(F)ccc21,20.0,-5.2,3.329,7.852,
CHEMBL202317,CC(C)CCn1c(=O)c(C2=NS(=O)(=O)c3ccccc3N2)c(O)c2cc(F)ccc21,20.0,-5.0,5.196,8.236,
CHEMBL425221,CC(C)CCn1c(=O)c(C2=NS(=O)(=O)c3ccccc3N2)c(O)c2cc(NCC(=O)O)ccc21,21.0,-7.0,0.0,0.0,
CHEMBL425221,CC(C)CCn1c(=O)c(C2=NS(=O)(=O)c3ccccc3N2)c(O)c2cc(NCC(=O)O)ccc21,21.0,-6.9,2.448,5.504,
CHEMBL425221,CC(C)CCn1c(=O)c(C2=NS(=O)(=O)c3ccccc3N2)c(O)c2cc(NCC(=O)O)ccc21,21.0,-4.9,2.866,8.344,
CHEMBL425221,CC(C)CCn1c(=O)c(C2=NS(=O)(=O)c3ccccc3N2)c(O)c2cc(NCC(=O)O)ccc21,21.0,-4.9,2.621,8.22,
CHEMBL425221,CC(C)CCn1c(=O)c(C2=NS(=O)(=O)c3ccccc3N2)c(O)c2cc(NCC(=O)O)ccc21,21.0,-4.1,3.774,6.085,
CHEMBL202405,CC(C)(C)CCn1c(=O)c(C2=NS(=O)(=O)c3ccccc3N2)c(O)c2ccccc21,21.0,-7.3,0.0,0.0,
CHEMBL202405,CC(C)(C)CCn1c(=O)c(C2=NS(=O)(=O)c3ccccc3N2)c(O)c2ccccc21,21.0,-6.4,3.535,8.297,
CHEMBL202405,CC(C)(C)CCn1c(=O)c(C2=NS(=O)(=O)c3ccccc3N2)c(O)c2ccccc21,21.0,-5.8,3.652,6.015,
CHEMBL202405,CC(C)(C)CCn1c(=O)c(C2=NS(=O)(=O)c3ccccc3N2)c(O)c2ccccc21,21.0,-5.7,5.742,9.306,
CHEMBL202405,CC(C)(C)CCn1c(=O)c(C2=NS(=O)(=O)c3ccccc3N2)c(O)c2ccccc21,21.0,-5.2,3.255,5.597,
CHEMBL202405,CC(C)(C)CCn1c(=O)c(C2=NS(=O)(=O)c3ccccc3N2)c(O)c2ccccc21,21.0,-5.1,3.114,7.772,
CHEMBL202405,CC(C)(C)CCn1c(=O)c(C2=NS(=O)(=O)c3ccccc3N2)c(O)c2ccccc21,21.0,-4.9,4.366,6.75,
CHEMBL379033,COc1ccc2c(c1)c(O)c(C1=NS(=O)(=O)c3ccccc3N1)c(=O)n2CCC(C)C,23.0,-6.7,0.0,0.0,
CHEMBL379033,COc1ccc2c(c1)c(O)c(C1=NS(=O)(=O)c3ccccc3N1)c(=O)n2CCC(C)C,23.0,-6.4,1.971,4.47,
CHEMBL379033,COc1ccc2c(c1)c(O)c(C1=NS(=O)(=O)c3ccccc3N1)c(=O)n2CCC(C)C,23.0,-6.1,2.099,4.335,
CHEMBL379033,COc1ccc2c(c1)c(O)c(C1=NS(=O)(=O)c3ccccc3N1)c(=O)n2CCC(C)C,23.0,-5.7,3.015,8.269,
CHEMBL379033,COc1ccc2c(c1)c(O)c(C1=NS(=O)(=O)c3ccccc3N1)c(=O)n2CCC(C)C,23.0,-5.3,2.853,8.166,
CHEMBL379033,COc1ccc2c(c1)c(O)c(C1=NS(=O)(=O)c3ccccc3N1)c(=O)n2CCC(C)C,23.0,-4.2,2.851,8.126,
CHEMBL379033,COc1ccc2c(c1)c(O)c(C1=NS(=O)(=O)c3ccccc3N1)c(=O)n2CCC(C)C,23.0,-4.0,4.296,7.835,
CHEMBL379033,COc1ccc2c(c1)c(O)c(C1=NS(=O)(=O)c3ccccc3N1)c(=O)n2CCC(C)C,23.0,-3.9,3.052,7.792,
CHEMBL379033,COc1ccc2c(c1)c(O)c(C1=NS(=O)(=O)c3ccccc3N1)c(=O)n2CCC(C)C,23.0,-3.8,2.429,4.857,
CHEMBL380686,CC(C)CCn1c(=O)c(C2=NS(=O)(=O)c3ccccc3N2)c(O)c2cc(OCC(N)=O)ccc21,24.0,-7.2,0.0,0.0,
CHEMBL380686,CC(C)CCn1c(=O)c(C2=NS(=O)(=O)c3ccccc3N2)c(O)c2cc(OCC(N)=O)ccc21,24.0,-7.1,2.788,8.117,
CHEMBL380686,CC(C)CCn1c(=O)c(C2=NS(=O)(=O)c3ccccc3N2)c(O)c2cc(OCC(N)=O)ccc21,24.0,-7.0,2.917,8.603,
CHEMBL380686,CC(C)CCn1c(=O)c(C2=NS(=O)(=O)c3ccccc3N2)c(O)c2cc(OCC(N)=O)ccc21,24.0,-5.7,2.727,8.182,
CHEMBL380686,CC(C)CCn1c(=O)c(C2=NS(=O)(=O)c3ccccc3N2)c(O)c2cc(OCC(N)=O)ccc21,24.0,-5.7,1.531,2.074,
CHEMBL380686,CC(C)CCn1c(=O)c(C2=NS(=O)(=O)c3ccccc3N2)c(O)c2cc(OCC(N)=O)ccc21,24.0,-5.4,1.883,2.467,
CHEMBL380686,CC(C)CCn1c(=O)c(C2=NS(=O)(=O)c3ccccc3N2)c(O)c2cc(OCC(N)=O)ccc21,24.0,-4.5,5.007,9.557,
CHEMBL370203,O=c1c(C2=NS(=O)(=O)c3ccccc3N2)c(O)c2ccccc2n1Cc1ccoc1,27.0,-7.5,0.0,0.0,
CHEMBL370203,O=c1c(C2=NS(=O)(=O)c3ccccc3N2)c(O)c2ccccc2n1Cc1ccoc1,27.0,-6.7,3.083,7.876,
CHEMBL370203,O=c1c(C2=NS(=O)(=O)c3ccccc3N2)c(O)c2ccccc2n1Cc1ccoc1,27.0,-6.7,2.626,7.487,
CHEMBL370203,O=c1c(C2=NS(=O)(=O)c3ccccc3N2)c(O)c2ccccc2n1Cc1ccoc1,27.0,-6.5,1.73,4.452,
CHEMBL370203,O=c1c(C2=NS(=O)(=O)c3ccccc3N2)c(O)c2ccccc2n1Cc1ccoc1,27.0,-6.5,2.606,7.775,
CHEMBL370203,O=c1c(C2=NS(=O)(=O)c3ccccc3N2)c(O)c2ccccc2n1Cc1ccoc1,27.0,-6.4,1.835,4.212,
CHEMBL370203,O=c1c(C2=NS(=O)(=O)c3ccccc3N2)c(O)c2ccccc2n1Cc1ccoc1,27.0,-6.1,4.652,7.202,
CHEMBL370203,O=c1c(C2=NS(=O)(=O)c3ccccc3N2)c(O)c2ccccc2n1Cc1ccoc1,27.0,-5.2,1.867,2.507,
CHEMBL370203,O=c1c(C2=NS(=O)(=O)c3ccccc3N2)c(O)c2ccccc2n1Cc1ccoc1,27.0,-4.6,2.763,8.065,
CHEMBL480816,CN(C)CCN1CCn2c(c(C3CCCCC3)c3ccc(C(=O)O)cc32)-c2ccccc2C1,27.0,-9.8,0.0,0.0,
CHEMBL480816,CN(C)CCN1CCn2c(c(C3CCCCC3)c3ccc(C(=O)O)cc32)-c2ccccc2C1,27.0,-9.4,4.329,6.219,
CHEMBL480816,CN(C)CCN1CCn2c(c(C3CCCCC3)c3ccc(C(=O)O)cc32)-c2ccccc2C1,27.0,-9.0,2.42,5.165,
CHEMBL480816,CN(C)CCN1CCn2c(c(C3CCCCC3)c3ccc(C(=O)O)cc32)-c2ccccc2C1,27.0,-8.8,6.136,8.252,
CHEMBL480816,CN(C)CCN1CCn2c(c(C3CCCCC3)c3ccc(C(=O)O)cc32)-c2ccccc2C1,27.0,-8.6,3.009,5.11,
CHEMBL480816,CN(C)CCN1CCn2c(c(C3CCCCC3)c3ccc(C(=O)O)cc32)-c2ccccc2C1,27.0,-8.0,2.62,4.231,
CHEMBL480816,CN(C)CCN1CCn2c(c(C3CCCCC3)c3ccc(C(=O)O)cc32)-c2ccccc2C1,27.0,-8.0,2.691,5.104,
CHEMBL480816,CN(C)CCN1CCn2c(c(C3CCCCC3)c3ccc(C(=O)O)cc32)-c2ccccc2C1,27.0,-7.8,4.742,6.898,
CHEMBL480816,CN(C)CCN1CCn2c(c(C3CCCCC3)c3ccc(C(=O)O)cc32)-c2ccccc2C1,27.0,-7.6,3.312,5.877,
CHEMBL176058,CC(C)CCn1c(=O)c(C2=NS(=O)(=O)c3ccccc3N2)c(O)c2ccccc21,32.0,-7.3,0.0,0.0,
CHEMBL176058,CC(C)CCn1c(=O)c(C2=NS(=O)(=O)c3ccccc3N2)c(O)c2ccccc21,32.0,-7.0,3.107,7.416,
CHEMBL176058,CC(C)CCn1c(=O)c(C2=NS(=O)(=O)c3ccccc3N2)c(O)c2ccccc21,32.0,-6.1,2.668,7.53,
CHEMBL176058,CC(C)CCn1c(=O)c(C2=NS(=O)(=O)c3ccccc3N2)c(O)c2ccccc21,32.0,-6.0,5.026,7.676,
CHEMBL176058,CC(C)CCn1c(=O)c(C2=NS(=O)(=O)c3ccccc3N2)c(O)c2ccccc21,32.0,-4.9,3.251,8.298,
CHEMBL176058,CC(C)CCn1c(=O)c(C2=NS(=O)(=O)c3ccccc3N2)c(O)c2ccccc21,32.0,-4.9,1.686,2.09,
CHEMBL176058,CC(C)CCn1c(=O)c(C2=NS(=O)(=O)c3ccccc3N2)c(O)c2ccccc21,32.0,-4.6,5.712,8.637,
CHEMBL203426,Nc1ccc2c(c1)c(O)c(C1=NS(=O)(=O)c3ccccc3N1)c(=O)n2CCC1CC1,32.0,-7.3,0.0,0.0,
CHEMBL203426,Nc1ccc2c(c1)c(O)c(C1=NS(=O)(=O)c3ccccc3N1)c(=O)n2CCC1CC1,32.0,-6.5,1.608,3.73,
CHEMBL203426,Nc1ccc2c(c1)c(O)c(C1=NS(=O)(=O)c3ccccc3N1)c(=O)n2CCC1CC1,32.0,-6.5,1.707,4.121,
CHEMBL203426,Nc1ccc2c(c1)c(O)c(C1=NS(=O)(=O)c3ccccc3N1)c(=O)n2CCC1CC1,32.0,-5.8,1.742,3.604,
CHEMBL203426,Nc1ccc2c(c1)c(O)c(C1=NS(=O)(=O)c3ccccc3N1)c(=O)n2CCC1CC1,32.0,-5.0,2.311,4.9,
CHEMBL201558,CC(C)CCn1c(=O)c(C2=NS(=O)(=O)c3ccccc3N2)c(O)c2c(Cl)cccc21,33.0,-6.8,0.0,0.0,
CHEMBL201558,CC(C)CCn1c(=O)c(C2=NS(=O)(=O)c3ccccc3N2)c(O)c2c(Cl)cccc21,33.0,-6.3,2.322,4.375,
CHEMBL201558,CC(C)CCn1c(=O)c(C2=NS(=O)(=O)c3ccccc3N2)c(O)c2c(Cl)cccc21,33.0,-6.0,3.292,8.003,
CHEMBL201558,CC(C)CCn1c(=O)c(C2=NS(=O)(=O)c3ccccc3N2)c(O)c2c(Cl)cccc21,33.0,-5.7,3.45,7.782,
CHEMBL201558,CC(C)CCn1c(=O)c(C2=NS(=O)(=O)c3ccccc3N2)c(O)c2c(Cl)cccc21,33.0,-5.4,1.694,2.155,
CHEMBL201558,CC(C)CCn1c(=O)c(C2=NS(=O)(=O)c3ccccc3N2)c(O)c2c(Cl)cccc21,33.0,-4.7,1.919,3.722,
CHEMBL201558,CC(C)CCn1c(=O)c(C2=NS(=O)(=O)c3ccccc3N2)c(O)c2c(Cl)cccc21,33.0,-4.4,1.878,2.41,
CHEMBL201558,CC(C)CCn1c(=O)c(C2=NS(=O)(=O)c3ccccc3N2)c(O)c2c(Cl)cccc21,33.0,-3.8,3.95,8.192,
CHEMBL201690,CC(C)CCn1c(=O)c(C2=NS(=O)(=O)c3ccccc3N2)c(O)c2cc(OCC#N)ccc21,34.0,-6.8,0.0,0.0,
CHEMBL201690,CC(C)CCn1c(=O)c(C2=NS(=O)(=O)c3ccccc3N2)c(O)c2cc(OCC#N)ccc21,34.0,-6.7,2.893,8.111,
CHEMBL201690,CC(C)CCn1c(=O)c(C2=NS(=O)(=O)c3ccccc3N2)c(O)c2cc(OCC#N)ccc21,34.0,-5.9,1.112,1.599,
CHEMBL201690,CC(C)CCn1c(=O)c(C2=NS(=O)(=O)c3ccccc3N2)c(O)c2cc(OCC#N)ccc21,34.0,-5.1,2.688,7.995,
CHEMBL201690,CC(C)CCn1c(=O)c(C2=NS(=O)(=O)c3ccccc3N2)c(O)c2cc(OCC#N)ccc21,34.0,-4.2,4.106,6.684,
CHEMBL201690,CC(C)CCn1c(=O)c(C2=NS(=O)(=O)c3ccccc3N2)c(O)c2cc(OCC#N)ccc21,34.0,-4.1,3.69,6.056,
CHEMBL201332,O=c1c(C2=NS(=O)(=O)c3ccccc3N2)c(O)c2ccccc2n1Cc1cccc(Br)c1,36.0,-8.6,0.0,0.0,
CHEMBL201332,O=c1c(C2=NS(=O)(=O)c3ccccc3N2)c(O)c2ccccc2n1Cc1cccc(Br)c1,36.0,-7.4,3.619,7.932,
CHEMBL201332,O=c1c(C2=NS(=O)(=O)c3ccccc3N2)c(O)c2ccccc2n1Cc1cccc(Br)c1,36.0,-7.3,3.768,8.034,
CHEMBL201332,O=c1c(C2=NS(=O)(=O)c3ccccc3N2)c(O)c2ccccc2n1Cc1cccc(Br)c1,36.0,-7.3,3.794,8.141,
CHEMBL201332,O=c1c(C2=NS(=O)(=O)c3ccccc3N2)c(O)c2ccccc2n1Cc1cccc(Br)c1,36.0,-6.8,4.879,7.462,
CHEMBL4641917,CS(=O)(=O)Nc1cccc(S(=O)(=O)NC(=O)c2c(-c3ccc[nH]c3=O)c3ccc(Cl)cc3n2Cc2ccnc(N)c2)c1,39.0,-8.4,0.0,0.0,
CHEMBL4641917,CS(=O)(=O)Nc1cccc(S(=O)(=O)NC(=O)c2c(-c3ccc[nH]c3=O)c3ccc(Cl)cc3n2Cc2ccnc(N)c2)c1,39.0,-8.1,1.758,5.553,
CHEMBL203254,CC1CC1Cn1c(=O)c(C2=NS(=O)(=O)c3ccccc3N2)c(O)c2ccccc21,41.0,-7.6,0.0,0.0,
CHEMBL203254,CC1CC1Cn1c(=O)c(C2=NS(=O)(=O)c3ccccc3N2)c(O)c2ccccc21,41.0,-7.0,3.098,7.439,
CHEMBL203254,CC1CC1Cn1c(=O)c(C2=NS(=O)(=O)c3ccccc3N2)c(O)c2ccccc21,41.0,-7.0,2.076,4.633,
CHEMBL203254,CC1CC1Cn1c(=O)c(C2=NS(=O)(=O)c3ccccc3N2)c(O)c2ccccc21,41.0,-6.5,4.985,7.577,
CHEMBL203254,CC1CC1Cn1c(=O)c(C2=NS(=O)(=O)c3ccccc3N2)c(O)c2ccccc21,41.0,-6.5,2.873,7.678,
CHEMBL203254,CC1CC1Cn1c(=O)c(C2=NS(=O)(=O)c3ccccc3N2)c(O)c2ccccc21,41.0,-5.8,5.671,8.669,
CHEMBL203254,CC1CC1Cn1c(=O)c(C2=NS(=O)(=O)c3ccccc3N2)c(O)c2ccccc21,41.0,-5.7,3.242,8.554,
CHEMBL203254,CC1CC1Cn1c(=O)c(C2=NS(=O)(=O)c3ccccc3N2)c(O)c2ccccc21,41.0,-5.0,6.089,8.58,
CHEMBL203254,CC1CC1Cn1c(=O)c(C2=NS(=O)(=O)c3ccccc3N2)c(O)c2ccccc21,41.0,-4.7,5.178,8.653,
CHEMBL390883,CC(=O)N(c1ccc(N2CCOCC2)c(COc2ccc(-c3nc4cc(C(=O)O)ccc4n3C3CCCCC3)c(F)c2)c1)C(C)C,42.0,-6.4,0.0,0.0,
CHEMBL390883,CC(=O)N(c1ccc(N2CCOCC2)c(COc2ccc(-c3nc4cc(C(=O)O)ccc4n3C3CCCCC3)c(F)c2)c1)C(C)C,42.0,-5.8,1.081,4.932,
CHEMBL390883,CC(=O)N(c1ccc(N2CCOCC2)c(COc2ccc(-c3nc4cc(C(=O)O)ccc4n3C3CCCCC3)c(F)c2)c1)C(C)C,42.0,-4.3,1.313,4.759,
CHEMBL201406,CC(C)CCn1c(=O)c(C2=NS(=O)(=O)c3ccccc3N2)c(O)c2cc(Cl)ccc21,43.0,-5.4,0.0,0.0,
CHEMBL201406,CC(C)CCn1c(=O)c(C2=NS(=O)(=O)c3ccccc3N2)c(O)c2cc(Cl)ccc21,43.0,-5.1,3.523,7.873,
CHEMBL201406,CC(C)CCn1c(=O)c(C2=NS(=O)(=O)c3ccccc3N2)c(O)c2cc(Cl)ccc21,43.0,-4.6,4.529,6.622,
CHEMBL201406,CC(C)CCn1c(=O)c(C2=NS(=O)(=O)c3ccccc3N2)c(O)c2cc(Cl)ccc21,43.0,-3.5,3.846,7.29,
CHEMBL201406,CC(C)CCn1c(=O)c(C2=NS(=O)(=O)c3ccccc3N2)c(O)c2cc(Cl)ccc21,43.0,-3.5,4.376,6.027,
CHEMBL201406,CC(C)CCn1c(=O)c(C2=NS(=O)(=O)c3ccccc3N2)c(O)c2cc(Cl)ccc21,43.0,-3.4,4.714,7.992,
CHEMBL201406,CC(C)CCn1c(=O)c(C2=NS(=O)(=O)c3ccccc3N2)c(O)c2cc(Cl)ccc21,43.0,-2.7,1.79,2.085,
CHEMBL202165,CC(CCn1c(=O)c(C2=NS(=O)(=O)c3ccccc3N2)c(O)c2ccccc21)C(F)(F)F,44.0,-7.7,0.0,0.0,
CHEMBL202165,CC(CCn1c(=O)c(C2=NS(=O)(=O)c3ccccc3N2)c(O)c2ccccc21)C(F)(F)F,44.0,-7.5,3.681,7.53,
CHEMBL202165,CC(CCn1c(=O)c(C2=NS(=O)(=O)c3ccccc3N2)c(O)c2ccccc21)C(F)(F)F,44.0,-6.7,1.894,2.451,
CHEMBL202165,CC(CCn1c(=O)c(C2=NS(=O)(=O)c3ccccc3N2)c(O)c2ccccc21)C(F)(F)F,44.0,-6.3,3.53,5.424,
CHEMBL202165,CC(CCn1c(=O)c(C2=NS(=O)(=O)c3ccccc3N2)c(O)c2ccccc21)C(F)(F)F,44.0,-6.2,5.672,9.069,
CHEMBL202165,CC(CCn1c(=O)c(C2=NS(=O)(=O)c3ccccc3N2)c(O)c2ccccc21)C(F)(F)F,44.0,-6.2,3.883,7.988,
CHEMBL202165,CC(CCn1c(=O)c(C2=NS(=O)(=O)c3ccccc3N2)c(O)c2ccccc21)C(F)(F)F,44.0,-5.6,3.844,5.46,
CHEMBL202165,CC(CCn1c(=O)c(C2=NS(=O)(=O)c3ccccc3N2)c(O)c2ccccc21)C(F)(F)F,44.0,-5.3,3.513,7.436,
CHEMBL202165,CC(CCn1c(=O)c(C2=NS(=O)(=O)c3ccccc3N2)c(O)c2ccccc21)C(F)(F)F,44.0,-5.3,2.904,4.802,
CHEMBL201769,Cc1ccc2c(c1)c(O)c(C1=NS(=O)(=O)c3ccccc3N1)c(=O)n2CCC(C)C,47.0,-7.6,0.0,0.0,
CHEMBL201769,Cc1ccc2c(c1)c(O)c(C1=NS(=O)(=O)c3ccccc3N1)c(=O)n2CCC(C)C,47.0,-6.4,2.994,7.67,
CHEMBL201769,Cc1ccc2c(c1)c(O)c(C1=NS(=O)(=O)c3ccccc3N1)c(=O)n2CCC(C)C,47.0,-6.4,2.698,7.944,
CHEMBL201769,Cc1ccc2c(c1)c(O)c(C1=NS(=O)(=O)c3ccccc3N1)c(=O)n2CCC(C)C,47.0,-5.5,2.753,7.855,
CHEMBL201769,Cc1ccc2c(c1)c(O)c(C1=NS(=O)(=O)c3ccccc3N1)c(=O)n2CCC(C)C,47.0,-5.4,2.398,7.921,
CHEMBL201769,Cc1ccc2c(c1)c(O)c(C1=NS(=O)(=O)c3ccccc3N1)c(=O)n2CCC(C)C,47.0,-5.0,2.919,7.548,
CHEMBL201769,Cc1ccc2c(c1)c(O)c(C1=NS(=O)(=O)c3ccccc3N1)c(=O)n2CCC(C)C,47.0,-4.8,5.368,8.563,
CHEMBL201769,Cc1ccc2c(c1)c(O)c(C1=NS(=O)(=O)c3ccccc3N1)c(=O)n2CCC(C)C,47.0,-4.8,2.989,8.662,
CHEMBL201600,CC(C)CCn1c(=O)c(C2=NS(=O)(=O)c3ccccc3N2)c(O)c2c(O)cccc21,47.0,-7.4,0.0,0.0,
CHEMBL201600,CC(C)CCn1c(=O)c(C2=NS(=O)(=O)c3ccccc3N2)c(O)c2c(O)cccc21,47.0,-7.2,3.009,7.442,
CHEMBL201600,CC(C)CCn1c(=O)c(C2=NS(=O)(=O)c3ccccc3N2)c(O)c2c(O)cccc21,47.0,-6.6,2.084,4.355,
CHEMBL201600,CC(C)CCn1c(=O)c(C2=NS(=O)(=O)c3ccccc3N2)c(O)c2c(O)cccc21,47.0,-5.5,5.086,7.749,
CHEMBL201600,CC(C)CCn1c(=O)c(C2=NS(=O)(=O)c3ccccc3N2)c(O)c2c(O)cccc21,47.0,-4.4,5.403,8.136,
CHEMBL202595,CC(C)(C)CCn1c(=O)c(C2=NS(=O)(=O)c3ccccc3N2)c(O)c2cc(NCCO)ccc21,48.0,-6.7,0.0,0.0,
CHEMBL202595,CC(C)(C)CCn1c(=O)c(C2=NS(=O)(=O)c3ccccc3N2)c(O)c2cc(NCCO)ccc21,48.0,-6.6,2.035,5.578,
CHEMBL202595,CC(C)(C)CCn1c(=O)c(C2=NS(=O)(=O)c3ccccc3N2)c(O)c2cc(NCCO)ccc21,48.0,-6.1,1.082,1.692,
CHEMBL201385,O=c1c(C2=NS(=O)(=O)c3ccccc3N2)c(O)c2ccccc2n1CC1CCC1,49.0,-6.8,0.0,0.0,
CHEMBL201385,O=c1c(C2=NS(=O)(=O)c3ccccc3N2)c(O)c2ccccc2n1CC1CCC1,49.0,-6.6,3.987,5.633,
CHEMBL201385,O=c1c(C2=NS(=O)(=O)c3ccccc3N2)c(O)c2ccccc2n1CC1CCC1,49.0,-6.6,5.693,9.41,
CHEMBL201385,O=c1c(C2=NS(=O)(=O)c3ccccc3N2)c(O)c2ccccc2n1CC1CCC1,49.0,-6.4,1.628,4.351,
CHEMBL201385,O=c1c(C2=NS(=O)(=O)c3ccccc3N2)c(O)c2ccccc2n1CC1CCC1,49.0,-6.1,3.921,8.113,
CHEMBL201385,O=c1c(C2=NS(=O)(=O)c3ccccc3N2)c(O)c2ccccc2n1CC1CCC1,49.0,-5.6,2.441,5.155,
CHEMBL201385,O=c1c(C2=NS(=O)(=O)c3ccccc3N2)c(O)c2ccccc2n1CC1CCC1,49.0,-5.0,6.693,10.326,
CHEMBL201385,O=c1c(C2=NS(=O)(=O)c3ccccc3N2)c(O)c2ccccc2n1CC1CCC1,49.0,-4.3,2.833,4.558,
CHEMBL201385,O=c1c(C2=NS(=O)(=O)c3ccccc3N2)c(O)c2ccccc2n1CC1CCC1,49.0,-4.1,6.991,10.365,
CHEMBL372357,O=c1c(C2=Nc3ccccc3S(=O)(=O)N2)c(O)c2cc(F)ccc2n1CCC1CC1,49.0,-7.2,0.0,0.0,
CHEMBL372357,O=c1c(C2=Nc3ccccc3S(=O)(=O)N2)c(O)c2cc(F)ccc2n1CCC1CC1,49.0,-6.4,1.847,3.632,
CHEMBL372357,O=c1c(C2=Nc3ccccc3S(=O)(=O)N2)c(O)c2cc(F)ccc2n1CCC1CC1,49.0,-6.2,3.576,7.507,
CHEMBL372357,O=c1c(C2=Nc3ccccc3S(=O)(=O)N2)c(O)c2cc(F)ccc2n1CCC1CC1,49.0,-6.1,3.484,7.874,
CHEMBL372357,O=c1c(C2=Nc3ccccc3S(=O)(=O)N2)c(O)c2cc(F)ccc2n1CCC1CC1,49.0,-5.5,5.177,7.481,
CHEMBL372357,O=c1c(C2=Nc3ccccc3S(=O)(=O)N2)c(O)c2cc(F)ccc2n1CCC1CC1,49.0,-5.4,1.975,3.617,
CHEMBL372357,O=c1c(C2=Nc3ccccc3S(=O)(=O)N2)c(O)c2cc(F)ccc2n1CCC1CC1,49.0,-4.2,5.049,8.076,
CHEMBL201456,CSCCn1c(=O)c(C2=NS(=O)(=O)c3ccccc3N2)c(O)c2ccccc21,53.0,-7.3,0.0,0.0,
CHEMBL201456,CSCCn1c(=O)c(C2=NS(=O)(=O)c3ccccc3N2)c(O)c2ccccc21,53.0,-7.1,3.378,7.641,
CHEMBL201456,CSCCn1c(=O)c(C2=NS(=O)(=O)c3ccccc3N2)c(O)c2ccccc21,53.0,-7.0,5.709,9.579,
CHEMBL201456,CSCCn1c(=O)c(C2=NS(=O)(=O)c3ccccc3N2)c(O)c2ccccc21,53.0,-6.7,2.752,7.068,
CHEMBL201456,CSCCn1c(=O)c(C2=NS(=O)(=O)c3ccccc3N2)c(O)c2ccccc21,53.0,-6.6,2.069,2.287,
CHEMBL201456,CSCCn1c(=O)c(C2=NS(=O)(=O)c3ccccc3N2)c(O)c2ccccc21,53.0,-6.5,3.779,7.361,
CHEMBL201456,CSCCn1c(=O)c(C2=NS(=O)(=O)c3ccccc3N2)c(O)c2ccccc21,53.0,-6.4,5.157,8.134,
CHEMBL201456,CSCCn1c(=O)c(C2=NS(=O)(=O)c3ccccc3N2)c(O)c2ccccc21,53.0,-5.6,5.54,8.721,
CHEMBL201456,CSCCn1c(=O)c(C2=NS(=O)(=O)c3ccccc3N2)c(O)c2ccccc21,53.0,-5.5,2.333,3.25,
CHEMBL4636786,Nc1cc(Cn2c(C(=O)O)c(-c3ccc[nH]c3=O)c3ccc(Cl)cc32)ccn1,53.0,-7.5,0.0,0.0,
CHEMBL4636786,Nc1cc(Cn2c(C(=O)O)c(-c3ccc[nH]c3=O)c3ccc(Cl)cc32)ccn1,53.0,-7.4,1.159,2.028,
CHEMBL4636786,Nc1cc(Cn2c(C(=O)O)c(-c3ccc[nH]c3=O)c3ccc(Cl)cc32)ccn1,53.0,-7.1,3.299,7.0,
CHEMBL4636786,Nc1cc(Cn2c(C(=O)O)c(-c3ccc[nH]c3=O)c3ccc(Cl)cc32)ccn1,53.0,-6.3,1.089,1.089,
CHEMBL4636786,Nc1cc(Cn2c(C(=O)O)c(-c3ccc[nH]c3=O)c3ccc(Cl)cc32)ccn1,53.0,-6.0,3.705,6.039,
CHEMBL4636786,Nc1cc(Cn2c(C(=O)O)c(-c3ccc[nH]c3=O)c3ccc(Cl)cc32)ccn1,53.0,-6.0,2.266,6.427,
CHEMBL4636786,Nc1cc(Cn2c(C(=O)O)c(-c3ccc[nH]c3=O)c3ccc(Cl)cc32)ccn1,53.0,-5.8,3.394,6.035,
CHEMBL4636786,Nc1cc(Cn2c(C(=O)O)c(-c3ccc[nH]c3=O)c3ccc(Cl)cc32)ccn1,53.0,-5.2,1.811,6.32,
CHEMBL4636786,Nc1cc(Cn2c(C(=O)O)c(-c3ccc[nH]c3=O)c3ccc(Cl)cc32)ccn1,53.0,-5.0,3.76,8.148,
CHEMBL213832,CN(C)C(=O)Cn1c(-c2ccccc2)c(C2CCCCC2)c2sc(C(=O)O)cc21,58.0,-9.0,0.0,0.0,
CHEMBL213832,CN(C)C(=O)Cn1c(-c2ccccc2)c(C2CCCCC2)c2sc(C(=O)O)cc21,58.0,-8.8,2.127,4.079,
CHEMBL213832,CN(C)C(=O)Cn1c(-c2ccccc2)c(C2CCCCC2)c2sc(C(=O)O)cc21,58.0,-8.7,1.398,4.006,
CHEMBL213832,CN(C)C(=O)Cn1c(-c2ccccc2)c(C2CCCCC2)c2sc(C(=O)O)cc21,58.0,-8.7,1.713,3.91,
CHEMBL213832,CN(C)C(=O)Cn1c(-c2ccccc2)c(C2CCCCC2)c2sc(C(=O)O)cc21,58.0,-8.5,2.101,4.074,
CHEMBL213832,CN(C)C(=O)Cn1c(-c2ccccc2)c(C2CCCCC2)c2sc(C(=O)O)cc21,58.0,-8.2,2.242,5.556,
CHEMBL201337,O=c1c(C2=NS(=O)(=O)c3ccccc3N2)c(O)c2ccccc2n1Cc1ccncc1,61.0,-6.9,0.0,0.0,
CHEMBL201337,O=c1c(C2=NS(=O)(=O)c3ccccc3N2)c(O)c2ccccc2n1Cc1ccncc1,61.0,-6.9,1.363,1.716,
CHEMBL201337,O=c1c(C2=NS(=O)(=O)c3ccccc3N2)c(O)c2ccccc2n1Cc1ccncc1,61.0,-6.8,3.784,5.585,
CHEMBL201337,O=c1c(C2=NS(=O)(=O)c3ccccc3N2)c(O)c2ccccc2n1Cc1ccncc1,61.0,-6.4,3.178,8.538,
CHEMBL201337,O=c1c(C2=NS(=O)(=O)c3ccccc3N2)c(O)c2ccccc2n1Cc1ccncc1,61.0,-6.2,4.063,8.114,
CHEMBL201337,O=c1c(C2=NS(=O)(=O)c3ccccc3N2)c(O)c2ccccc2n1Cc1ccncc1,61.0,-6.1,2.927,8.754,
CHEMBL426302,CC(C)CCn1c(=O)c(C2=NS(=O)(=O)c3ccccc3N2)c(O)c2cc(N)ccc21,62.0,-7.6,0.0,0.0,
CHEMBL426302,CC(C)CCn1c(=O)c(C2=NS(=O)(=O)c3ccccc3N2)c(O)c2cc(N)ccc21,62.0,-7.3,3.031,7.388,
CHEMBL426302,CC(C)CCn1c(=O)c(C2=NS(=O)(=O)c3ccccc3N2)c(O)c2cc(N)ccc21,62.0,-6.9,1.862,4.425,
CHEMBL426302,CC(C)CCn1c(=O)c(C2=NS(=O)(=O)c3ccccc3N2)c(O)c2cc(N)ccc21,62.0,-6.5,2.909,7.61,
CHEMBL426302,CC(C)CCn1c(=O)c(C2=NS(=O)(=O)c3ccccc3N2)c(O)c2cc(N)ccc21,62.0,-6.3,2.789,7.984,
CHEMBL426302,CC(C)CCn1c(=O)c(C2=NS(=O)(=O)c3ccccc3N2)c(O)c2cc(N)ccc21,62.0,-6.2,1.61,3.878,
CHEMBL426302,CC(C)CCn1c(=O)c(C2=NS(=O)(=O)c3ccccc3N2)c(O)c2cc(N)ccc21,62.0,-5.9,2.877,7.947,
CHEMBL426302,CC(C)CCn1c(=O)c(C2=NS(=O)(=O)c3ccccc3N2)c(O)c2cc(N)ccc21,62.0,-5.6,3.469,7.424,
CHEMBL426302,CC(C)CCn1c(=O)c(C2=NS(=O)(=O)c3ccccc3N2)c(O)c2cc(N)ccc21,62.0,-5.4,2.279,5.011,
CHEMBL377275,CCC(C)CCn1c(=O)c(C2=NS(=O)(=O)c3ccccc3N2)c(O)c2ccccc21,65.0,-7.5,0.0,0.0,
CHEMBL377275,CCC(C)CCn1c(=O)c(C2=NS(=O)(=O)c3ccccc3N2)c(O)c2ccccc21,65.0,-7.3,2.969,7.771,
CHEMBL377275,CCC(C)CCn1c(=O)c(C2=NS(=O)(=O)c3ccccc3N2)c(O)c2ccccc21,65.0,-6.8,2.044,4.615,
CHEMBL377275,CCC(C)CCn1c(=O)c(C2=NS(=O)(=O)c3ccccc3N2)c(O)c2ccccc21,65.0,-6.2,2.903,7.722,
CHEMBL377275,CCC(C)CCn1c(=O)c(C2=NS(=O)(=O)c3ccccc3N2)c(O)c2ccccc21,65.0,-6.2,4.911,7.687,
CHEMBL377275,CCC(C)CCn1c(=O)c(C2=NS(=O)(=O)c3ccccc3N2)c(O)c2ccccc21,65.0,-6.1,3.005,7.7,
CHEMBL377275,CCC(C)CCn1c(=O)c(C2=NS(=O)(=O)c3ccccc3N2)c(O)c2ccccc21,65.0,-5.7,2.069,4.691,
CHEMBL377275,CCC(C)CCn1c(=O)c(C2=NS(=O)(=O)c3ccccc3N2)c(O)c2ccccc21,65.0,-5.7,1.741,4.06,
CHEMBL377275,CCC(C)CCn1c(=O)c(C2=NS(=O)(=O)c3ccccc3N2)c(O)c2ccccc21,65.0,-5.6,1.376,4.35,
CHEMBL1783101,O=C1Cn2c(c(C3CCCCC3)c3ccc(C(=O)O)cc32)-c2ccccc2N1,70.0,-10.3,0.0,0.0,
CHEMBL1783101,O=C1Cn2c(c(C3CCCCC3)c3ccc(C(=O)O)cc32)-c2ccccc2N1,70.0,-10.0,1.634,3.392,
CHEMBL1783101,O=C1Cn2c(c(C3CCCCC3)c3ccc(C(=O)O)cc32)-c2ccccc2N1,70.0,-9.7,2.419,4.424,
CHEMBL1783101,O=C1Cn2c(c(C3CCCCC3)c3ccc(C(=O)O)cc32)-c2ccccc2N1,70.0,-9.5,3.737,5.23,
CHEMBL1783101,O=C1Cn2c(c(C3CCCCC3)c3ccc(C(=O)O)cc32)-c2ccccc2N1,70.0,-9.4,4.857,6.54,
CHEMBL1783101,O=C1Cn2c(c(C3CCCCC3)c3ccc(C(=O)O)cc32)-c2ccccc2N1,70.0,-9.1,2.683,4.154,
CHEMBL1783101,O=C1Cn2c(c(C3CCCCC3)c3ccc(C(=O)O)cc32)-c2ccccc2N1,70.0,-9.0,1.93,4.69,
CHEMBL1783101,O=C1Cn2c(c(C3CCCCC3)c3ccc(C(=O)O)cc32)-c2ccccc2N1,70.0,-9.0,2.422,5.756,
CHEMBL1783101,O=C1Cn2c(c(C3CCCCC3)c3ccc(C(=O)O)cc32)-c2ccccc2N1,70.0,-8.8,1.84,4.459,
CHEMBL371635,O=c1c(C2=NS(=O)(=O)c3ccccc3N2)c(O)c2ccccc2n1CC1CC1,78.0,-7.1,0.0,0.0,
CHEMBL371635,O=c1c(C2=NS(=O)(=O)c3ccccc3N2)c(O)c2ccccc2n1CC1CC1,78.0,-6.9,2.858,3.867,
CHEMBL371635,O=c1c(C2=NS(=O)(=O)c3ccccc3N2)c(O)c2ccccc2n1CC1CC1,78.0,-6.5,6.198,8.675,
CHEMBL371635,O=c1c(C2=NS(=O)(=O)c3ccccc3N2)c(O)c2ccccc2n1CC1CC1,78.0,-6.5,3.717,5.878,
CHEMBL371635,O=c1c(C2=NS(=O)(=O)c3ccccc3N2)c(O)c2ccccc2n1CC1CC1,78.0,-6.2,2.614,8.134,
CHEMBL371635,O=c1c(C2=NS(=O)(=O)c3ccccc3N2)c(O)c2ccccc2n1CC1CC1,78.0,-6.2,3.802,7.511,
CHEMBL371635,O=c1c(C2=NS(=O)(=O)c3ccccc3N2)c(O)c2ccccc2n1CC1CC1,78.0,-6.2,2.989,7.678,
CHEMBL371635,O=c1c(C2=NS(=O)(=O)c3ccccc3N2)c(O)c2ccccc2n1CC1CC1,78.0,-6.1,3.013,5.281,
CHEMBL371635,O=c1c(C2=NS(=O)(=O)c3ccccc3N2)c(O)c2ccccc2n1CC1CC1,78.0,-6.0,3.58,8.148,
CHEMBL381010,CCCCCn1c(=O)c(C2=NS(=O)(=O)c3ccccc3N2)c(O)c2ccccc21,80.0,-7.1,0.0,0.0,
CHEMBL381010,CCCCCn1c(=O)c(C2=NS(=O)(=O)c3ccccc3N2)c(O)c2ccccc21,80.0,-6.6,3.57,8.173,
CHEMBL381010,CCCCCn1c(=O)c(C2=NS(=O)(=O)c3ccccc3N2)c(O)c2ccccc21,80.0,-6.5,3.055,8.185,
CHEMBL381010,CCCCCn1c(=O)c(C2=NS(=O)(=O)c3ccccc3N2)c(O)c2ccccc21,80.0,-6.3,6.232,9.45,
CHEMBL381010,CCCCCn1c(=O)c(C2=NS(=O)(=O)c3ccccc3N2)c(O)c2ccccc21,80.0,-6.3,3.747,8.407,
CHEMBL381010,CCCCCn1c(=O)c(C2=NS(=O)(=O)c3ccccc3N2)c(O)c2ccccc21,80.0,-6.2,7.141,10.592,
CHEMBL381010,CCCCCn1c(=O)c(C2=NS(=O)(=O)c3ccccc3N2)c(O)c2ccccc21,80.0,-6.2,3.746,6.08,
CHEMBL381010,CCCCCn1c(=O)c(C2=NS(=O)(=O)c3ccccc3N2)c(O)c2ccccc21,80.0,-6.2,3.311,7.824,
CHEMBL381010,CCCCCn1c(=O)c(C2=NS(=O)(=O)c3ccccc3N2)c(O)c2ccccc21,80.0,-6.0,1.789,2.358,
CHEMBL201063,O=c1c(C2=NS(=O)(=O)c3ccccc3N2)c(O)c2ccccc2n1Cc1cccc([N+](=O)[O-])c1,81.0,-8.9,0.0,0.0,
CHEMBL201063,O=c1c(C2=NS(=O)(=O)c3ccccc3N2)c(O)c2ccccc2n1Cc1cccc([N+](=O)[O-])c1,81.0,-8.3,1.753,2.069,
CHEMBL201063,O=c1c(C2=NS(=O)(=O)c3ccccc3N2)c(O)c2ccccc2n1Cc1cccc([N+](=O)[O-])c1,81.0,-7.8,3.297,8.095,
CHEMBL201063,O=c1c(C2=NS(=O)(=O)c3ccccc3N2)c(O)c2ccccc2n1Cc1cccc([N+](=O)[O-])c1,81.0,-7.8,2.821,7.968,
CHEMBL201063,O=c1c(C2=NS(=O)(=O)c3ccccc3N2)c(O)c2ccccc2n1Cc1cccc([N+](=O)[O-])c1,81.0,-7.6,3.294,8.223,
CHEMBL201063,O=c1c(C2=NS(=O)(=O)c3ccccc3N2)c(O)c2ccccc2n1Cc1cccc([N+](=O)[O-])c1,81.0,-7.6,3.759,8.46,
CHEMBL201063,O=c1c(C2=NS(=O)(=O)c3ccccc3N2)c(O)c2ccccc2n1Cc1cccc([N+](=O)[O-])c1,81.0,-7.5,3.523,8.342,
CHEMBL201063,O=c1c(C2=NS(=O)(=O)c3ccccc3N2)c(O)c2ccccc2n1Cc1cccc([N+](=O)[O-])c1,81.0,-6.8,4.678,7.41,
CHEMBL201436,COC(C)CCn1c(=O)c(C2=NS(=O)(=O)c3ccccc3N2)c(O)c2ccccc21,82.0,-6.8,0.0,0.0,
CHEMBL201436,COC(C)CCn1c(=O)c(C2=NS(=O)(=O)c3ccccc3N2)c(O)c2ccccc21,82.0,-6.4,1.805,2.429,
CHEMBL201436,COC(C)CCn1c(=O)c(C2=NS(=O)(=O)c3ccccc3N2)c(O)c2ccccc21,82.0,-5.9,4.385,7.454,
CHEMBL201436,COC(C)CCn1c(=O)c(C2=NS(=O)(=O)c3ccccc3N2)c(O)c2ccccc21,82.0,-5.6,2.843,5.452,
CHEMBL201436,COC(C)CCn1c(=O)c(C2=NS(=O)(=O)c3ccccc3N2)c(O)c2ccccc21,82.0,-4.8,2.578,4.962,
CHEMBL201436,COC(C)CCn1c(=O)c(C2=NS(=O)(=O)c3ccccc3N2)c(O)c2ccccc21,82.0,-4.6,4.453,6.786,
CHEMBL201088,O=c1c(C2=NS(=O)(=O)c3ccccc3N2)c(O)c2ccccc2n1Cc1ccccc1,82.0,-8.5,0.0,0.0,
CHEMBL201088,O=c1c(C2=NS(=O)(=O)c3ccccc3N2)c(O)c2ccccc2n1Cc1ccccc1,82.0,-7.5,3.196,7.666,
CHEMBL201088,O=c1c(C2=NS(=O)(=O)c3ccccc3N2)c(O)c2ccccc2n1Cc1ccccc1,82.0,-7.3,3.179,7.828,
CHEMBL201088,O=c1c(C2=NS(=O)(=O)c3ccccc3N2)c(O)c2ccccc2n1Cc1ccccc1,82.0,-7.2,2.794,7.619,
CHEMBL201088,O=c1c(C2=NS(=O)(=O)c3ccccc3N2)c(O)c2ccccc2n1Cc1ccccc1,82.0,-6.8,4.722,7.34,
CHEMBL201088,O=c1c(C2=NS(=O)(=O)c3ccccc3N2)c(O)c2ccccc2n1Cc1ccccc1,82.0,-5.6,1.639,4.683,
CHEMBL383170,O=c1c(C2=NS(=O)(=O)c3ccccc3N2)c(O)c2cccc(F)c2n1CCC1CC1,90.0,-7.0,0.0,0.0,
CHEMBL383170,O=c1c(C2=NS(=O)(=O)c3ccccc3N2)c(O)c2cccc(F)c2n1CCC1CC1,90.0,-6.8,3.22,7.741,
CHEMBL383170,O=c1c(C2=NS(=O)(=O)c3ccccc3N2)c(O)c2cccc(F)c2n1CCC1CC1,90.0,-6.4,3.799,8.086,
CHEMBL383170,O=c1c(C2=NS(=O)(=O)c3ccccc3N2)c(O)c2cccc(F)c2n1CCC1CC1,90.0,-6.3,3.663,8.012,
CHEMBL383170,O=c1c(C2=NS(=O)(=O)c3ccccc3N2)c(O)c2cccc(F)c2n1CCC1CC1,90.0,-5.4,3.6,7.72,
CHEMBL383170,O=c1c(C2=NS(=O)(=O)c3ccccc3N2)c(O)c2cccc(F)c2n1CCC1CC1,90.0,-5.4,3.959,5.658,
CHEMBL383170,O=c1c(C2=NS(=O)(=O)c3ccccc3N2)c(O)c2cccc(F)c2n1CCC1CC1,90.0,-5.0,6.022,9.313,
CHEMBL383170,O=c1c(C2=NS(=O)(=O)c3ccccc3N2)c(O)c2cccc(F)c2n1CCC1CC1,90.0,-4.7,6.042,9.306,
CHEMBL201814,C=CCCn1c(=O)c(C2=NS(=O)(=O)c3ccccc3N2)c(O)c2ccccc21,90.0,-6.8,0.0,0.0,
CHEMBL201814,C=CCCn1c(=O)c(C2=NS(=O)(=O)c3ccccc3N2)c(O)c2ccccc21,90.0,-6.8,5.584,8.593,
CHEMBL201814,C=CCCn1c(=O)c(C2=NS(=O)(=O)c3ccccc3N2)c(O)c2ccccc21,90.0,-6.5,3.363,7.399,
CHEMBL201814,C=CCCn1c(=O)c(C2=NS(=O)(=O)c3ccccc3N2)c(O)c2ccccc21,90.0,-6.3,2.663,7.634,
CHEMBL201814,C=CCCn1c(=O)c(C2=NS(=O)(=O)c3ccccc3N2)c(O)c2ccccc21,90.0,-6.0,2.819,7.743,
CHEMBL201814,C=CCCn1c(=O)c(C2=NS(=O)(=O)c3ccccc3N2)c(O)c2ccccc21,90.0,-5.9,4.988,7.527,
CHEMBL201814,C=CCCn1c(=O)c(C2=NS(=O)(=O)c3ccccc3N2)c(O)c2ccccc21,90.0,-5.8,5.715,8.501,
CHEMBL201814,C=CCCn1c(=O)c(C2=NS(=O)(=O)c3ccccc3N2)c(O)c2ccccc21,90.0,-5.6,3.348,7.652,
CHEMBL201814,C=CCCn1c(=O)c(C2=NS(=O)(=O)c3ccccc3N2)c(O)c2ccccc21,90.0,-5.3,5.546,8.532,
CHEMBL201660,O=c1c(C2=NS(=O)(=O)c3ccccc3N2)c(O)c2ccccc2n1Cc1ccc(Br)cc1,95.0,-8.2,0.0,0.0,
CHEMBL201660,O=c1c(C2=NS(=O)(=O)c3ccccc3N2)c(O)c2ccccc2n1Cc1ccc(Br)cc1,95.0,-7.4,3.601,7.965,
CHEMBL201660,O=c1c(C2=NS(=O)(=O)c3ccccc3N2)c(O)c2ccccc2n1Cc1ccc(Br)cc1,95.0,-7.4,3.493,8.172,
CHEMBL201660,O=c1c(C2=NS(=O)(=O)c3ccccc3N2)c(O)c2ccccc2n1Cc1ccc(Br)cc1,95.0,-7.0,3.736,7.923,
CHEMBL201660,O=c1c(C2=NS(=O)(=O)c3ccccc3N2)c(O)c2ccccc2n1Cc1ccc(Br)cc1,95.0,-6.5,4.674,7.19,
CHEMBL201660,O=c1c(C2=NS(=O)(=O)c3ccccc3N2)c(O)c2ccccc2n1Cc1ccc(Br)cc1,95.0,-6.1,1.845,2.399,
CHEMBL201660,O=c1c(C2=NS(=O)(=O)c3ccccc3N2)c(O)c2ccccc2n1Cc1ccc(Br)cc1,95.0,-5.3,3.477,8.052,
CHEMBL201660,O=c1c(C2=NS(=O)(=O)c3ccccc3N2)c(O)c2ccccc2n1Cc1ccc(Br)cc1,95.0,-5.3,3.631,7.809,
CHEMBL201660,O=c1c(C2=NS(=O)(=O)c3ccccc3N2)c(O)c2ccccc2n1Cc1ccc(Br)cc1,95.0,-5.2,1.698,2.411,
CHEMBL381529,CC(C)CCn1c(=O)c(C2=NS(=O)(=O)c3ccccc3N2)c(O)c2c(Br)cccc21,105.0,-6.7,0.0,0.0,
CHEMBL381529,CC(C)CCn1c(=O)c(C2=NS(=O)(=O)c3ccccc3N2)c(O)c2c(Br)cccc21,105.0,-4.7,4.92,7.443,
CHEMBL202164,O=c1c(C2=NS(=O)(=O)c3ccccc3N2)c(O)c2ccccc2n1CCCC(F)(F)F,106.0,-7.8,0.0,0.0,
CHEMBL202164,O=c1c(C2=NS(=O)(=O)c3ccccc3N2)c(O)c2ccccc2n1CCCC(F)(F)F,106.0,-7.6,3.679,7.369,
CHEMBL202164,O=c1c(C2=NS(=O)(=O)c3ccccc3N2)c(O)c2ccccc2n1CCCC(F)(F)F,106.0,-7.0,3.174,4.849,
CHEMBL202164,O=c1c(C2=NS(=O)(=O)c3ccccc3N2)c(O)c2ccccc2n1CCCC(F)(F)F,106.0,-6.6,5.217,7.653,
CHEMBL202164,O=c1c(C2=NS(=O)(=O)c3ccccc3N2)c(O)c2ccccc2n1CCCC(F)(F)F,106.0,-5.6,5.891,8.696,
CHEMBL202164,O=c1c(C2=NS(=O)(=O)c3ccccc3N2)c(O)c2ccccc2n1CCCC(F)(F)F,106.0,-5.4,5.895,8.551,
CHEMBL202164,O=c1c(C2=NS(=O)(=O)c3ccccc3N2)c(O)c2ccccc2n1CCCC(F)(F)F,106.0,-5.2,3.298,5.186,
CHEMBL202164,O=c1c(C2=NS(=O)(=O)c3ccccc3N2)c(O)c2ccccc2n1CCCC(F)(F)F,106.0,-4.9,1.749,2.387,
CHEMBL202164,O=c1c(C2=NS(=O)(=O)c3ccccc3N2)c(O)c2ccccc2n1CCCC(F)(F)F,106.0,-4.9,5.975,8.556,
CHEMBL382628,CC(C)Cn1c(=O)c(C2=NS(=O)(=O)c3ccccc3N2)c(O)c2ccccc21,108.0,-7.1,0.0,0.0,
CHEMBL382628,CC(C)Cn1c(=O)c(C2=NS(=O)(=O)c3ccccc3N2)c(O)c2ccccc21,108.0,-6.9,2.875,7.307,
CHEMBL382628,CC(C)Cn1c(=O)c(C2=NS(=O)(=O)c3ccccc3N2)c(O)c2ccccc21,108.0,-6.9,2.718,7.613,
CHEMBL382628,CC(C)Cn1c(=O)c(C2=NS(=O)(=O)c3ccccc3N2)c(O)c2ccccc21,108.0,-6.5,5.358,8.478,
CHEMBL382628,CC(C)Cn1c(=O)c(C2=NS(=O)(=O)c3ccccc3N2)c(O)c2ccccc21,108.0,-6.4,1.438,3.404,
CHEMBL382628,CC(C)Cn1c(=O)c(C2=NS(=O)(=O)c3ccccc3N2)c(O)c2ccccc21,108.0,-6.2,1.436,3.57,
CHEMBL382628,CC(C)Cn1c(=O)c(C2=NS(=O)(=O)c3ccccc3N2)c(O)c2ccccc21,108.0,-5.7,4.896,7.366,
CHEMBL382628,CC(C)Cn1c(=O)c(C2=NS(=O)(=O)c3ccccc3N2)c(O)c2ccccc21,108.0,-5.7,5.693,8.587,
CHEMBL382628,CC(C)Cn1c(=O)c(C2=NS(=O)(=O)c3ccccc3N2)c(O)c2ccccc21,108.0,-4.6,2.996,8.25,
CHEMBL202310,CCOC(=O)CNc1ccc2c(c1)c(O)c(C1=NS(=O)(=O)c3ccccc3N1)c(=O)n2CCC(C)C,115.0,-7.2,0.0,0.0,
CHEMBL202310,CCOC(=O)CNc1ccc2c(c1)c(O)c(C1=NS(=O)(=O)c3ccccc3N1)c(=O)n2CCC(C)C,115.0,-5.4,2.965,8.735,
CHEMBL202310,CCOC(=O)CNc1ccc2c(c1)c(O)c(C1=NS(=O)(=O)c3ccccc3N1)c(=O)n2CCC(C)C,115.0,-4.9,2.334,3.215,
CHEMBL202271,C#CCCn1c(=O)c(C2=NS(=O)(=O)c3ccccc3N2)c(O)c2ccccc21,118.0,-6.7,0.0,0.0,
CHEMBL202271,C#CCCn1c(=O)c(C2=NS(=O)(=O)c3ccccc3N2)c(O)c2ccccc21,118.0,-6.2,1.685,3.857,
CHEMBL202271,C#CCCn1c(=O)c(C2=NS(=O)(=O)c3ccccc3N2)c(O)c2ccccc21,118.0,-6.2,2.623,7.67,
CHEMBL202271,C#CCCn1c(=O)c(C2=NS(=O)(=O)c3ccccc3N2)c(O)c2ccccc21,118.0,-6.1,2.885,7.758,
CHEMBL202271,C#CCCn1c(=O)c(C2=NS(=O)(=O)c3ccccc3N2)c(O)c2ccccc21,118.0,-5.9,2.686,3.519,
CHEMBL202271,C#CCCn1c(=O)c(C2=NS(=O)(=O)c3ccccc3N2)c(O)c2ccccc21,118.0,-5.7,4.843,7.313,
CHEMBL202271,C#CCCn1c(=O)c(C2=NS(=O)(=O)c3ccccc3N2)c(O)c2ccccc21,118.0,-5.6,3.606,8.032,
CHEMBL202271,C#CCCn1c(=O)c(C2=NS(=O)(=O)c3ccccc3N2)c(O)c2ccccc21,118.0,-5.5,2.715,7.803,
CHEMBL202271,C#CCCn1c(=O)c(C2=NS(=O)(=O)c3ccccc3N2)c(O)c2ccccc21,118.0,-5.5,5.41,8.529,
CHEMBL380442,O=c1c(C2=NS(=O)(=O)c3ccccc3N2)c(O)c2ccccc2n1CC1CCCC1,132.0,-7.8,0.0,0.0,
CHEMBL380442,O=c1c(C2=NS(=O)(=O)c3ccccc3N2)c(O)c2ccccc2n1CC1CCCC1,132.0,-6.7,3.095,7.845,
CHEMBL380442,O=c1c(C2=NS(=O)(=O)c3ccccc3N2)c(O)c2ccccc2n1CC1CCCC1,132.0,-6.7,2.811,7.737,
CHEMBL380442,O=c1c(C2=NS(=O)(=O)c3ccccc3N2)c(O)c2ccccc2n1CC1CCCC1,132.0,-6.6,2.33,3.137,
CHEMBL380442,O=c1c(C2=NS(=O)(=O)c3ccccc3N2)c(O)c2ccccc2n1CC1CCCC1,132.0,-6.5,3.01,7.575,
CHEMBL380442,O=c1c(C2=NS(=O)(=O)c3ccccc3N2)c(O)c2ccccc2n1CC1CCCC1,132.0,-6.4,4.728,7.265,
CHEMBL380442,O=c1c(C2=NS(=O)(=O)c3ccccc3N2)c(O)c2ccccc2n1CC1CCCC1,132.0,-5.7,1.585,4.311,
CHEMBL380442,O=c1c(C2=NS(=O)(=O)c3ccccc3N2)c(O)c2ccccc2n1CC1CCCC1,132.0,-5.6,1.79,4.224,
CHEMBL380442,O=c1c(C2=NS(=O)(=O)c3ccccc3N2)c(O)c2ccccc2n1CC1CCCC1,132.0,-4.9,1.729,2.299,
CHEMBL201604,CC(C)CCn1c(=O)c(C2=NS(=O)(=O)c3ccccc3N2)c(O)c2c(-c3ccccc3)cccc21,144.0,-8.0,0.0,0.0,
CHEMBL201604,CC(C)CCn1c(=O)c(C2=NS(=O)(=O)c3ccccc3N2)c(O)c2c(-c3ccccc3)cccc21,144.0,-7.6,2.728,6.952,
CHEMBL201604,CC(C)CCn1c(=O)c(C2=NS(=O)(=O)c3ccccc3N2)c(O)c2c(-c3ccccc3)cccc21,144.0,-6.3,2.541,7.033,
CHEMBL201604,CC(C)CCn1c(=O)c(C2=NS(=O)(=O)c3ccccc3N2)c(O)c2c(-c3ccccc3)cccc21,144.0,-5.6,1.07,5.557,
CHEMBL201604,CC(C)CCn1c(=O)c(C2=NS(=O)(=O)c3ccccc3N2)c(O)c2c(-c3ccccc3)cccc21,144.0,-5.6,2.137,6.086,
CHEMBL201341,C/C=C/Cn1c(=O)c(C2=NS(=O)(=O)c3ccccc3N2)c(O)c2ccccc21,150.0,-7.4,0.0,0.0,
CHEMBL201341,C/C=C/Cn1c(=O)c(C2=NS(=O)(=O)c3ccccc3N2)c(O)c2ccccc21,150.0,-6.9,2.68,3.437,
CHEMBL201341,C/C=C/Cn1c(=O)c(C2=NS(=O)(=O)c3ccccc3N2)c(O)c2ccccc21,150.0,-6.9,2.956,7.728,
CHEMBL201341,C/C=C/Cn1c(=O)c(C2=NS(=O)(=O)c3ccccc3N2)c(O)c2ccccc21,150.0,-6.7,3.131,7.627,
CHEMBL201341,C/C=C/Cn1c(=O)c(C2=NS(=O)(=O)c3ccccc3N2)c(O)c2ccccc21,150.0,-6.7,1.759,3.895,
CHEMBL201341,C/C=C/Cn1c(=O)c(C2=NS(=O)(=O)c3ccccc3N2)c(O)c2ccccc21,150.0,-6.3,4.98,7.573,
CHEMBL201341,C/C=C/Cn1c(=O)c(C2=NS(=O)(=O)c3ccccc3N2)c(O)c2ccccc21,150.0,-6.3,2.714,7.826,
CHEMBL201341,C/C=C/Cn1c(=O)c(C2=NS(=O)(=O)c3ccccc3N2)c(O)c2ccccc21,150.0,-6.2,3.175,7.836,
CHEMBL201341,C/C=C/Cn1c(=O)c(C2=NS(=O)(=O)c3ccccc3N2)c(O)c2ccccc21,150.0,-5.8,1.682,1.895,
CHEMBL362058,O=C(O)c1ccc2c(c1)nc(-c1ccco1)n2C1CCCCC1,160.0,-7.3,0.0,0.0,
CHEMBL362058,O=C(O)c1ccc2c(c1)nc(-c1ccco1)n2C1CCCCC1,160.0,-7.2,5.943,8.072,
CHEMBL362058,O=C(O)c1ccc2c(c1)nc(-c1ccco1)n2C1CCCCC1,160.0,-7.1,1.458,3.919,
CHEMBL362058,O=C(O)c1ccc2c(c1)nc(-c1ccco1)n2C1CCCCC1,160.0,-6.4,5.787,8.521,
CHEMBL362058,O=C(O)c1ccc2c(c1)nc(-c1ccco1)n2C1CCCCC1,160.0,-6.2,1.939,2.331,
CHEMBL362058,O=C(O)c1ccc2c(c1)nc(-c1ccco1)n2C1CCCCC1,160.0,-6.1,1.103,1.673,
CHEMBL362058,O=C(O)c1ccc2c(c1)nc(-c1ccco1)n2C1CCCCC1,160.0,-6.1,5.151,7.881,
CHEMBL362058,O=C(O)c1ccc2c(c1)nc(-c1ccco1)n2C1CCCCC1,160.0,-5.9,1.881,6.724,
CHEMBL362058,O=C(O)c1ccc2c(c1)nc(-c1ccco1)n2C1CCCCC1,160.0,-5.8,2.254,6.088,
CHEMBL201567,N#CCCCn1c(=O)c(C2=NS(=O)(=O)c3ccccc3N2)c(O)c2ccccc21,172.0,-6.9,0.0,0.0,
CHEMBL201567,N#CCCCn1c(=O)c(C2=NS(=O)(=O)c3ccccc3N2)c(O)c2ccccc21,172.0,-6.6,3.098,7.782,
CHEMBL201567,N#CCCCn1c(=O)c(C2=NS(=O)(=O)c3ccccc3N2)c(O)c2ccccc21,172.0,-6.4,5.637,8.676,
CHEMBL201567,N#CCCCn1c(=O)c(C2=NS(=O)(=O)c3ccccc3N2)c(O)c2ccccc21,172.0,-5.9,4.913,7.62,
CHEMBL201567,N#CCCCn1c(=O)c(C2=NS(=O)(=O)c3ccccc3N2)c(O)c2ccccc21,172.0,-5.6,5.967,8.558,
CHEMBL201567,N#CCCCn1c(=O)c(C2=NS(=O)(=O)c3ccccc3N2)c(O)c2ccccc21,172.0,-5.3,1.98,2.346,
CHEMBL201567,N#CCCCn1c(=O)c(C2=NS(=O)(=O)c3ccccc3N2)c(O)c2ccccc21,172.0,-4.9,5.581,8.589,
CHEMBL201567,N#CCCCn1c(=O)c(C2=NS(=O)(=O)c3ccccc3N2)c(O)c2ccccc21,172.0,-4.7,5.268,8.325,
CHEMBL201567,N#CCCCn1c(=O)c(C2=NS(=O)(=O)c3ccccc3N2)c(O)c2ccccc21,172.0,-4.3,5.043,8.462,
CHEMBL203312,C#CCCCn1c(=O)c(C2=NS(=O)(=O)c3ccccc3N2)c(O)c2ccccc21,179.0,-7.2,0.0,0.0,
CHEMBL203312,C#CCCCn1c(=O)c(C2=NS(=O)(=O)c3ccccc3N2)c(O)c2ccccc21,179.0,-6.8,2.981,7.617,
CHEMBL203312,C#CCCCn1c(=O)c(C2=NS(=O)(=O)c3ccccc3N2)c(O)c2ccccc21,179.0,-6.7,3.152,7.837,
CHEMBL203312,C#CCCCn1c(=O)c(C2=NS(=O)(=O)c3ccccc3N2)c(O)c2ccccc21,179.0,-6.5,1.708,2.371,
CHEMBL203312,C#CCCCn1c(=O)c(C2=NS(=O)(=O)c3ccccc3N2)c(O)c2ccccc21,179.0,-6.4,2.893,8.059,
CHEMBL203312,C#CCCCn1c(=O)c(C2=NS(=O)(=O)c3ccccc3N2)c(O)c2ccccc21,179.0,-6.2,1.851,4.705,
CHEMBL203312,C#CCCCn1c(=O)c(C2=NS(=O)(=O)c3ccccc3N2)c(O)c2ccccc21,179.0,-6.2,1.803,3.955,
CHEMBL203312,C#CCCCn1c(=O)c(C2=NS(=O)(=O)c3ccccc3N2)c(O)c2ccccc21,179.0,-6.2,4.891,7.692,
CHEMBL203312,C#CCCCn1c(=O)c(C2=NS(=O)(=O)c3ccccc3N2)c(O)c2ccccc21,179.0,-6.1,1.705,3.834,
CHEMBL180948,CC(C)C[C@@]1(C(=O)O)C[C@H](C(=O)O)[C@H](c2cccs2)N1C(=O)c1ccc(C(F)(F)F)cc1,190.0,-6.4,0.0,0.0,
CHEMBL180948,CC(C)C[C@@]1(C(=O)O)C[C@H](C(=O)O)[C@H](c2cccs2)N1C(=O)c1ccc(C(F)(F)F)cc1,190.0,-5.2,3.917,6.912,
CHEMBL180948,CC(C)C[C@@]1(C(=O)O)C[C@H](C(=O)O)[C@H](c2cccs2)N1C(=O)c1ccc(C(F)(F)F)cc1,190.0,-4.4,2.01,4.449,
CHEMBL202062,CC(C)CCn1c(=O)c(C2=NS(=O)(=O)c3ccccc3N2)c(O)c2cc(O)ccc21,198.0,-7.5,0.0,0.0,
CHEMBL202062,CC(C)CCn1c(=O)c(C2=NS(=O)(=O)c3ccccc3N2)c(O)c2cc(O)ccc21,198.0,-7.2,2.985,7.343,
CHEMBL202062,CC(C)CCn1c(=O)c(C2=NS(=O)(=O)c3ccccc3N2)c(O)c2cc(O)ccc21,198.0,-6.9,2.778,7.963,
CHEMBL202062,CC(C)CCn1c(=O)c(C2=NS(=O)(=O)c3ccccc3N2)c(O)c2cc(O)ccc21,198.0,-6.9,1.918,4.396,
CHEMBL202062,CC(C)CCn1c(=O)c(C2=NS(=O)(=O)c3ccccc3N2)c(O)c2cc(O)ccc21,198.0,-6.6,1.901,4.25,
CHEMBL202062,CC(C)CCn1c(=O)c(C2=NS(=O)(=O)c3ccccc3N2)c(O)c2cc(O)ccc21,198.0,-5.2,2.851,7.865,
CHEMBL202062,CC(C)CCn1c(=O)c(C2=NS(=O)(=O)c3ccccc3N2)c(O)c2cc(O)ccc21,198.0,-4.9,2.931,7.574,
CHEMBL180974,CCCCn1c(=O)c(C2=NS(=O)(=O)c3ccccc3N2)c(O)c2ccccc21,200.0,-7.0,0.0,0.0,
CHEMBL180974,CCCCn1c(=O)c(C2=NS(=O)(=O)c3ccccc3N2)c(O)c2ccccc21,200.0,-6.6,5.73,9.582,
CHEMBL180974,CCCCn1c(=O)c(C2=NS(=O)(=O)c3ccccc3N2)c(O)c2ccccc21,200.0,-6.2,4.768,7.504,
CHEMBL180974,CCCCn1c(=O)c(C2=NS(=O)(=O)c3ccccc3N2)c(O)c2ccccc21,200.0,-6.2,5.831,8.518,
CHEMBL180974,CCCCn1c(=O)c(C2=NS(=O)(=O)c3ccccc3N2)c(O)c2ccccc21,200.0,-6.0,2.609,7.524,
CHEMBL180974,CCCCn1c(=O)c(C2=NS(=O)(=O)c3ccccc3N2)c(O)c2ccccc21,200.0,-6.0,1.49,2.049,
CHEMBL180974,CCCCn1c(=O)c(C2=NS(=O)(=O)c3ccccc3N2)c(O)c2ccccc21,200.0,-6.0,4.934,7.306,
CHEMBL180974,CCCCn1c(=O)c(C2=NS(=O)(=O)c3ccccc3N2)c(O)c2ccccc21,200.0,-5.3,2.563,8.098,
CHEMBL180974,CCCCn1c(=O)c(C2=NS(=O)(=O)c3ccccc3N2)c(O)c2ccccc21,200.0,-5.3,1.063,3.69,
CHEMBL201119,CC(C)CCn1c(=O)c(C2=NS(=O)(=O)c3ccccc3N2)c(O)c2cc(Br)ccc21,205.0,-7.3,0.0,0.0,
CHEMBL201119,CC(C)CCn1c(=O)c(C2=NS(=O)(=O)c3ccccc3N2)c(O)c2cc(Br)ccc21,205.0,-4.8,3.542,7.914,
CHEMBL201119,CC(C)CCn1c(=O)c(C2=NS(=O)(=O)c3ccccc3N2)c(O)c2cc(Br)ccc21,205.0,-4.4,3.587,7.582,
CHEMBL201119,CC(C)CCn1c(=O)c(C2=NS(=O)(=O)c3ccccc3N2)c(O)c2cc(Br)ccc21,205.0,-4.3,5.801,8.525,
CHEMBL201603,Cc1cccc2c1c(O)c(C1=NS(=O)(=O)c3ccccc3N1)c(=O)n2CCC(C)C,206.0,-6.8,0.0,0.0,
CHEMBL201603,Cc1cccc2c1c(O)c(C1=NS(=O)(=O)c3ccccc3N1)c(=O)n2CCC(C)C,206.0,-6.7,2.381,2.988,
CHEMBL201603,Cc1cccc2c1c(O)c(C1=NS(=O)(=O)c3ccccc3N1)c(=O)n2CCC(C)C,206.0,-6.4,2.066,4.383,
CHEMBL201603,Cc1cccc2c1c(O)c(C1=NS(=O)(=O)c3ccccc3N1)c(=O)n2CCC(C)C,206.0,-6.1,2.918,8.017,
CHEMBL201603,Cc1cccc2c1c(O)c(C1=NS(=O)(=O)c3ccccc3N1)c(=O)n2CCC(C)C,206.0,-6.0,1.756,2.16,
CHEMBL201603,Cc1cccc2c1c(O)c(C1=NS(=O)(=O)c3ccccc3N1)c(=O)n2CCC(C)C,206.0,-5.3,4.633,7.523,
CHEMBL201603,Cc1cccc2c1c(O)c(C1=NS(=O)(=O)c3ccccc3N1)c(=O)n2CCC(C)C,206.0,-5.1,3.263,7.918,
CHEMBL201603,Cc1cccc2c1c(O)c(C1=NS(=O)(=O)c3ccccc3N1)c(=O)n2CCC(C)C,206.0,-4.0,2.759,7.862,
CHEMBL381218,CC(C)=CCn1c(=O)c(C2=NS(=O)(=O)c3ccccc3N2)c(O)c2ccccc21,289.0,-7.4,0.0,0.0,
CHEMBL381218,CC(C)=CCn1c(=O)c(C2=NS(=O)(=O)c3ccccc3N2)c(O)c2ccccc21,289.0,-7.1,3.196,7.77,
CHEMBL381218,CC(C)=CCn1c(=O)c(C2=NS(=O)(=O)c3ccccc3N2)c(O)c2ccccc21,289.0,-6.7,2.633,3.414,
CHEMBL381218,CC(C)=CCn1c(=O)c(C2=NS(=O)(=O)c3ccccc3N2)c(O)c2ccccc21,289.0,-6.5,2.838,7.608,
CHEMBL381218,CC(C)=CCn1c(=O)c(C2=NS(=O)(=O)c3ccccc3N2)c(O)c2ccccc21,289.0,-6.0,1.894,4.036,
CHEMBL381218,CC(C)=CCn1c(=O)c(C2=NS(=O)(=O)c3ccccc3N2)c(O)c2ccccc21,289.0,-5.9,4.722,7.226,
CHEMBL381218,CC(C)=CCn1c(=O)c(C2=NS(=O)(=O)c3ccccc3N2)c(O)c2ccccc21,289.0,-5.7,2.621,7.755,
CHEMBL381218,CC(C)=CCn1c(=O)c(C2=NS(=O)(=O)c3ccccc3N2)c(O)c2ccccc21,289.0,-5.1,2.928,7.768,
CHEMBL381218,CC(C)=CCn1c(=O)c(C2=NS(=O)(=O)c3ccccc3N2)c(O)c2ccccc21,289.0,-5.0,1.432,3.707,
CHEMBL201815,CC(Br)CCn1c(=O)c(C2=NS(=O)(=O)c3ccccc3N2)c(O)c2ccccc21,290.0,-7.2,0.0,0.0,
CHEMBL201815,CC(Br)CCn1c(=O)c(C2=NS(=O)(=O)c3ccccc3N2)c(O)c2ccccc21,290.0,-6.8,2.77,4.337,
CHEMBL201815,CC(Br)CCn1c(=O)c(C2=NS(=O)(=O)c3ccccc3N2)c(O)c2ccccc21,290.0,-6.4,2.678,4.167,
CHEMBL201815,CC(Br)CCn1c(=O)c(C2=NS(=O)(=O)c3ccccc3N2)c(O)c2ccccc21,290.0,-6.0,2.956,7.583,
CHEMBL201815,CC(Br)CCn1c(=O)c(C2=NS(=O)(=O)c3ccccc3N2)c(O)c2ccccc21,290.0,-6.0,3.113,7.758,
CHEMBL201815,CC(Br)CCn1c(=O)c(C2=NS(=O)(=O)c3ccccc3N2)c(O)c2ccccc21,290.0,-5.9,3.503,7.633,
CHEMBL201815,CC(Br)CCn1c(=O)c(C2=NS(=O)(=O)c3ccccc3N2)c(O)c2ccccc21,290.0,-5.8,5.143,7.685,
CHEMBL201815,CC(Br)CCn1c(=O)c(C2=NS(=O)(=O)c3ccccc3N2)c(O)c2ccccc21,290.0,-5.3,2.304,3.974,
CHEMBL1087567,O=C(N[C@@H](Cc1c[nH]c2ccc(O)cc12)c1cscn1)c1ccc2c(c1)nc(-c1ccco1)n2C1CCCCC1,300.0,-10.8,0.0,0.0,
CHEMBL1087567,O=C(N[C@@H](Cc1c[nH]c2ccc(O)cc12)c1cscn1)c1ccc2c(c1)nc(-c1ccco1)n2C1CCCCC1,300.0,-10.3,0.818,2.026,
CHEMBL1087567,O=C(N[C@@H](Cc1c[nH]c2ccc(O)cc12)c1cscn1)c1ccc2c(c1)nc(-c1ccco1)n2C1CCCCC1,300.0,-10.0,1.956,7.767,
CHEMBL1087567,O=C(N[C@@H](Cc1c[nH]c2ccc(O)cc12)c1cscn1)c1ccc2c(c1)nc(-c1ccco1)n2C1CCCCC1,300.0,-10.0,2.312,7.394,
CHEMBL1087567,O=C(N[C@@H](Cc1c[nH]c2ccc(O)cc12)c1cscn1)c1ccc2c(c1)nc(-c1ccco1)n2C1CCCCC1,300.0,-10.0,1.913,7.442,
CHEMBL1087567,O=C(N[C@@H](Cc1c[nH]c2ccc(O)cc12)c1cscn1)c1ccc2c(c1)nc(-c1ccco1)n2C1CCCCC1,300.0,-9.9,2.178,3.569,
CHEMBL1087567,O=C(N[C@@H](Cc1c[nH]c2ccc(O)cc12)c1cscn1)c1ccc2c(c1)nc(-c1ccco1)n2C1CCCCC1,300.0,-9.9,1.774,2.219,
CHEMBL1087567,O=C(N[C@@H](Cc1c[nH]c2ccc(O)cc12)c1cscn1)c1ccc2c(c1)nc(-c1ccco1)n2C1CCCCC1,300.0,-9.9,2.966,5.891,
CHEMBL1087567,O=C(N[C@@H](Cc1c[nH]c2ccc(O)cc12)c1cscn1)c1ccc2c(c1)nc(-c1ccco1)n2C1CCCCC1,300.0,-9.9,4.112,7.436,
CHEMBL180948,CC(C)C[C@@]1(C(=O)O)C[C@H](C(=O)O)[C@H](c2cccs2)N1C(=O)c1ccc(C(F)(F)F)cc1,300.0,-6.4,0.0,0.0,
CHEMBL180948,CC(C)C[C@@]1(C(=O)O)C[C@H](C(=O)O)[C@H](c2cccs2)N1C(=O)c1ccc(C(F)(F)F)cc1,300.0,-5.5,4.26,7.504,
CHEMBL180948,CC(C)C[C@@]1(C(=O)O)C[C@H](C(=O)O)[C@H](c2cccs2)N1C(=O)c1ccc(C(F)(F)F)cc1,300.0,-5.3,3.897,6.933,
CHEMBL180948,CC(C)C[C@@]1(C(=O)O)C[C@H](C(=O)O)[C@H](c2cccs2)N1C(=O)c1ccc(C(F)(F)F)cc1,300.0,-4.4,2.001,4.382,
CHEMBL180948,CC(C)C[C@@]1(C(=O)O)C[C@H](C(=O)O)[C@H](c2cccs2)N1C(=O)c1ccc(C(F)(F)F)cc1,300.0,-4.0,3.605,5.954,
CHEMBL201873,Cc1nc(Cn2c(=O)c(C3=NS(=O)(=O)c4ccccc4N3)c(O)c3ccccc32)cs1,304.0,-8.2,0.0,0.0,
CHEMBL201873,Cc1nc(Cn2c(=O)c(C3=NS(=O)(=O)c4ccccc4N3)c(O)c3ccccc32)cs1,304.0,-7.1,3.008,7.878,
CHEMBL201873,Cc1nc(Cn2c(=O)c(C3=NS(=O)(=O)c4ccccc4N3)c(O)c3ccccc32)cs1,304.0,-6.8,2.586,7.754,
CHEMBL201873,Cc1nc(Cn2c(=O)c(C3=NS(=O)(=O)c4ccccc4N3)c(O)c3ccccc32)cs1,304.0,-6.4,2.302,7.362,
CHEMBL201873,Cc1nc(Cn2c(=O)c(C3=NS(=O)(=O)c4ccccc4N3)c(O)c3ccccc32)cs1,304.0,-6.3,4.804,7.305,
CHEMBL201873,Cc1nc(Cn2c(=O)c(C3=NS(=O)(=O)c4ccccc4N3)c(O)c3ccccc32)cs1,304.0,-5.5,2.623,4.838,
CHEMBL201873,Cc1nc(Cn2c(=O)c(C3=NS(=O)(=O)c4ccccc4N3)c(O)c3ccccc32)cs1,304.0,-5.4,2.705,4.859,
CHEMBL202514,O=c1c(C2=NS(=O)(=O)c3ccccc3N2)c(O)c2ccccc2n1Cc1cccnc1,316.0,-7.6,0.0,0.0,
CHEMBL202514,O=c1c(C2=NS(=O)(=O)c3ccccc3N2)c(O)c2ccccc2n1Cc1cccnc1,316.0,-7.3,4.293,6.373,
CHEMBL202514,O=c1c(C2=NS(=O)(=O)c3ccccc3N2)c(O)c2ccccc2n1Cc1cccnc1,316.0,-6.7,4.377,8.255,
CHEMBL202514,O=c1c(C2=NS(=O)(=O)c3ccccc3N2)c(O)c2ccccc2n1Cc1cccnc1,316.0,-6.6,4.179,7.264,
CHEMBL202315,CC(C)CCn1c(=O)c(C2=NS(=O)(=O)c3ccccc3N2)c(O)c2c([N+](=O)[O-])cccc21,338.0,-7.4,0.0,0.0,
CHEMBL202315,CC(C)CCn1c(=O)c(C2=NS(=O)(=O)c3ccccc3N2)c(O)c2c([N+](=O)[O-])cccc21,338.0,-7.0,2.412,7.002,
CHEMBL202315,CC(C)CCn1c(=O)c(C2=NS(=O)(=O)c3ccccc3N2)c(O)c2c([N+](=O)[O-])cccc21,338.0,-6.5,1.06,1.649,
CHEMBL202315,CC(C)CCn1c(=O)c(C2=NS(=O)(=O)c3ccccc3N2)c(O)c2c([N+](=O)[O-])cccc21,338.0,-6.2,2.184,6.934,
CHEMBL202315,CC(C)CCn1c(=O)c(C2=NS(=O)(=O)c3ccccc3N2)c(O)c2c([N+](=O)[O-])cccc21,338.0,-4.8,2.287,3.111,
CHEMBL202513,CC(C)CCn1c(=O)c(C2=NS(=O)(=O)c3ccccc3N2)c(O)c2c(F)cccc21,340.0,-7.0,0.0,0.0,
CHEMBL202513,CC(C)CCn1c(=O)c(C2=NS(=O)(=O)c3ccccc3N2)c(O)c2c(F)cccc21,340.0,-6.7,2.558,7.369,
CHEMBL202513,CC(C)CCn1c(=O)c(C2=NS(=O)(=O)c3ccccc3N2)c(O)c2c(F)cccc21,340.0,-6.4,2.209,4.401,
CHEMBL202513,CC(C)CCn1c(=O)c(C2=NS(=O)(=O)c3ccccc3N2)c(O)c2c(F)cccc21,340.0,-6.3,3.315,7.661,
CHEMBL202513,CC(C)CCn1c(=O)c(C2=NS(=O)(=O)c3ccccc3N2)c(O)c2c(F)cccc21,340.0,-6.2,2.0,4.397,
CHEMBL202513,CC(C)CCn1c(=O)c(C2=NS(=O)(=O)c3ccccc3N2)c(O)c2c(F)cccc21,340.0,-6.0,5.803,9.19,
CHEMBL202513,CC(C)CCn1c(=O)c(C2=NS(=O)(=O)c3ccccc3N2)c(O)c2c(F)cccc21,340.0,-4.6,6.245,9.995,
CHEMBL4633554,C/C(=C/c1cc(-c2ccc(OCc3cc(CN4CCC(O)CC4=O)ccc3-c3ccc(C#N)cc3)cc2)n(C2CCCCC2)n1)C(=O)O,340.0,-10.0,0.0,0.0,
CHEMBL4633554,C/C(=C/c1cc(-c2ccc(OCc3cc(CN4CCC(O)CC4=O)ccc3-c3ccc(C#N)cc3)cc2)n(C2CCCCC2)n1)C(=O)O,340.0,-9.7,1.816,2.811,
CHEMBL4633554,C/C(=C/c1cc(-c2ccc(OCc3cc(CN4CCC(O)CC4=O)ccc3-c3ccc(C#N)cc3)cc2)n(C2CCCCC2)n1)C(=O)O,340.0,-9.0,1.557,7.721,
CHEMBL4633554,C/C(=C/c1cc(-c2ccc(OCc3cc(CN4CCC(O)CC4=O)ccc3-c3ccc(C#N)cc3)cc2)n(C2CCCCC2)n1)C(=O)O,340.0,-8.6,2.082,5.127,
CHEMBL217625,O=C(O)c1ccc2c(C3CCCCC3)c3n(c2c1)CCN(CCN1CCCCC1)c1ccccc1-3,340.0,-10.2,0.0,0.0,
CHEMBL217625,O=C(O)c1ccc2c(C3CCCCC3)c3n(c2c1)CCN(CCN1CCCCC1)c1ccccc1-3,340.0,-9.8,2.772,6.065,
CHEMBL217625,O=C(O)c1ccc2c(C3CCCCC3)c3n(c2c1)CCN(CCN1CCCCC1)c1ccccc1-3,340.0,-9.0,5.68,8.113,
CHEMBL217625,O=C(O)c1ccc2c(C3CCCCC3)c3n(c2c1)CCN(CCN1CCCCC1)c1ccccc1-3,340.0,-8.7,3.151,6.861,
CHEMBL217625,O=C(O)c1ccc2c(C3CCCCC3)c3n(c2c1)CCN(CCN1CCCCC1)c1ccccc1-3,340.0,-8.7,4.708,6.982,
CHEMBL217625,O=C(O)c1ccc2c(C3CCCCC3)c3n(c2c1)CCN(CCN1CCCCC1)c1ccccc1-3,340.0,-8.6,2.641,5.033,
CHEMBL217625,O=C(O)c1ccc2c(C3CCCCC3)c3n(c2c1)CCN(CCN1CCCCC1)c1ccccc1-3,340.0,-7.3,2.497,4.099,
CHEMBL202539,O=c1c(C2=NS(=O)(=O)c3ccccc3N2)c(O)c2ccccc2n1CC1CCCCC1,367.0,-7.4,0.0,0.0,
CHEMBL202539,O=c1c(C2=NS(=O)(=O)c3ccccc3N2)c(O)c2ccccc2n1CC1CCCCC1,367.0,-7.4,1.305,1.653,
CHEMBL202539,O=c1c(C2=NS(=O)(=O)c3ccccc3N2)c(O)c2ccccc2n1CC1CCCCC1,367.0,-7.2,4.016,5.735,
CHEMBL202539,O=c1c(C2=NS(=O)(=O)c3ccccc3N2)c(O)c2ccccc2n1CC1CCCCC1,367.0,-6.7,4.472,8.144,
CHEMBL202539,O=c1c(C2=NS(=O)(=O)c3ccccc3N2)c(O)c2ccccc2n1CC1CCCCC1,367.0,-6.2,3.262,8.756,
CHEMBL202539,O=c1c(C2=NS(=O)(=O)c3ccccc3N2)c(O)c2ccccc2n1CC1CCCCC1,367.0,-5.9,4.305,7.319,
CHEMBL202539,O=c1c(C2=NS(=O)(=O)c3ccccc3N2)c(O)c2ccccc2n1CC1CCCCC1,367.0,-5.5,2.981,8.933,
CHEMBL202539,O=c1c(C2=NS(=O)(=O)c3ccccc3N2)c(O)c2ccccc2n1CC1CCCCC1,367.0,-5.3,1.748,2.061,
CHEMBL181634,CC(C)C[C@@]1(C(=O)O)C[C@H](C(=O)O)[C@H](c2nccs2)N1C(=O)c1ccc(C(F)(F)F)cc1,400.0,-6.5,0.0,0.0,
CHEMBL181634,CC(C)C[C@@]1(C(=O)O)C[C@H](C(=O)O)[C@H](c2nccs2)N1C(=O)c1ccc(C(F)(F)F)cc1,400.0,-5.6,2.289,3.286,
CHEMBL181634,CC(C)C[C@@]1(C(=O)O)C[C@H](C(=O)O)[C@H](c2nccs2)N1C(=O)c1ccc(C(F)(F)F)cc1,400.0,-5.5,4.312,7.506,
CHEMBL181634,CC(C)C[C@@]1(C(=O)O)C[C@H](C(=O)O)[C@H](c2nccs2)N1C(=O)c1ccc(C(F)(F)F)cc1,400.0,-4.5,2.219,4.564,
CHEMBL378164,CC(C)CCn1c(=O)c(C2=NS(=O)(=O)c3ccccc3N2)c(O)c2cc([N+](=O)[O-])ccc21,455.0,-6.7,0.0,0.0,
CHEMBL378164,CC(C)CCn1c(=O)c(C2=NS(=O)(=O)c3ccccc3N2)c(O)c2cc([N+](=O)[O-])ccc21,455.0,-6.6,2.747,8.052,
CHEMBL378164,CC(C)CCn1c(=O)c(C2=NS(=O)(=O)c3ccccc3N2)c(O)c2cc([N+](=O)[O-])ccc21,455.0,-5.9,2.132,4.752,
CHEMBL378164,CC(C)CCn1c(=O)c(C2=NS(=O)(=O)c3ccccc3N2)c(O)c2cc([N+](=O)[O-])ccc21,455.0,-5.0,2.562,8.041,
CHEMBL381310,O=c1c(C2=NS(=O)(=O)c3ccccc3N2)c(O)c2ccccc2n1CC1CCOC1,484.0,-7.6,0.0,0.0,
CHEMBL381310,O=c1c(C2=NS(=O)(=O)c3ccccc3N2)c(O)c2ccccc2n1CC1CCOC1,484.0,-6.8,2.587,7.431,
CHEMBL381310,O=c1c(C2=NS(=O)(=O)c3ccccc3N2)c(O)c2ccccc2n1CC1CCOC1,484.0,-6.6,1.783,4.27,
CHEMBL381310,O=c1c(C2=NS(=O)(=O)c3ccccc3N2)c(O)c2ccccc2n1CC1CCOC1,484.0,-6.3,2.648,7.606,
CHEMBL381310,O=c1c(C2=NS(=O)(=O)c3ccccc3N2)c(O)c2ccccc2n1CC1CCOC1,484.0,-6.3,4.79,7.366,
CHEMBL381310,O=c1c(C2=NS(=O)(=O)c3ccccc3N2)c(O)c2ccccc2n1CC1CCOC1,484.0,-6.2,1.47,1.902,
CHEMBL381310,O=c1c(C2=NS(=O)(=O)c3ccccc3N2)c(O)c2ccccc2n1CC1CCOC1,484.0,-5.6,3.127,8.007,
CHEMBL381310,O=c1c(C2=NS(=O)(=O)c3ccccc3N2)c(O)c2ccccc2n1CC1CCOC1,484.0,-5.4,2.598,7.928,
CHEMBL381310,O=c1c(C2=NS(=O)(=O)c3ccccc3N2)c(O)c2ccccc2n1CC1CCOC1,484.0,-5.4,1.817,2.403,
CHEMBL182020,Oc1ncnc2nc(-c3ccc(F)cc3)c(-c3ccc(F)cc3)nc12,500.0,-9.3,0.0,0.0,
CHEMBL182020,Oc1ncnc2nc(-c3ccc(F)cc3)c(-c3ccc(F)cc3)nc12,500.0,-9.2,3.287,3.845,
CHEMBL182020,Oc1ncnc2nc(-c3ccc(F)cc3)c(-c3ccc(F)cc3)nc12,500.0,-9.2,0.832,2.913,
CHEMBL182020,Oc1ncnc2nc(-c3ccc(F)cc3)c(-c3ccc(F)cc3)nc12,500.0,-9.0,2.765,4.352,
CHEMBL182020,Oc1ncnc2nc(-c3ccc(F)cc3)c(-c3ccc(F)cc3)nc12,500.0,-8.9,1.25,1.607,
CHEMBL182020,Oc1ncnc2nc(-c3ccc(F)cc3)c(-c3ccc(F)cc3)nc12,500.0,-8.8,1.835,2.712,
CHEMBL182020,Oc1ncnc2nc(-c3ccc(F)cc3)c(-c3ccc(F)cc3)nc12,500.0,-8.7,2.901,5.036,
CHEMBL360456,CC(C)C[C@@]1(C(=O)O)C[C@H](C(=O)O)[C@H](C(C)C)N1C(=O)c1ccc(C(F)(F)F)cc1,500.0,-6.4,0.0,0.0,
CHEMBL360456,CC(C)C[C@@]1(C(=O)O)C[C@H](C(=O)O)[C@H](C(C)C)N1C(=O)c1ccc(C(F)(F)F)cc1,500.0,-6.4,4.347,7.525,
CHEMBL360456,CC(C)C[C@@]1(C(=O)O)C[C@H](C(=O)O)[C@H](C(C)C)N1C(=O)c1ccc(C(F)(F)F)cc1,500.0,-6.2,4.33,7.072,
CHEMBL201140,O=c1c(C2=NS(=O)(=O)c3ccccc3N2)c(O)c2ccccc2n1CC1CCCO1,528.0,-7.5,0.0,0.0,
CHEMBL201140,O=c1c(C2=NS(=O)(=O)c3ccccc3N2)c(O)c2ccccc2n1CC1CCCO1,528.0,-7.1,2.976,7.872,
CHEMBL201140,O=c1c(C2=NS(=O)(=O)c3ccccc3N2)c(O)c2ccccc2n1CC1CCCO1,528.0,-6.9,2.749,7.785,
CHEMBL201140,O=c1c(C2=NS(=O)(=O)c3ccccc3N2)c(O)c2ccccc2n1CC1CCCO1,528.0,-6.8,1.769,4.505,
CHEMBL201140,O=c1c(C2=NS(=O)(=O)c3ccccc3N2)c(O)c2ccccc2n1CC1CCCO1,528.0,-6.2,4.667,7.2,
CHEMBL201140,O=c1c(C2=NS(=O)(=O)c3ccccc3N2)c(O)c2ccccc2n1CC1CCCO1,528.0,-5.5,1.899,2.246,
CHEMBL201140,O=c1c(C2=NS(=O)(=O)c3ccccc3N2)c(O)c2ccccc2n1CC1CCCO1,528.0,-5.5,1.948,4.182,
CHEMBL201140,O=c1c(C2=NS(=O)(=O)c3ccccc3N2)c(O)c2ccccc2n1CC1CCCO1,528.0,-4.7,3.185,8.524,
CHEMBL4642429,O=C(O)/C=C/c1ccc(NC(=O)N(C(=O)c2ccc3c(c2)nc(-c2ccccn2)n3C2CCCCC2)C2CCCC2)cc1,550.0,-7.8,0.0,0.0,
CHEMBL4642429,O=C(O)/C=C/c1ccc(NC(=O)N(C(=O)c2ccc3c(c2)nc(-c2ccccn2)n3C2CCCCC2)C2CCCC2)cc1,550.0,-7.7,1.693,2.843,
CHEMBL4642429,O=C(O)/C=C/c1ccc(NC(=O)N(C(=O)c2ccc3c(c2)nc(-c2ccccn2)n3C2CCCCC2)C2CCCC2)cc1,550.0,-7.5,1.084,1.826,
CHEMBL4642429,O=C(O)/C=C/c1ccc(NC(=O)N(C(=O)c2ccc3c(c2)nc(-c2ccccn2)n3C2CCCCC2)C2CCCC2)cc1,550.0,-5.0,3.024,9.034,
CHEMBL202581,CC(C)CCn1c(=O)c(C2=NS(=O)(=O)c3ccccc3N2)c(O)c2ccc(F)cc21,554.0,-6.7,0.0,0.0,
CHEMBL202581,CC(C)CCn1c(=O)c(C2=NS(=O)(=O)c3ccccc3N2)c(O)c2ccc(F)cc21,554.0,-6.3,3.629,8.196,
CHEMBL202581,CC(C)CCn1c(=O)c(C2=NS(=O)(=O)c3ccccc3N2)c(O)c2ccc(F)cc21,554.0,-5.9,1.75,2.301,
CHEMBL202581,CC(C)CCn1c(=O)c(C2=NS(=O)(=O)c3ccccc3N2)c(O)c2ccc(F)cc21,554.0,-5.4,4.413,6.432,
CHEMBL202581,CC(C)CCn1c(=O)c(C2=NS(=O)(=O)c3ccccc3N2)c(O)c2ccc(F)cc21,554.0,-5.4,4.096,6.176,
CHEMBL202581,CC(C)CCn1c(=O)c(C2=NS(=O)(=O)c3ccccc3N2)c(O)c2ccc(F)cc21,554.0,-5.0,1.448,3.992,
CHEMBL202581,CC(C)CCn1c(=O)c(C2=NS(=O)(=O)c3ccccc3N2)c(O)c2ccc(F)cc21,554.0,-4.8,6.399,9.34,
CHEMBL202581,CC(C)CCn1c(=O)c(C2=NS(=O)(=O)c3ccccc3N2)c(O)c2ccc(F)cc21,554.0,-4.0,2.554,4.807,
CHEMBL4639473,O=C(N[C@H](Cc1c[nH]c2ccc(O)cc12)C(=O)O)c1ccc2nc(-c3ccccc3)c(C3CCCCC3)nc2c1,600.0,-10.6,0.0,0.0,
CHEMBL4639473,O=C(N[C@H](Cc1c[nH]c2ccc(O)cc12)C(=O)O)c1ccc2nc(-c3ccccc3)c(C3CCCCC3)nc2c1,600.0,-10.0,3.05,6.943,
CHEMBL4639473,O=C(N[C@H](Cc1c[nH]c2ccc(O)cc12)C(=O)O)c1ccc2nc(-c3ccccc3)c(C3CCCCC3)nc2c1,600.0,-9.9,3.075,6.992,
CHEMBL4639473,O=C(N[C@H](Cc1c[nH]c2ccc(O)cc12)C(=O)O)c1ccc2nc(-c3ccccc3)c(C3CCCCC3)nc2c1,600.0,-9.7,3.269,7.082,
CHEMBL4639473,O=C(N[C@H](Cc1c[nH]c2ccc(O)cc12)C(=O)O)c1ccc2nc(-c3ccccc3)c(C3CCCCC3)nc2c1,600.0,-9.5,1.258,2.288,
CHEMBL4639473,O=C(N[C@H](Cc1c[nH]c2ccc(O)cc12)C(=O)O)c1ccc2nc(-c3ccccc3)c(C3CCCCC3)nc2c1,600.0,-9.4,3.022,6.68,
CHEMBL4639473,O=C(N[C@H](Cc1c[nH]c2ccc(O)cc12)C(=O)O)c1ccc2nc(-c3ccccc3)c(C3CCCCC3)nc2c1,600.0,-9.1,2.899,4.765,
CHEMBL180099,CC(C)C[C@@]1(C(=O)O)C[C@H](C(=O)O)[C@H](c2cccs2)N1C(=O)c1cccc(C(F)(F)F)c1,600.0,-6.3,0.0,0.0,
CHEMBL180099,CC(C)C[C@@]1(C(=O)O)C[C@H](C(=O)O)[C@H](c2cccs2)N1C(=O)c1cccc(C(F)(F)F)c1,600.0,-5.6,3.296,6.448,
CHEMBL180099,CC(C)C[C@@]1(C(=O)O)C[C@H](C(=O)O)[C@H](c2cccs2)N1C(=O)c1cccc(C(F)(F)F)c1,600.0,-5.6,1.454,1.847,
CHEMBL180099,CC(C)C[C@@]1(C(=O)O)C[C@H](C(=O)O)[C@H](c2cccs2)N1C(=O)c1cccc(C(F)(F)F)c1,600.0,-5.5,1.315,2.256,
CHEMBL180099,CC(C)C[C@@]1(C(=O)O)C[C@H](C(=O)O)[C@H](c2cccs2)N1C(=O)c1cccc(C(F)(F)F)c1,600.0,-5.5,3.337,6.896,
CHEMBL180099,CC(C)C[C@@]1(C(=O)O)C[C@H](C(=O)O)[C@H](c2cccs2)N1C(=O)c1cccc(C(F)(F)F)c1,600.0,-5.4,2.089,4.424,
CHEMBL180099,CC(C)C[C@@]1(C(=O)O)C[C@H](C(=O)O)[C@H](c2cccs2)N1C(=O)c1cccc(C(F)(F)F)c1,600.0,-5.2,4.076,7.321,
CHEMBL179389,CC(C)C[C@@]1(C(=O)O)C[C@H](C(=O)O)[C@H](c2cccs2)N1C(=O)c1ccc(Cl)c(Cl)c1,600.0,-6.4,0.0,0.0,
CHEMBL179389,CC(C)C[C@@]1(C(=O)O)C[C@H](C(=O)O)[C@H](c2cccs2)N1C(=O)c1ccc(Cl)c(Cl)c1,600.0,-5.3,3.509,6.967,
CHEMBL179389,CC(C)C[C@@]1(C(=O)O)C[C@H](C(=O)O)[C@H](c2cccs2)N1C(=O)c1ccc(Cl)c(Cl)c1,600.0,-4.9,2.238,4.67,
CHEMBL179389,CC(C)C[C@@]1(C(=O)O)C[C@H](C(=O)O)[C@H](c2cccs2)N1C(=O)c1ccc(Cl)c(Cl)c1,600.0,-4.9,3.68,6.741,
CHEMBL179389,CC(C)C[C@@]1(C(=O)O)C[C@H](C(=O)O)[C@H](c2cccs2)N1C(=O)c1ccc(Cl)c(Cl)c1,600.0,-4.8,3.291,6.425,
CHEMBL439511,CC(C)(C)C(=O)Cn1c(=O)c(C2=NS(=O)(=O)c3ccccc3N2)c(O)c2cc(F)ccc21,696.0,-7.8,0.0,0.0,
CHEMBL439511,CC(C)(C)C(=O)Cn1c(=O)c(C2=NS(=O)(=O)c3ccccc3N2)c(O)c2cc(F)ccc21,696.0,-7.7,2.389,7.504,
CHEMBL439511,CC(C)(C)C(=O)Cn1c(=O)c(C2=NS(=O)(=O)c3ccccc3N2)c(O)c2cc(F)ccc21,696.0,-6.5,2.195,4.808,
CHEMBL439511,CC(C)(C)C(=O)Cn1c(=O)c(C2=NS(=O)(=O)c3ccccc3N2)c(O)c2cc(F)ccc21,696.0,-5.8,2.254,4.599,
CHEMBL439511,CC(C)(C)C(=O)Cn1c(=O)c(C2=NS(=O)(=O)c3ccccc3N2)c(O)c2cc(F)ccc21,696.0,-5.6,3.454,7.906,
CHEMBL180188,CC(C)C[C@@]1(C(=O)O)C[C@H](C(=O)O)[C@H](c2ccccc2)N1C(=O)c1ccc(C(F)(F)F)cc1,700.0,-6.9,0.0,0.0,
CHEMBL180188,CC(C)C[C@@]1(C(=O)O)C[C@H](C(=O)O)[C@H](c2ccccc2)N1C(=O)c1ccc(C(F)(F)F)cc1,700.0,-6.9,0.027,1.285,
CHEMBL180188,CC(C)C[C@@]1(C(=O)O)C[C@H](C(=O)O)[C@H](c2ccccc2)N1C(=O)c1ccc(C(F)(F)F)cc1,700.0,-6.0,4.106,7.227,
CHEMBL180188,CC(C)C[C@@]1(C(=O)O)C[C@H](C(=O)O)[C@H](c2ccccc2)N1C(=O)c1ccc(C(F)(F)F)cc1,700.0,-5.8,5.014,8.603,
CHEMBL360543,CC(C)C[C@@]1(C(=O)O)C[C@H](C(=O)O)[C@H](c2ccccn2)N1C(=O)c1ccc(C(F)(F)F)cc1,700.0,-6.9,0.0,0.0,
CHEMBL360543,CC(C)C[C@@]1(C(=O)O)C[C@H](C(=O)O)[C@H](c2ccccn2)N1C(=O)c1ccc(C(F)(F)F)cc1,700.0,-5.8,5.028,8.597,
CHEMBL360543,CC(C)C[C@@]1(C(=O)O)C[C@H](C(=O)O)[C@H](c2ccccn2)N1C(=O)c1ccc(C(F)(F)F)cc1,700.0,-5.5,4.171,7.246,
CHEMBL360543,CC(C)C[C@@]1(C(=O)O)C[C@H](C(=O)O)[C@H](c2ccccn2)N1C(=O)c1ccc(C(F)(F)F)cc1,700.0,-5.3,2.536,4.774,
CHEMBL360543,CC(C)C[C@@]1(C(=O)O)C[C@H](C(=O)O)[C@H](c2ccccn2)N1C(=O)c1ccc(C(F)(F)F)cc1,700.0,-4.0,4.256,7.881,
CHEMBL180771,CC(C)C[C@@]1(C(=O)O)C[C@H](C(=O)O)[C@H](c2cccs2)N1C(=O)c1cccc2ccccc12,700.0,-6.1,0.0,0.0,
CHEMBL180771,CC(C)C[C@@]1(C(=O)O)C[C@H](C(=O)O)[C@H](c2cccs2)N1C(=O)c1cccc2ccccc12,700.0,-5.2,1.667,2.707,
CHEMBL180771,CC(C)C[C@@]1(C(=O)O)C[C@H](C(=O)O)[C@H](c2cccs2)N1C(=O)c1cccc2ccccc12,700.0,-5.1,2.342,5.266,
CHEMBL180771,CC(C)C[C@@]1(C(=O)O)C[C@H](C(=O)O)[C@H](c2cccs2)N1C(=O)c1cccc2ccccc12,700.0,-4.3,2.68,4.604,
CHEMBL180771,CC(C)C[C@@]1(C(=O)O)C[C@H](C(=O)O)[C@H](c2cccs2)N1C(=O)c1cccc2ccccc12,700.0,-4.2,2.623,5.932,
CHEMBL180771,CC(C)C[C@@]1(C(=O)O)C[C@H](C(=O)O)[C@H](c2cccs2)N1C(=O)c1cccc2ccccc12,700.0,-4.2,2.853,6.616,
CHEMBL180771,CC(C)C[C@@]1(C(=O)O)C[C@H](C(=O)O)[C@H](c2cccs2)N1C(=O)c1cccc2ccccc12,700.0,-3.8,2.19,4.742,
CHEMBL180771,CC(C)C[C@@]1(C(=O)O)C[C@H](C(=O)O)[C@H](c2cccs2)N1C(=O)c1cccc2ccccc12,700.0,-3.8,1.298,2.78,
CHEMBL427375,N#CCCCCn1c(=O)c(C2=NS(=O)(=O)c3ccccc3N2)c(O)c2ccccc21,750.0,-7.0,0.0,0.0,
CHEMBL427375,N#CCCCCn1c(=O)c(C2=NS(=O)(=O)c3ccccc3N2)c(O)c2ccccc21,750.0,-6.5,4.152,6.223,
CHEMBL427375,N#CCCCCn1c(=O)c(C2=NS(=O)(=O)c3ccccc3N2)c(O)c2ccccc21,750.0,-6.4,3.508,7.973,
CHEMBL427375,N#CCCCCn1c(=O)c(C2=NS(=O)(=O)c3ccccc3N2)c(O)c2ccccc21,750.0,-6.3,1.651,2.229,
CHEMBL427375,N#CCCCCn1c(=O)c(C2=NS(=O)(=O)c3ccccc3N2)c(O)c2ccccc21,750.0,-6.2,3.822,6.114,
CHEMBL427375,N#CCCCCn1c(=O)c(C2=NS(=O)(=O)c3ccccc3N2)c(O)c2ccccc21,750.0,-6.2,5.777,9.367,
CHEMBL427375,N#CCCCCn1c(=O)c(C2=NS(=O)(=O)c3ccccc3N2)c(O)c2ccccc21,750.0,-6.1,3.308,7.737,
CHEMBL427375,N#CCCCCn1c(=O)c(C2=NS(=O)(=O)c3ccccc3N2)c(O)c2ccccc21,750.0,-5.8,3.407,5.534,
CHEMBL427375,N#CCCCCn1c(=O)c(C2=NS(=O)(=O)c3ccccc3N2)c(O)c2ccccc21,750.0,-5.4,6.6,10.444,
CHEMBL202191,N#Cc1ccccc1Cn1c(=O)c(C2=NS(=O)(=O)c3ccccc3N2)c(O)c2ccccc21,780.0,-8.4,0.0,0.0,
CHEMBL202191,N#Cc1ccccc1Cn1c(=O)c(C2=NS(=O)(=O)c3ccccc3N2)c(O)c2ccccc21,780.0,-7.2,2.929,7.346,
CHEMBL202191,N#Cc1ccccc1Cn1c(=O)c(C2=NS(=O)(=O)c3ccccc3N2)c(O)c2ccccc21,780.0,-6.7,2.76,7.672,
CHEMBL202191,N#Cc1ccccc1Cn1c(=O)c(C2=NS(=O)(=O)c3ccccc3N2)c(O)c2ccccc21,780.0,-6.5,3.091,8.077,
CHEMBL202191,N#Cc1ccccc1Cn1c(=O)c(C2=NS(=O)(=O)c3ccccc3N2)c(O)c2ccccc21,780.0,-6.3,2.717,7.34,
CHEMBL202191,N#Cc1ccccc1Cn1c(=O)c(C2=NS(=O)(=O)c3ccccc3N2)c(O)c2ccccc21,780.0,-5.6,3.034,7.733,
CHEMBL179508,CC(C)C[C@@]1(C(=O)O)C[C@H](C(=O)O)[C@H](c2ccco2)N1C(=O)c1ccc(C(F)(F)F)cc1,800.0,-6.0,0.0,0.0,
CHEMBL202079,COCCn1c(=O)c(C2=NS(=O)(=O)c3ccccc3N2)c(O)c2ccccc21,819.0,-6.8,0.0,0.0,
CHEMBL202079,COCCn1c(=O)c(C2=NS(=O)(=O)c3ccccc3N2)c(O)c2ccccc21,819.0,-6.7,5.32,8.58,
CHEMBL202079,COCCn1c(=O)c(C2=NS(=O)(=O)c3ccccc3N2)c(O)c2ccccc21,819.0,-6.6,5.716,9.571,
CHEMBL202079,COCCn1c(=O)c(C2=NS(=O)(=O)c3ccccc3N2)c(O)c2ccccc21,819.0,-6.5,4.707,7.402,
CHEMBL202079,COCCn1c(=O)c(C2=NS(=O)(=O)c3ccccc3N2)c(O)c2ccccc21,819.0,-6.4,6.592,10.443,
CHEMBL202079,COCCn1c(=O)c(C2=NS(=O)(=O)c3ccccc3N2)c(O)c2ccccc21,819.0,-6.1,1.605,1.967,
CHEMBL202079,COCCn1c(=O)c(C2=NS(=O)(=O)c3ccccc3N2)c(O)c2ccccc21,819.0,-6.0,4.562,7.47,
CHEMBL202079,COCCn1c(=O)c(C2=NS(=O)(=O)c3ccccc3N2)c(O)c2ccccc21,819.0,-5.7,5.06,9.024,
CHEMBL202079,COCCn1c(=O)c(C2=NS(=O)(=O)c3ccccc3N2)c(O)c2ccccc21,819.0,-5.6,2.469,7.505,
CHEMBL413358,CC(C)C[C@@]1(C(=O)O)C[C@H](C(=O)O)[C@H](c2ccc(Cl)cc2)N1C(=O)c1ccc(C(F)(F)F)cc1,900.0,-7.1,0.0,0.0,
CHEMBL413358,CC(C)C[C@@]1(C(=O)O)C[C@H](C(=O)O)[C@H](c2ccc(Cl)cc2)N1C(=O)c1ccc(C(F)(F)F)cc1,900.0,-6.0,5.283,8.722,
CHEMBL439333,CC(C)CCn1c(=O)c(C2=NS(=O)(=O)c3ccccc3N2)c(O)c2cc(NC(=O)C3CCCC3)ccc21,973.0,-1.4,0.0,0.0,
CHEMBL439333,CC(C)CCn1c(=O)c(C2=NS(=O)(=O)c3ccccc3N2)c(O)c2cc(NC(=O)C3CCCC3)ccc21,973.0,-0.6,4.28,6.566,
CHEMBL439333,CC(C)CCn1c(=O)c(C2=NS(=O)(=O)c3ccccc3N2)c(O)c2cc(NC(=O)C3CCCC3)ccc21,973.0,0.1,3.594,9.382,
CHEMBL181308,Cc1ccc([C@H]2[C@@H](C(=O)O)C[C@@](CC(C)C)(C(=O)O)N2C(=O)c2ccc(C(F)(F)F)cc2)cc1,1000.0,-7.1,0.0,0.0,
CHEMBL181308,Cc1ccc([C@H]2[C@@H](C(=O)O)C[C@@](CC(C)C)(C(=O)O)N2C(=O)c2ccc(C(F)(F)F)cc2)cc1,1000.0,-6.1,4.916,8.616,
CHEMBL181308,Cc1ccc([C@H]2[C@@H](C(=O)O)C[C@@](CC(C)C)(C(=O)O)N2C(=O)c2ccc(C(F)(F)F)cc2)cc1,1000.0,-5.9,2.049,4.624,
CHEMBL202407,CC(C)CCn1c(=O)c(C2=NS(=O)(=O)c3ccccc3N2)c(O)c2cc(C(=O)O)ccc21,1035.0,-6.7,0.0,0.0,
CHEMBL202407,CC(C)CCn1c(=O)c(C2=NS(=O)(=O)c3ccccc3N2)c(O)c2cc(C(=O)O)ccc21,1035.0,-6.7,2.232,4.724,
CHEMBL202407,CC(C)CCn1c(=O)c(C2=NS(=O)(=O)c3ccccc3N2)c(O)c2cc(C(=O)O)ccc21,1035.0,-6.6,3.219,8.438,
CHEMBL202407,CC(C)CCn1c(=O)c(C2=NS(=O)(=O)c3ccccc3N2)c(O)c2cc(C(=O)O)ccc21,1035.0,-6.5,3.549,8.058,
CHEMBL202407,CC(C)CCn1c(=O)c(C2=NS(=O)(=O)c3ccccc3N2)c(O)c2cc(C(=O)O)ccc21,1035.0,-5.2,2.807,5.506,
CHEMBL202407,CC(C)CCn1c(=O)c(C2=NS(=O)(=O)c3ccccc3N2)c(O)c2cc(C(=O)O)ccc21,1035.0,-4.1,2.71,5.053,
CHEMBL201927,O=c1c(C2=NS(=O)(=O)c3ccccc3N2)c(O)c2ccccc2n1CCCCO,1301.0,-6.9,0.0,0.0,
CHEMBL201927,O=c1c(C2=NS(=O)(=O)c3ccccc3N2)c(O)c2ccccc2n1CCCCO,1301.0,-6.8,2.833,7.64,
CHEMBL201927,O=c1c(C2=NS(=O)(=O)c3ccccc3N2)c(O)c2ccccc2n1CCCCO,1301.0,-6.6,4.318,5.834,
CHEMBL201927,O=c1c(C2=NS(=O)(=O)c3ccccc3N2)c(O)c2ccccc2n1CCCCO,1301.0,-6.4,3.578,8.307,
CHEMBL201927,O=c1c(C2=NS(=O)(=O)c3ccccc3N2)c(O)c2ccccc2n1CCCCO,1301.0,-6.3,3.3,7.921,
CHEMBL201927,O=c1c(C2=NS(=O)(=O)c3ccccc3N2)c(O)c2ccccc2n1CCCCO,1301.0,-6.3,2.774,8.036,
CHEMBL201927,O=c1c(C2=NS(=O)(=O)c3ccccc3N2)c(O)c2ccccc2n1CCCCO,1301.0,-5.9,4.054,5.71,
CHEMBL201927,O=c1c(C2=NS(=O)(=O)c3ccccc3N2)c(O)c2ccccc2n1CCCCO,1301.0,-5.6,6.108,9.083,
CHEMBL201927,O=c1c(C2=NS(=O)(=O)c3ccccc3N2)c(O)c2ccccc2n1CCCCO,1301.0,-5.0,3.827,5.792,
CHEMBL202250,CCCn1c(=O)c(C2=NS(=O)(=O)c3ccccc3N2)c(O)c2ccccc21,1550.0,-7.3,0.0,0.0,
CHEMBL202250,CCCn1c(=O)c(C2=NS(=O)(=O)c3ccccc3N2)c(O)c2ccccc21,1550.0,-6.8,5.447,7.335,
CHEMBL202250,CCCn1c(=O)c(C2=NS(=O)(=O)c3ccccc3N2)c(O)c2ccccc21,1550.0,-6.7,5.604,9.295,
CHEMBL202250,CCCn1c(=O)c(C2=NS(=O)(=O)c3ccccc3N2)c(O)c2ccccc21,1550.0,-6.6,5.172,8.331,
CHEMBL202250,CCCn1c(=O)c(C2=NS(=O)(=O)c3ccccc3N2)c(O)c2ccccc21,1550.0,-6.4,1.847,2.197,
CHEMBL202250,CCCn1c(=O)c(C2=NS(=O)(=O)c3ccccc3N2)c(O)c2ccccc21,1550.0,-6.3,5.567,7.259,
CHEMBL202250,CCCn1c(=O)c(C2=NS(=O)(=O)c3ccccc3N2)c(O)c2ccccc21,1550.0,-5.9,4.979,8.372,
CHEMBL202250,CCCn1c(=O)c(C2=NS(=O)(=O)c3ccccc3N2)c(O)c2ccccc21,1550.0,-5.6,2.736,7.499,
CHEMBL202250,CCCn1c(=O)c(C2=NS(=O)(=O)c3ccccc3N2)c(O)c2ccccc21,1550.0,-5.4,6.555,10.212,
CHEMBL175177,O=C(O)c1ccc2c(c1)nc(-c1ccoc1)n2C1CCCCC1,1600.0,-7.3,0.0,0.0,
CHEMBL175177,O=C(O)c1ccc2c(c1)nc(-c1ccoc1)n2C1CCCCC1,1600.0,-7.1,2.631,7.455,
CHEMBL175177,O=C(O)c1ccc2c(c1)nc(-c1ccoc1)n2C1CCCCC1,1600.0,-6.9,1.692,3.935,
CHEMBL175177,O=C(O)c1ccc2c(c1)nc(-c1ccoc1)n2C1CCCCC1,1600.0,-5.6,4.964,7.668,
CHEMBL175177,O=C(O)c1ccc2c(c1)nc(-c1ccoc1)n2C1CCCCC1,1600.0,-5.5,1.78,6.795,
CHEMBL175177,O=C(O)c1ccc2c(c1)nc(-c1ccoc1)n2C1CCCCC1,1600.0,-5.5,4.844,6.809,
CHEMBL175177,O=C(O)c1ccc2c(c1)nc(-c1ccoc1)n2C1CCCCC1,1600.0,-5.5,2.137,6.179,
CHEMBL175177,O=C(O)c1ccc2c(c1)nc(-c1ccoc1)n2C1CCCCC1,1600.0,-5.4,5.144,7.802,
CHEMBL175177,O=C(O)c1ccc2c(c1)nc(-c1ccoc1)n2C1CCCCC1,1600.0,-5.3,3.25,6.748,
CHEMBL361429,CC(C)C[C@@]1(C(=O)O)C[C@H](C(=O)O)[C@H](c2cccs2)N1C(=O)c1ccc(Cl)cc1,1700.0,-6.3,0.0,0.0,
CHEMBL361429,CC(C)C[C@@]1(C(=O)O)C[C@H](C(=O)O)[C@H](c2cccs2)N1C(=O)c1ccc(Cl)cc1,1700.0,-5.0,2.108,4.627,
CHEMBL361429,CC(C)C[C@@]1(C(=O)O)C[C@H](C(=O)O)[C@H](c2cccs2)N1C(=O)c1ccc(Cl)cc1,1700.0,-4.8,3.178,6.795,
CHEMBL361429,CC(C)C[C@@]1(C(=O)O)C[C@H](C(=O)O)[C@H](c2cccs2)N1C(=O)c1ccc(Cl)cc1,1700.0,-4.7,3.72,6.557,
CHEMBL361429,CC(C)C[C@@]1(C(=O)O)C[C@H](C(=O)O)[C@H](c2cccs2)N1C(=O)c1ccc(Cl)cc1,1700.0,-4.7,2.868,5.11,
CHEMBL425757,COCCOc1ccc2c(c1)c(O)c(C1=NS(=O)(=O)c3ccccc3N1)c(=O)n2CCC(C)C,1741.0,-6.7,0.0,0.0,
CHEMBL425757,COCCOc1ccc2c(c1)c(O)c(C1=NS(=O)(=O)c3ccccc3N1)c(=O)n2CCC(C)C,1741.0,-6.5,2.859,8.144,
CHEMBL425757,COCCOc1ccc2c(c1)c(O)c(C1=NS(=O)(=O)c3ccccc3N1)c(=O)n2CCC(C)C,1741.0,-5.9,1.77,2.257,
CHEMBL425757,COCCOc1ccc2c(c1)c(O)c(C1=NS(=O)(=O)c3ccccc3N1)c(=O)n2CCC(C)C,1741.0,-5.7,2.791,7.934,
CHEMBL425757,COCCOc1ccc2c(c1)c(O)c(C1=NS(=O)(=O)c3ccccc3N1)c(=O)n2CCC(C)C,1741.0,-4.5,2.7,8.164,
CHEMBL425757,COCCOc1ccc2c(c1)c(O)c(C1=NS(=O)(=O)c3ccccc3N1)c(=O)n2CCC(C)C,1741.0,-4.3,4.045,6.827,
CHEMBL425757,COCCOc1ccc2c(c1)c(O)c(C1=NS(=O)(=O)c3ccccc3N1)c(=O)n2CCC(C)C,1741.0,-4.2,3.555,9.899,
CHEMBL425757,COCCOc1ccc2c(c1)c(O)c(C1=NS(=O)(=O)c3ccccc3N1)c(=O)n2CCC(C)C,1741.0,-4.1,3.634,6.059,
CHEMBL360800,O=C(O)[C@H]1C[C@@](Cc2ccccc2)(C(=O)O)N(C(=O)c2ccc(C(F)(F)F)cc2)[C@H]1c1ccccc1,1900.0,-6.8,0.0,0.0,
CHEMBL360800,O=C(O)[C@H]1C[C@@](Cc2ccccc2)(C(=O)O)N(C(=O)c2ccc(C(F)(F)F)cc2)[C@H]1c1ccccc1,1900.0,-4.4,4.007,7.377,
CHEMBL360800,O=C(O)[C@H]1C[C@@](Cc2ccccc2)(C(=O)O)N(C(=O)c2ccc(C(F)(F)F)cc2)[C@H]1c1ccccc1,1900.0,-4.0,3.601,7.664,
CHEMBL202606,CCOC(=O)n1c(=O)c(C2=NS(=O)(=O)c3ccccc3N2)c(O)c2ccccc21,2036.0,-6.9,0.0,0.0,
CHEMBL202606,CCOC(=O)n1c(=O)c(C2=NS(=O)(=O)c3ccccc3N2)c(O)c2ccccc21,2036.0,-6.3,2.928,7.748,
CHEMBL202606,CCOC(=O)n1c(=O)c(C2=NS(=O)(=O)c3ccccc3N2)c(O)c2ccccc21,2036.0,-6.3,1.595,2.191,
CHEMBL202606,CCOC(=O)n1c(=O)c(C2=NS(=O)(=O)c3ccccc3N2)c(O)c2ccccc21,2036.0,-6.1,3.423,8.294,
CHEMBL202606,CCOC(=O)n1c(=O)c(C2=NS(=O)(=O)c3ccccc3N2)c(O)c2ccccc21,2036.0,-4.9,6.305,10.065,
CHEMBL202606,CCOC(=O)n1c(=O)c(C2=NS(=O)(=O)c3ccccc3N2)c(O)c2ccccc21,2036.0,-4.3,6.501,10.343,
CHEMBL202606,CCOC(=O)n1c(=O)c(C2=NS(=O)(=O)c3ccccc3N2)c(O)c2ccccc21,2036.0,-4.0,2.909,7.924,
CHEMBL201305,CCn1c(=O)c(C2=NS(=O)(=O)c3ccccc3N2)c(O)c2ccccc21,2220.0,-7.4,0.0,0.0,
CHEMBL201305,CCn1c(=O)c(C2=NS(=O)(=O)c3ccccc3N2)c(O)c2ccccc21,2220.0,-7.1,1.781,1.995,
CHEMBL201305,CCn1c(=O)c(C2=NS(=O)(=O)c3ccccc3N2)c(O)c2ccccc21,2220.0,-6.7,5.507,8.957,
CHEMBL201305,CCn1c(=O)c(C2=NS(=O)(=O)c3ccccc3N2)c(O)c2ccccc21,2220.0,-6.5,1.827,2.141,
CHEMBL201305,CCn1c(=O)c(C2=NS(=O)(=O)c3ccccc3N2)c(O)c2ccccc21,2220.0,-6.4,4.998,7.38,
CHEMBL201305,CCn1c(=O)c(C2=NS(=O)(=O)c3ccccc3N2)c(O)c2ccccc21,2220.0,-6.2,2.576,7.421,
CHEMBL201305,CCn1c(=O)c(C2=NS(=O)(=O)c3ccccc3N2)c(O)c2ccccc21,2220.0,-6.0,4.794,8.249,
CHEMBL201305,CCn1c(=O)c(C2=NS(=O)(=O)c3ccccc3N2)c(O)c2ccccc21,2220.0,-5.9,5.436,7.213,
CHEMBL201305,CCn1c(=O)c(C2=NS(=O)(=O)c3ccccc3N2)c(O)c2ccccc21,2220.0,-5.9,4.79,8.059,
CHEMBL381699,CS(=O)(=O)CCn1c(=O)c(C2=NS(=O)(=O)c3ccccc3N2)c(O)c2ccccc21,2322.0,-6.9,0.0,0.0,
CHEMBL381699,CS(=O)(=O)CCn1c(=O)c(C2=NS(=O)(=O)c3ccccc3N2)c(O)c2ccccc21,2322.0,-6.8,3.368,8.002,
CHEMBL381699,CS(=O)(=O)CCn1c(=O)c(C2=NS(=O)(=O)c3ccccc3N2)c(O)c2ccccc21,2322.0,-6.4,1.67,1.924,
CHEMBL381699,CS(=O)(=O)CCn1c(=O)c(C2=NS(=O)(=O)c3ccccc3N2)c(O)c2ccccc21,2322.0,-6.4,3.263,8.361,
CHEMBL381699,CS(=O)(=O)CCn1c(=O)c(C2=NS(=O)(=O)c3ccccc3N2)c(O)c2ccccc21,2322.0,-6.0,2.094,2.483,
CHEMBL381699,CS(=O)(=O)CCn1c(=O)c(C2=NS(=O)(=O)c3ccccc3N2)c(O)c2ccccc21,2322.0,-5.8,2.869,7.256,
CHEMBL381699,CS(=O)(=O)CCn1c(=O)c(C2=NS(=O)(=O)c3ccccc3N2)c(O)c2ccccc21,2322.0,-5.3,4.415,7.475,
CHEMBL381699,CS(=O)(=O)CCn1c(=O)c(C2=NS(=O)(=O)c3ccccc3N2)c(O)c2ccccc21,2322.0,-4.9,2.298,7.661,
CHEMBL381699,CS(=O)(=O)CCn1c(=O)c(C2=NS(=O)(=O)c3ccccc3N2)c(O)c2ccccc21,2322.0,-4.8,1.627,2.091,
CHEMBL203369,CC(C)CCn1c(=O)c(C2=NS(=O)(=O)c3ccccc3N2C)c(O)c2ccccc21,2429.0,-6.7,0.0,0.0,
CHEMBL203369,CC(C)CCn1c(=O)c(C2=NS(=O)(=O)c3ccccc3N2C)c(O)c2ccccc21,2429.0,-6.7,3.044,7.565,
CHEMBL203369,CC(C)CCn1c(=O)c(C2=NS(=O)(=O)c3ccccc3N2C)c(O)c2ccccc21,2429.0,-5.8,2.747,7.666,
CHEMBL203369,CC(C)CCn1c(=O)c(C2=NS(=O)(=O)c3ccccc3N2C)c(O)c2ccccc21,2429.0,-5.8,2.025,4.153,
CHEMBL203369,CC(C)CCn1c(=O)c(C2=NS(=O)(=O)c3ccccc3N2C)c(O)c2ccccc21,2429.0,-4.7,2.446,7.697,
CHEMBL203369,CC(C)CCn1c(=O)c(C2=NS(=O)(=O)c3ccccc3N2C)c(O)c2ccccc21,2429.0,-4.4,1.728,1.895,
CHEMBL203369,CC(C)CCn1c(=O)c(C2=NS(=O)(=O)c3ccccc3N2C)c(O)c2ccccc21,2429.0,-3.9,3.477,7.224,
CHEMBL381497,O=c1c(C2=NS(=O)(=O)c3ccccc3N2)c(O)c2ccccc2n1Cc1ccc([N+](=O)[O-])cc1,2442.0,-8.1,0.0,0.0,
CHEMBL381497,O=c1c(C2=NS(=O)(=O)c3ccccc3N2)c(O)c2ccccc2n1Cc1ccc([N+](=O)[O-])cc1,2442.0,-8.0,3.442,8.364,
CHEMBL381497,O=c1c(C2=NS(=O)(=O)c3ccccc3N2)c(O)c2ccccc2n1Cc1ccc([N+](=O)[O-])cc1,2442.0,-6.5,4.449,7.145,
CHEMBL381497,O=c1c(C2=NS(=O)(=O)c3ccccc3N2)c(O)c2ccccc2n1Cc1ccc([N+](=O)[O-])cc1,2442.0,-5.3,3.506,9.127,
CHEMBL202325,C[S+]([O-])CCn1c(=O)c(C2=NS(=O)(=O)c3ccccc3N2)c(O)c2ccccc21,2537.0,-6.6,0.0,0.0,
CHEMBL202325,C[S+]([O-])CCn1c(=O)c(C2=NS(=O)(=O)c3ccccc3N2)c(O)c2ccccc21,2537.0,-6.6,3.66,8.265,
CHEMBL202325,C[S+]([O-])CCn1c(=O)c(C2=NS(=O)(=O)c3ccccc3N2)c(O)c2ccccc21,2537.0,-6.2,1.953,2.319,
CHEMBL202325,C[S+]([O-])CCn1c(=O)c(C2=NS(=O)(=O)c3ccccc3N2)c(O)c2ccccc21,2537.0,-5.5,4.439,7.445,
CHEMBL202325,C[S+]([O-])CCn1c(=O)c(C2=NS(=O)(=O)c3ccccc3N2)c(O)c2ccccc21,2537.0,-5.2,2.684,8.501,
CHEMBL202325,C[S+]([O-])CCn1c(=O)c(C2=NS(=O)(=O)c3ccccc3N2)c(O)c2ccccc21,2537.0,-5.0,5.129,9.297,
CHEMBL202325,C[S+]([O-])CCn1c(=O)c(C2=NS(=O)(=O)c3ccccc3N2)c(O)c2ccccc21,2537.0,-4.9,2.531,8.337,
CHEMBL202325,C[S+]([O-])CCn1c(=O)c(C2=NS(=O)(=O)c3ccccc3N2)c(O)c2ccccc21,2537.0,-4.5,5.591,9.282,
CHEMBL202325,C[S+]([O-])CCn1c(=O)c(C2=NS(=O)(=O)c3ccccc3N2)c(O)c2ccccc21,2537.0,-4.0,4.551,6.742,
CHEMBL200985,O=c1c(C2=NS(=O)(=O)c3ccccc3N2)c(O)c2ccccc2n1Cc1ccccn1,2694.0,-8.0,0.0,0.0,
CHEMBL200985,O=c1c(C2=NS(=O)(=O)c3ccccc3N2)c(O)c2ccccc2n1Cc1ccccn1,2694.0,-7.5,3.059,7.815,
CHEMBL200985,O=c1c(C2=NS(=O)(=O)c3ccccc3N2)c(O)c2ccccc2n1Cc1ccccn1,2694.0,-7.5,2.819,8.022,
CHEMBL200985,O=c1c(C2=NS(=O)(=O)c3ccccc3N2)c(O)c2ccccc2n1Cc1ccccn1,2694.0,-7.1,2.793,7.666,
CHEMBL200985,O=c1c(C2=NS(=O)(=O)c3ccccc3N2)c(O)c2ccccc2n1Cc1ccccn1,2694.0,-6.6,2.08,5.018,
CHEMBL200985,O=c1c(C2=NS(=O)(=O)c3ccccc3N2)c(O)c2ccccc2n1Cc1ccccn1,2694.0,-6.4,4.771,7.359,
CHEMBL200985,O=c1c(C2=NS(=O)(=O)c3ccccc3N2)c(O)c2ccccc2n1Cc1ccccn1,2694.0,-6.2,2.903,7.779,
CHEMBL200985,O=c1c(C2=NS(=O)(=O)c3ccccc3N2)c(O)c2ccccc2n1Cc1ccccn1,2694.0,-6.0,1.846,2.421,
CHEMBL200985,O=c1c(C2=NS(=O)(=O)c3ccccc3N2)c(O)c2ccccc2n1Cc1ccccn1,2694.0,-5.8,3.068,8.14,
CHEMBL201040,O=c1c(C2=NS(=O)(=O)c3ccccc3N2)c(O)c2ccccc2n1CCCO,2815.0,-7.0,0.0,0.0,
CHEMBL201040,O=c1c(C2=NS(=O)(=O)c3ccccc3N2)c(O)c2ccccc2n1CCCO,2815.0,-6.8,1.184,1.336,
CHEMBL201040,O=c1c(C2=NS(=O)(=O)c3ccccc3N2)c(O)c2ccccc2n1CCCO,2815.0,-6.5,5.109,8.14,
CHEMBL201040,O=c1c(C2=NS(=O)(=O)c3ccccc3N2)c(O)c2ccccc2n1CCCO,2815.0,-6.5,5.442,9.356,
CHEMBL201040,O=c1c(C2=NS(=O)(=O)c3ccccc3N2)c(O)c2ccccc2n1CCCO,2815.0,-6.4,2.004,2.41,
CHEMBL201040,O=c1c(C2=NS(=O)(=O)c3ccccc3N2)c(O)c2ccccc2n1CCCO,2815.0,-6.3,4.411,6.894,
CHEMBL201040,O=c1c(C2=NS(=O)(=O)c3ccccc3N2)c(O)c2ccccc2n1CCCO,2815.0,-6.3,6.422,10.007,
CHEMBL201040,O=c1c(C2=NS(=O)(=O)c3ccccc3N2)c(O)c2ccccc2n1CCCO,2815.0,-6.2,5.941,8.069,
CHEMBL201040,O=c1c(C2=NS(=O)(=O)c3ccccc3N2)c(O)c2ccccc2n1CCCO,2815.0,-6.1,4.533,6.785,
CHEMBL4640738,CCCC1(CC(=O)O)OCCC2c3c(CC)ccc(Cl)c3NC21,3000.0,-8.8,0.0,0.0,
CHEMBL4640738,CCCC1(CC(=O)O)OCCC2c3c(CC)ccc(Cl)c3NC21,3000.0,-8.1,6.789,8.313,
CHEMBL4640738,CCCC1(CC(=O)O)OCCC2c3c(CC)ccc(Cl)c3NC21,3000.0,-8.1,2.092,4.246,
CHEMBL4640738,CCCC1(CC(=O)O)OCCC2c3c(CC)ccc(Cl)c3NC21,3000.0,-8.0,3.987,5.071,
CHEMBL4640738,CCCC1(CC(=O)O)OCCC2c3c(CC)ccc(Cl)c3NC21,3000.0,-7.7,3.926,4.839,
CHEMBL4640738,CCCC1(CC(=O)O)OCCC2c3c(CC)ccc(Cl)c3NC21,3000.0,-7.7,1.982,2.895,
CHEMBL4640738,CCCC1(CC(=O)O)OCCC2c3c(CC)ccc(Cl)c3NC21,3000.0,-7.7,1.717,2.438,
CHEMBL4640738,CCCC1(CC(=O)O)OCCC2c3c(CC)ccc(Cl)c3NC21,3000.0,-7.7,7.063,8.419,
CHEMBL4640738,CCCC1(CC(=O)O)OCCC2c3c(CC)ccc(Cl)c3NC21,3000.0,-7.6,2.404,4.504,
CHEMBL206461,O=C(O)c1ccc2c(c1)nc(-c1ccc(OCc3ccccc3)cc1)n2C1CCCC1,3200.0,-9.4,0.0,0.0,
CHEMBL206461,O=C(O)c1ccc2c(c1)nc(-c1ccc(OCc3ccccc3)cc1)n2C1CCCC1,3200.0,-9.2,4.015,6.411,
CHEMBL206461,O=C(O)c1ccc2c(c1)nc(-c1ccc(OCc3ccccc3)cc1)n2C1CCCC1,3200.0,-9.1,4.204,6.754,
CHEMBL206461,O=C(O)c1ccc2c(c1)nc(-c1ccc(OCc3ccccc3)cc1)n2C1CCCC1,3200.0,-9.0,3.918,7.982,
CHEMBL206461,O=C(O)c1ccc2c(c1)nc(-c1ccc(OCc3ccccc3)cc1)n2C1CCCC1,3200.0,-9.0,4.258,6.531,
CHEMBL206461,O=C(O)c1ccc2c(c1)nc(-c1ccc(OCc3ccccc3)cc1)n2C1CCCC1,3200.0,-8.4,5.561,7.573,
CHEMBL206461,O=C(O)c1ccc2c(c1)nc(-c1ccc(OCc3ccccc3)cc1)n2C1CCCC1,3200.0,-8.4,4.226,6.261,
CHEMBL206461,O=C(O)c1ccc2c(c1)nc(-c1ccc(OCc3ccccc3)cc1)n2C1CCCC1,3200.0,-8.2,2.47,6.787,
CHEMBL178557,CC(C)C[C@@]1(C(=O)O)C[C@H](C(=O)O)[C@H](c2cccs2)N1C(=O)c1ccc([N+](=O)[O-])cc1,3200.0,-6.3,0.0,0.0,
CHEMBL178557,CC(C)C[C@@]1(C(=O)O)C[C@H](C(=O)O)[C@H](c2cccs2)N1C(=O)c1ccc([N+](=O)[O-])cc1,3200.0,-5.3,2.525,7.387,
CHEMBL178557,CC(C)C[C@@]1(C(=O)O)C[C@H](C(=O)O)[C@H](c2cccs2)N1C(=O)c1ccc([N+](=O)[O-])cc1,3200.0,-5.1,2.449,6.768,
CHEMBL433580,CCCC[C@@]1(C(=O)O)C[C@H](C(=O)O)[C@H](c2ccccc2)N1C(=O)c1ccc(C(F)(F)F)cc1,3300.0,-7.0,0.0,0.0,
CHEMBL433580,CCCC[C@@]1(C(=O)O)C[C@H](C(=O)O)[C@H](c2ccccc2)N1C(=O)c1ccc(C(F)(F)F)cc1,3300.0,-6.8,1.953,4.366,
CHEMBL433580,CCCC[C@@]1(C(=O)O)C[C@H](C(=O)O)[C@H](c2ccccc2)N1C(=O)c1ccc(C(F)(F)F)cc1,3300.0,-6.7,1.877,4.171,
CHEMBL433580,CCCC[C@@]1(C(=O)O)C[C@H](C(=O)O)[C@H](c2ccccc2)N1C(=O)c1ccc(C(F)(F)F)cc1,3300.0,-5.9,4.81,7.862,
CHEMBL433580,CCCC[C@@]1(C(=O)O)C[C@H](C(=O)O)[C@H](c2ccccc2)N1C(=O)c1ccc(C(F)(F)F)cc1,3300.0,-5.9,3.872,7.536,
CHEMBL201034,CC(C)CCn1c(=O)c(C2=NS(=O)(=O)c3ccccc3N2)c(O)c2cc(OCc3ccccc3)ccc21,3950.0,-6.7,0.0,0.0,
CHEMBL201034,CC(C)CCn1c(=O)c(C2=NS(=O)(=O)c3ccccc3N2)c(O)c2cc(OCc3ccccc3)ccc21,3950.0,-5.5,3.993,9.077,
CHEMBL201034,CC(C)CCn1c(=O)c(C2=NS(=O)(=O)c3ccccc3N2)c(O)c2cc(OCc3ccccc3)ccc21,3950.0,-5.2,3.118,9.199,
CHEMBL201034,CC(C)CCn1c(=O)c(C2=NS(=O)(=O)c3ccccc3N2)c(O)c2cc(OCc3ccccc3)ccc21,3950.0,-4.8,4.017,9.269,
CHEMBL201034,CC(C)CCn1c(=O)c(C2=NS(=O)(=O)c3ccccc3N2)c(O)c2cc(OCc3ccccc3)ccc21,3950.0,-4.0,2.358,6.047,
CHEMBL201034,CC(C)CCn1c(=O)c(C2=NS(=O)(=O)c3ccccc3N2)c(O)c2cc(OCc3ccccc3)ccc21,3950.0,-4.0,4.111,8.937,
CHEMBL201034,CC(C)CCn1c(=O)c(C2=NS(=O)(=O)c3ccccc3N2)c(O)c2cc(OCc3ccccc3)ccc21,3950.0,-3.8,2.237,6.529,
CHEMBL201034,CC(C)CCn1c(=O)c(C2=NS(=O)(=O)c3ccccc3N2)c(O)c2cc(OCc3ccccc3)ccc21,3950.0,-3.8,1.764,2.246,
CHEMBL201034,CC(C)CCn1c(=O)c(C2=NS(=O)(=O)c3ccccc3N2)c(O)c2cc(OCc3ccccc3)ccc21,3950.0,-3.8,2.87,6.397,
CHEMBL202005,CC(C)CCn1c(=O)c(C2=NS(=O)(=O)c3ccccc3N2)c(O)c2cc(NC(=O)c3ccccc3)ccc21,4235.0,-3.6,0.0,0.0,
CHEMBL382159,CC(C)CCn1c(=O)c(C2=NS(=O)(=O)c3ccccc3N2)c(O)c2cc(OCCCC#N)ccc21,4328.0,-6.1,0.0,0.0,
CHEMBL382159,CC(C)CCn1c(=O)c(C2=NS(=O)(=O)c3ccccc3N2)c(O)c2cc(OCCCC#N)ccc21,4328.0,-4.5,4.133,7.767,
CHEMBL382159,CC(C)CCn1c(=O)c(C2=NS(=O)(=O)c3ccccc3N2)c(O)c2cc(OCCCC#N)ccc21,4328.0,-4.4,4.395,7.848,
CHEMBL382159,CC(C)CCn1c(=O)c(C2=NS(=O)(=O)c3ccccc3N2)c(O)c2cc(OCCCC#N)ccc21,4328.0,-3.6,3.4,9.11,
CHEMBL382159,CC(C)CCn1c(=O)c(C2=NS(=O)(=O)c3ccccc3N2)c(O)c2cc(OCCCC#N)ccc21,4328.0,-3.5,3.577,6.929,
CHEMBL382159,CC(C)CCn1c(=O)c(C2=NS(=O)(=O)c3ccccc3N2)c(O)c2cc(OCCCC#N)ccc21,4328.0,-3.3,2.541,7.694,
