Datawarrior,ChEMBLID,Smiles,IC50
1,CHEMBL3121193,CNC(=O)c1c(-c2ccc(F)cc2)oc2cc(N(Cc3ccc(B(O)O)c(F)c3)S(C)(=O)=O)c(C3CC3)cc12,130
2,CHEMBL3902813,O=C(Nc1c(OCc2ccc(Cl)cc2)cccc1C(=O)O)c1ccccc1,50000
3,CHEMBL4638107,COc1ccc2c(c1)[C@H]1[C@@H](CCN1CCN(C)C)CCn1c-2c(C2CCCCC2)c2ccc(C(=O)O)cc21,4
4,CHEMBL4638630,COc1ccc2c(c1)C=C(c1c(C(=O)C3C4CCCC3COC4)cnn1-c1ccncc1C)Cn1c-2c(C2CCCCC2)c2ccc(C(=O)NS(=O)(=O)C(C)C)cc21,4.3
5,CHEMBL4646449,Cc1ccc2c(-c3ccc[nH]c3=O)c(C(=O)NS(=O)(=O)C3CC3)n(Cc3cc(F)ccc3F)c2c1,5
6,CHEMBL4635161,CN(C)CCN(C)[C@@H]1Cn2c(c(C3CCCCC3)c3ccc(C(=O)O)cc32)-c2ccccc2O1,6
7,CHEMBL4633142,CC1COc2cc3c(-c4ccc[nH]c4=O)c(C(=O)NS(C)(=O)=O)n(Cc4cc(F)ccc4F)c3cc21,6
8,CHEMBL245328,O=C(O)c1ccc2c(C3CCCCC3)c3n(c2c1)CCOc1cc(OCc2cc(N4CCCC4=O)ccc2N2CCOCC2)ccc1-3,7.2
9,CHEMBL2011266,Cc1cc2c(-c3ccc[nH]c3=O)c(C(=O)NS(=O)(=O)C3CC3)n(Cc3cc(F)ccc3F)c2cc1F,8
10,CHEMBL372357,O=c1c(C2=Nc3ccccc3S(=O)(=O)N2)c(O)c2cc(F)ccc2n1CCC1CC1,10
11,CHEMBL372357,O=c1c(C2=Nc3ccccc3S(=O)(=O)N2)c(O)c2cc(F)ccc2n1CCC1CC1,10
12,CHEMBL4638877,Cn1c(-c2ccc(OCc3cc(N4CCCC4=O)ccc3N3CCOCC3)cc2)c(C2CCCCC2)c2sc(C(=O)O)cc21,10
13,CHEMBL4643906,Cc1c(C(=O)O)sc2c(C3CCCCC3)c(-c3ccccc3)n(CC(=O)N(C)C3CCN(C(C)C)C3)c12,10
14,CHEMBL202319,O=c1c(C2=NS(=O)(=O)c3ccccc3N2)c(O)c2ccccc2n1CCC1CC1,13
15,CHEMBL372357,O=c1c(C2=Nc3ccccc3S(=O)(=O)N2)c(O)c2cc(F)ccc2n1CCC1CC1,13
16,CHEMBL4643189,O=C(O)c1ccc2c(c1)nc(-c1ccc(OCc3ccc(N4CCCC4=O)cc3-c3ccc(Cl)cc3)cc1F)n2C1CCCCC1,17
17,CHEMBL3422107,CC(C)N1CC[C@@H](N2CCn3c(c(C4CCCCC4)c4sc(C(=O)O)cc43)-c3ccccc3C2)C1,19
18,CHEMBL353549,O=C(N[C@@H](Cc1c[nH]c2ccccc12)C(=O)O)c1ccc2c(c1)nc(-c1ccoc1)n2C1CCCCC1,19
19,CHEMBL202317,CC(C)CCn1c(=O)c(C2=NS(=O)(=O)c3ccccc3N2)c(O)c2cc(F)ccc21,20
20,CHEMBL425221,CC(C)CCn1c(=O)c(C2=NS(=O)(=O)c3ccccc3N2)c(O)c2cc(NCC(=O)O)ccc21,21
21,CHEMBL202405,CC(C)(C)CCn1c(=O)c(C2=NS(=O)(=O)c3ccccc3N2)c(O)c2ccccc21,21
22,CHEMBL379033,COc1ccc2c(c1)c(O)c(C1=NS(=O)(=O)c3ccccc3N1)c(=O)n2CCC(C)C,23
23,CHEMBL380686,CC(C)CCn1c(=O)c(C2=NS(=O)(=O)c3ccccc3N2)c(O)c2cc(OCC(N)=O)ccc21,24
24,CHEMBL370203,O=c1c(C2=NS(=O)(=O)c3ccccc3N2)c(O)c2ccccc2n1Cc1ccoc1,27
25,CHEMBL480816,CN(C)CCN1CCn2c(c(C3CCCCC3)c3ccc(C(=O)O)cc32)-c2ccccc2C1,27
26,CHEMBL176058,CC(C)CCn1c(=O)c(C2=NS(=O)(=O)c3ccccc3N2)c(O)c2ccccc21,32
27,CHEMBL203426,Nc1ccc2c(c1)c(O)c(C1=NS(=O)(=O)c3ccccc3N1)c(=O)n2CCC1CC1,32
28,CHEMBL201558,CC(C)CCn1c(=O)c(C2=NS(=O)(=O)c3ccccc3N2)c(O)c2c(Cl)cccc21,33
29,CHEMBL201690,CC(C)CCn1c(=O)c(C2=NS(=O)(=O)c3ccccc3N2)c(O)c2cc(OCC#N)ccc21,34
30,CHEMBL201332,O=c1c(C2=NS(=O)(=O)c3ccccc3N2)c(O)c2ccccc2n1Cc1cccc(Br)c1,36
31,CHEMBL4641917,CS(=O)(=O)Nc1cccc(S(=O)(=O)NC(=O)c2c(-c3ccc[nH]c3=O)c3ccc(Cl)cc3n2Cc2ccnc(N)c2)c1,39
32,CHEMBL203254,CC1CC1Cn1c(=O)c(C2=NS(=O)(=O)c3ccccc3N2)c(O)c2ccccc21,41
33,CHEMBL390883,CC(=O)N(c1ccc(N2CCOCC2)c(COc2ccc(-c3nc4cc(C(=O)O)ccc4n3C3CCCCC3)c(F)c2)c1)C(C)C,42
34,CHEMBL201406,CC(C)CCn1c(=O)c(C2=NS(=O)(=O)c3ccccc3N2)c(O)c2cc(Cl)ccc21,43
35,CHEMBL202165,CC(CCn1c(=O)c(C2=NS(=O)(=O)c3ccccc3N2)c(O)c2ccccc21)C(F)(F)F,44
36,CHEMBL201769,Cc1ccc2c(c1)c(O)c(C1=NS(=O)(=O)c3ccccc3N1)c(=O)n2CCC(C)C,47
37,CHEMBL201600,CC(C)CCn1c(=O)c(C2=NS(=O)(=O)c3ccccc3N2)c(O)c2c(O)cccc21,47
38,CHEMBL202595,CC(C)(C)CCn1c(=O)c(C2=NS(=O)(=O)c3ccccc3N2)c(O)c2cc(NCCO)ccc21,48
39,CHEMBL201385,O=c1c(C2=NS(=O)(=O)c3ccccc3N2)c(O)c2ccccc2n1CC1CCC1,49
40,CHEMBL372357,O=c1c(C2=Nc3ccccc3S(=O)(=O)N2)c(O)c2cc(F)ccc2n1CCC1CC1,49
41,CHEMBL201456,CSCCn1c(=O)c(C2=NS(=O)(=O)c3ccccc3N2)c(O)c2ccccc21,53
42,CHEMBL4636786,Nc1cc(Cn2c(C(=O)O)c(-c3ccc[nH]c3=O)c3ccc(Cl)cc32)ccn1,53
43,CHEMBL213832,CN(C)C(=O)Cn1c(-c2ccccc2)c(C2CCCCC2)c2sc(C(=O)O)cc21,58
44,CHEMBL201337,O=c1c(C2=NS(=O)(=O)c3ccccc3N2)c(O)c2ccccc2n1Cc1ccncc1,61
45,CHEMBL426302,CC(C)CCn1c(=O)c(C2=NS(=O)(=O)c3ccccc3N2)c(O)c2cc(N)ccc21,62
46,CHEMBL377275,CCC(C)CCn1c(=O)c(C2=NS(=O)(=O)c3ccccc3N2)c(O)c2ccccc21,65
47,CHEMBL1783101,O=C1Cn2c(c(C3CCCCC3)c3ccc(C(=O)O)cc32)-c2ccccc2N1,70
48,CHEMBL371635,O=c1c(C2=NS(=O)(=O)c3ccccc3N2)c(O)c2ccccc2n1CC1CC1,78
49,CHEMBL381010,CCCCCn1c(=O)c(C2=NS(=O)(=O)c3ccccc3N2)c(O)c2ccccc21,80
50,CHEMBL201063,O=c1c(C2=NS(=O)(=O)c3ccccc3N2)c(O)c2ccccc2n1Cc1cccc([N+](=O)[O-])c1,81
51,CHEMBL201436,COC(C)CCn1c(=O)c(C2=NS(=O)(=O)c3ccccc3N2)c(O)c2ccccc21,82
52,CHEMBL201088,O=c1c(C2=NS(=O)(=O)c3ccccc3N2)c(O)c2ccccc2n1Cc1ccccc1,82
53,CHEMBL383170,O=c1c(C2=NS(=O)(=O)c3ccccc3N2)c(O)c2cccc(F)c2n1CCC1CC1,90
54,CHEMBL201814,C=CCCn1c(=O)c(C2=NS(=O)(=O)c3ccccc3N2)c(O)c2ccccc21,90
55,CHEMBL201660,O=c1c(C2=NS(=O)(=O)c3ccccc3N2)c(O)c2ccccc2n1Cc1ccc(Br)cc1,95
56,CHEMBL381529,CC(C)CCn1c(=O)c(C2=NS(=O)(=O)c3ccccc3N2)c(O)c2c(Br)cccc21,105
57,CHEMBL202164,O=c1c(C2=NS(=O)(=O)c3ccccc3N2)c(O)c2ccccc2n1CCCC(F)(F)F,106
58,CHEMBL382628,CC(C)Cn1c(=O)c(C2=NS(=O)(=O)c3ccccc3N2)c(O)c2ccccc21,108
59,CHEMBL202310,CCOC(=O)CNc1ccc2c(c1)c(O)c(C1=NS(=O)(=O)c3ccccc3N1)c(=O)n2CCC(C)C,115
60,CHEMBL202271,C#CCCn1c(=O)c(C2=NS(=O)(=O)c3ccccc3N2)c(O)c2ccccc21,118
61,CHEMBL380442,O=c1c(C2=NS(=O)(=O)c3ccccc3N2)c(O)c2ccccc2n1CC1CCCC1,132
62,CHEMBL201604,CC(C)CCn1c(=O)c(C2=NS(=O)(=O)c3ccccc3N2)c(O)c2c(-c3ccccc3)cccc21,144
63,CHEMBL201341,C/C=C/Cn1c(=O)c(C2=NS(=O)(=O)c3ccccc3N2)c(O)c2ccccc21,150
64,CHEMBL362058,O=C(O)c1ccc2c(c1)nc(-c1ccco1)n2C1CCCCC1,160
65,CHEMBL201567,N#CCCCn1c(=O)c(C2=NS(=O)(=O)c3ccccc3N2)c(O)c2ccccc21,172
66,CHEMBL203312,C#CCCCn1c(=O)c(C2=NS(=O)(=O)c3ccccc3N2)c(O)c2ccccc21,179
67,CHEMBL180948,CC(C)C[C@@]1(C(=O)O)C[C@H](C(=O)O)[C@H](c2cccs2)N1C(=O)c1ccc(C(F)(F)F)cc1,190
68,CHEMBL202062,CC(C)CCn1c(=O)c(C2=NS(=O)(=O)c3ccccc3N2)c(O)c2cc(O)ccc21,198
69,CHEMBL180974,CCCCn1c(=O)c(C2=NS(=O)(=O)c3ccccc3N2)c(O)c2ccccc21,200
70,CHEMBL201119,CC(C)CCn1c(=O)c(C2=NS(=O)(=O)c3ccccc3N2)c(O)c2cc(Br)ccc21,205
71,CHEMBL201603,Cc1cccc2c1c(O)c(C1=NS(=O)(=O)c3ccccc3N1)c(=O)n2CCC(C)C,206
72,CHEMBL381218,CC(C)=CCn1c(=O)c(C2=NS(=O)(=O)c3ccccc3N2)c(O)c2ccccc21,289
73,CHEMBL201815,CC(Br)CCn1c(=O)c(C2=NS(=O)(=O)c3ccccc3N2)c(O)c2ccccc21,290
74,CHEMBL1087567,O=C(N[C@@H](Cc1c[nH]c2ccc(O)cc12)c1cscn1)c1ccc2c(c1)nc(-c1ccco1)n2C1CCCCC1,300
75,CHEMBL180948,CC(C)C[C@@]1(C(=O)O)C[C@H](C(=O)O)[C@H](c2cccs2)N1C(=O)c1ccc(C(F)(F)F)cc1,300
76,CHEMBL201873,Cc1nc(Cn2c(=O)c(C3=NS(=O)(=O)c4ccccc4N3)c(O)c3ccccc32)cs1,304
77,CHEMBL202514,O=c1c(C2=NS(=O)(=O)c3ccccc3N2)c(O)c2ccccc2n1Cc1cccnc1,316
78,CHEMBL202315,CC(C)CCn1c(=O)c(C2=NS(=O)(=O)c3ccccc3N2)c(O)c2c([N+](=O)[O-])cccc21,338
79,CHEMBL202513,CC(C)CCn1c(=O)c(C2=NS(=O)(=O)c3ccccc3N2)c(O)c2c(F)cccc21,340
80,CHEMBL4633554,C/C(=C/c1cc(-c2ccc(OCc3cc(CN4CCC(O)CC4=O)ccc3-c3ccc(C#N)cc3)cc2)n(C2CCCCC2)n1)C(=O)O,340
81,CHEMBL217625,O=C(O)c1ccc2c(C3CCCCC3)c3n(c2c1)CCN(CCN1CCCCC1)c1ccccc1-3,340
82,CHEMBL202539,O=c1c(C2=NS(=O)(=O)c3ccccc3N2)c(O)c2ccccc2n1CC1CCCCC1,367
83,CHEMBL181634,CC(C)C[C@@]1(C(=O)O)C[C@H](C(=O)O)[C@H](c2nccs2)N1C(=O)c1ccc(C(F)(F)F)cc1,400
84,CHEMBL378164,CC(C)CCn1c(=O)c(C2=NS(=O)(=O)c3ccccc3N2)c(O)c2cc([N+](=O)[O-])ccc21,455
85,CHEMBL381310,O=c1c(C2=NS(=O)(=O)c3ccccc3N2)c(O)c2ccccc2n1CC1CCOC1,484
86,CHEMBL182020,Oc1ncnc2nc(-c3ccc(F)cc3)c(-c3ccc(F)cc3)nc12,500
87,CHEMBL360456,CC(C)C[C@@]1(C(=O)O)C[C@H](C(=O)O)[C@H](C(C)C)N1C(=O)c1ccc(C(F)(F)F)cc1,500
88,CHEMBL201140,O=c1c(C2=NS(=O)(=O)c3ccccc3N2)c(O)c2ccccc2n1CC1CCCO1,528
89,CHEMBL4642429,O=C(O)/C=C/c1ccc(NC(=O)N(C(=O)c2ccc3c(c2)nc(-c2ccccn2)n3C2CCCCC2)C2CCCC2)cc1,550
90,CHEMBL202581,CC(C)CCn1c(=O)c(C2=NS(=O)(=O)c3ccccc3N2)c(O)c2ccc(F)cc21,554
91,CHEMBL4639473,O=C(N[C@H](Cc1c[nH]c2ccc(O)cc12)C(=O)O)c1ccc2nc(-c3ccccc3)c(C3CCCCC3)nc2c1,600
92,CHEMBL180099,CC(C)C[C@@]1(C(=O)O)C[C@H](C(=O)O)[C@H](c2cccs2)N1C(=O)c1cccc(C(F)(F)F)c1,600
93,CHEMBL179389,CC(C)C[C@@]1(C(=O)O)C[C@H](C(=O)O)[C@H](c2cccs2)N1C(=O)c1ccc(Cl)c(Cl)c1,600
94,CHEMBL439511,CC(C)(C)C(=O)Cn1c(=O)c(C2=NS(=O)(=O)c3ccccc3N2)c(O)c2cc(F)ccc21,696
95,CHEMBL180188,CC(C)C[C@@]1(C(=O)O)C[C@H](C(=O)O)[C@H](c2ccccc2)N1C(=O)c1ccc(C(F)(F)F)cc1,700
96,CHEMBL360543,CC(C)C[C@@]1(C(=O)O)C[C@H](C(=O)O)[C@H](c2ccccn2)N1C(=O)c1ccc(C(F)(F)F)cc1,700
97,CHEMBL180771,CC(C)C[C@@]1(C(=O)O)C[C@H](C(=O)O)[C@H](c2cccs2)N1C(=O)c1cccc2ccccc12,700
98,CHEMBL427375,N#CCCCCn1c(=O)c(C2=NS(=O)(=O)c3ccccc3N2)c(O)c2ccccc21,750
99,CHEMBL202191,N#Cc1ccccc1Cn1c(=O)c(C2=NS(=O)(=O)c3ccccc3N2)c(O)c2ccccc21,780
100,CHEMBL179508,CC(C)C[C@@]1(C(=O)O)C[C@H](C(=O)O)[C@H](c2ccco2)N1C(=O)c1ccc(C(F)(F)F)cc1,800
101,CHEMBL202079,COCCn1c(=O)c(C2=NS(=O)(=O)c3ccccc3N2)c(O)c2ccccc21,819
102,CHEMBL413358,CC(C)C[C@@]1(C(=O)O)C[C@H](C(=O)O)[C@H](c2ccc(Cl)cc2)N1C(=O)c1ccc(C(F)(F)F)cc1,900
103,CHEMBL439333,CC(C)CCn1c(=O)c(C2=NS(=O)(=O)c3ccccc3N2)c(O)c2cc(NC(=O)C3CCCC3)ccc21,973
104,CHEMBL181308,Cc1ccc([C@H]2[C@@H](C(=O)O)C[C@@](CC(C)C)(C(=O)O)N2C(=O)c2ccc(C(F)(F)F)cc2)cc1,1000
105,CHEMBL202407,CC(C)CCn1c(=O)c(C2=NS(=O)(=O)c3ccccc3N2)c(O)c2cc(C(=O)O)ccc21,1035
106,CHEMBL201927,O=c1c(C2=NS(=O)(=O)c3ccccc3N2)c(O)c2ccccc2n1CCCCO,1301
107,CHEMBL202250,CCCn1c(=O)c(C2=NS(=O)(=O)c3ccccc3N2)c(O)c2ccccc21,1550
108,CHEMBL175177,O=C(O)c1ccc2c(c1)nc(-c1ccoc1)n2C1CCCCC1,1600
109,CHEMBL361429,CC(C)C[C@@]1(C(=O)O)C[C@H](C(=O)O)[C@H](c2cccs2)N1C(=O)c1ccc(Cl)cc1,1700
110,CHEMBL425757,COCCOc1ccc2c(c1)c(O)c(C1=NS(=O)(=O)c3ccccc3N1)c(=O)n2CCC(C)C,1741
111,CHEMBL360800,O=C(O)[C@H]1C[C@@](Cc2ccccc2)(C(=O)O)N(C(=O)c2ccc(C(F)(F)F)cc2)[C@H]1c1ccccc1,1900
112,CHEMBL202606,CCOC(=O)n1c(=O)c(C2=NS(=O)(=O)c3ccccc3N2)c(O)c2ccccc21,2036
113,CHEMBL201305,CCn1c(=O)c(C2=NS(=O)(=O)c3ccccc3N2)c(O)c2ccccc21,2220
114,CHEMBL381699,CS(=O)(=O)CCn1c(=O)c(C2=NS(=O)(=O)c3ccccc3N2)c(O)c2ccccc21,2322
115,CHEMBL203369,CC(C)CCn1c(=O)c(C2=NS(=O)(=O)c3ccccc3N2C)c(O)c2ccccc21,2429
116,CHEMBL381497,O=c1c(C2=NS(=O)(=O)c3ccccc3N2)c(O)c2ccccc2n1Cc1ccc([N+](=O)[O-])cc1,2442
117,CHEMBL202325,C[S+]([O-])CCn1c(=O)c(C2=NS(=O)(=O)c3ccccc3N2)c(O)c2ccccc21,2537
118,CHEMBL200985,O=c1c(C2=NS(=O)(=O)c3ccccc3N2)c(O)c2ccccc2n1Cc1ccccn1,2694
119,CHEMBL201040,O=c1c(C2=NS(=O)(=O)c3ccccc3N2)c(O)c2ccccc2n1CCCO,2815
120,CHEMBL4640738,CCCC1(CC(=O)O)OCCC2c3c(CC)ccc(Cl)c3NC21,3000
121,CHEMBL206461,O=C(O)c1ccc2c(c1)nc(-c1ccc(OCc3ccccc3)cc1)n2C1CCCC1,3200
122,CHEMBL178557,CC(C)C[C@@]1(C(=O)O)C[C@H](C(=O)O)[C@H](c2cccs2)N1C(=O)c1ccc([N+](=O)[O-])cc1,3200
123,CHEMBL433580,CCCC[C@@]1(C(=O)O)C[C@H](C(=O)O)[C@H](c2ccccc2)N1C(=O)c1ccc(C(F)(F)F)cc1,3300
124,CHEMBL201034,CC(C)CCn1c(=O)c(C2=NS(=O)(=O)c3ccccc3N2)c(O)c2cc(OCc3ccccc3)ccc21,3950
125,CHEMBL202005,CC(C)CCn1c(=O)c(C2=NS(=O)(=O)c3ccccc3N2)c(O)c2cc(NC(=O)c3ccccc3)ccc21,4235
126,CHEMBL382159,CC(C)CCn1c(=O)c(C2=NS(=O)(=O)c3ccccc3N2)c(O)c2cc(OCCCC#N)ccc21,4328
