$RESNR RESTYPE RESCHAIN RESNR_LIG RESTYPE_LIG RESCHAIN_LIG SIDECHAIN DIST DON_ANGLE ACC_ANGLE DON_IDX DONORTYPE ACC_IDX ACCEPTORTYPE LIGCOO PROTCOO
$Number of binding sites detected in 4KHM : 6	with dict_keys(['1PV:X:601', 'SO4:X:602', 'SO4:X:603', 'SO4:X:604', 'SO4:X:605', 'SO4:X:606'])
$selected 1PV:X:601
$Number of binding sites detected in 3FQL : 3	with dict_keys(['79Z:X:571', 'GOL:X:601', 'GOL:X:602'])
$selected 79Z:X:571
$Number of binding sites detected in 4KB7 : 1	with dict_keys(['690:X:601'])
$selected 690:X:601
$Number of binding sites detected in 4KBI : 1	with dict_keys(['1C0:X:601'])
$selected 1C0:X:601
$Number of binding sites detected in 4KE5 : 2	with dict_keys(['1PV:X:601', '1PV:X:602'])
$selected 1PV:X:601
$Number of binding sites detected in 3FQK : 1	with dict_keys(['79Z:X:571'])
$selected 79Z:X:571
360,LEU,X,571,79Z,X,False,3.91,141.23,146.45,8825,F,7157,O2,"(0.793, -21.25, 9.768)","(-0.243, -18.415, 12.249)"
$Number of binding sites detected in 5TRI : 6	with dict_keys(['23E:X:601', '7HM:X:602', 'SO4:X:603', 'SO4:X:604', 'SO4:X:605', 'SO4:X:606'])
$selected 23E:X:601
$Number of binding sites detected in 4KAI : 2	with dict_keys(['1PV:X:601', '1PV:X:602'])
$selected 1PV:X:601
$Number of binding sites detected in 4KHR : 8	with dict_keys(['1PV:X:604', 'SO4:X:601', 'SO4:X:602', 'SO4:X:603', 'SO4:X:604', 'SO4:X:605', 'SO4:X:606', 'SO4:X:607'])
$selected 1PV:X:604
$Number of binding sites detected in 5TRH : 7	with dict_keys(['23E:X:601', '7HL:X:602', 'SO4:X:603', 'SO4:X:604', 'SO4:X:605', 'SO4:X:606', 'SO4:X:607'])
$selected 23E:X:601
$Number of binding sites detected in 5W2E : 1	with dict_keys(['9VY:X:601'])
$selected 9VY:X:601
413,ILE,X,601,9VY,X,False,3.82,144.64,94.05,8747,F,3155,O2,"(-8.222, -5.308, 3.517)","(-7.372, -4.256, 7.09)"
413,ILE,X,601,9VY,X,False,3.81,145.68,93.76,8815,F,7514,O2,"(34.975, 5.428, 20.023)","(35.766, 4.381, 16.443)"
