$RESNR RESTYPE RESCHAIN PROT_IDX_LIST RESNR_LIG RESTYPE_LIG RESCHAIN_LIG DIST OFFSET PROTCHARGED LIG_GROUP LIG_IDX_LIST LIGCOO PROTCOO

$Number of binding sites detected in 4KHM : 6	with dict_keys(['1PV:X:601', 'SO4:X:602', 'SO4:X:603', 'SO4:X:604', 'SO4:X:605', 'SO4:X:606'])
$selected 1PV:X:601
$Number of binding sites detected in 3FQL : 3	with dict_keys(['79Z:X:571', 'GOL:X:601', 'GOL:X:602'])
$selected 79Z:X:571
$Number of binding sites detected in 4KB7 : 1	with dict_keys(['690:X:601'])
$selected 690:X:601
$Number of binding sites detected in 4KBI : 1	with dict_keys(['1C0:X:601'])
$selected 1C0:X:601
$Number of binding sites detected in 4KE5 : 2	with dict_keys(['1PV:X:601', '1PV:X:602'])
$selected 1PV:X:601
$Number of binding sites detected in 3FQK : 1	with dict_keys(['79Z:X:571'])
$selected 79Z:X:571
$Number of binding sites detected in 5TRI : 6	with dict_keys(['23E:X:601', '7HM:X:602', 'SO4:X:603', 'SO4:X:604', 'SO4:X:605', 'SO4:X:606'])
$selected 23E:X:601
$Number of binding sites detected in 4KAI : 2	with dict_keys(['1PV:X:601', '1PV:X:602'])
$selected 1PV:X:601
$Number of binding sites detected in 4KHR : 8	with dict_keys(['1PV:X:604', 'SO4:X:601', 'SO4:X:602', 'SO4:X:603', 'SO4:X:604', 'SO4:X:605', 'SO4:X:606', 'SO4:X:607'])
$selected 1PV:X:604
$Number of binding sites detected in 5TRH : 7	with dict_keys(['23E:X:601', '7HL:X:602', 'SO4:X:603', 'SO4:X:604', 'SO4:X:605', 'SO4:X:606', 'SO4:X:607'])
$selected 23E:X:601
$Number of binding sites detected in 5W2E : 1	with dict_keys(['9VY:X:601'])
$selected 9VY:X:601