$RESNR,RESTYPE,RESCHAIN,RESNR_LIG,RESTYPE_LIG,RESCHAIN_LIG,PROT_IDX_LIST,CENTDIST,ANGLE,OFFSET,TYPE,LIG_IDX_LIST,LIGCOO,PROTCOO
$Number of binding sites detected in 4KHM : 6	with dict_keys(['1PV:X:601', 'SO4:X:602', 'SO4:X:603', 'SO4:X:604', 'SO4:X:605', 'SO4:X:606'])
$selected 1PV:X:601
$Number of binding sites detected in 3FQL : 3	with dict_keys(['79Z:X:571', 'GOL:X:601', 'GOL:X:602'])
$selected 79Z:X:571
$Number of binding sites detected in 4KB7 : 1	with dict_keys(['690:X:601'])
$selected 690:X:601
$Number of binding sites detected in 4KBI : 1	with dict_keys(['1C0:X:601'])
$selected 1C0:X:601
$Number of binding sites detected in 4KE5 : 2	with dict_keys(['1PV:X:601', '1PV:X:602'])
$selected 1PV:X:601
$Number of binding sites detected in 3FQK : 1	with dict_keys(['79Z:X:571'])
$selected 79Z:X:571
$Number of binding sites detected in 5TRI : 6	with dict_keys(['23E:X:601', '7HM:X:602', 'SO4:X:603', 'SO4:X:604', 'SO4:X:605', 'SO4:X:606'])
$selected 23E:X:601
$Number of binding sites detected in 4KAI : 2	with dict_keys(['1PV:X:601', '1PV:X:602'])
$selected 1PV:X:601
$Number of binding sites detected in 4KHR : 8	with dict_keys(['1PV:X:604', 'SO4:X:601', 'SO4:X:602', 'SO4:X:603', 'SO4:X:604', 'SO4:X:605', 'SO4:X:606', 'SO4:X:607'])
$selected 1PV:X:604
$Number of binding sites detected in 5TRH : 7	with dict_keys(['23E:X:601', '7HL:X:602', 'SO4:X:603', 'SO4:X:604', 'SO4:X:605', 'SO4:X:606', 'SO4:X:607'])
$selected 23E:X:601
$Number of binding sites detected in 5W2E : 1	with dict_keys(['9VY:X:601'])
$selected 9VY:X:601
448,TYR,X,601,9VY,X,"3445,3446,3447,3448,3449,3450",4.77,60.94,1.06,T,"8706,8713,8718,8719,8740,8741","(-7.308833333333332, -7.526833333333335, 13.1895)","(-11.675333333333334, -9.449666666666666, 13.349499999999999)"
551,PHE,X,601,9VY,X,"4260,4261,4262,4263,4264,4265",4.43,60.91,0.55,T,"8714,8716,8744,8745,8746,8748","(-8.256499999999999, -2.894, 9.265833333333333)","(-4.187, -1.1685, 9.514833333333334)"
448,TYR,X,601,9VY,X,"7804,7805,7806,7807,7808,7809",4.66,61.92,1.05,T,"8774,8781,8786,8787,8808,8809","(35.658833333333334, 7.756333333333334, 10.283666666666667)","(31.359666666666666, 9.556166666666666, 10.201833333333333)"
