Molecule ChEMBL ID,Smiles,Standard Value
CHEMBL4638107,COc1ccc2c(c1)[C@H]1[C@@H](CCN1CCN(C)C)CCn1c-2c(C2CCCCC2)c2ccc(C(=O)O)cc21,4
CHEMBL4638630,COc1ccc2c(c1)C=C(c1c(C(=O)C3C4CCCC3COC4)cnn1-c1ccncc1C)Cn1c-2c(C2CCCCC2)c2ccc(C(=O)NS(=O)(=O)C(C)C)cc21,4.3
CHEMBL4646449,Cc1ccc2c(-c3ccc[nH]c3=O)c(C(=O)NS(=O)(=O)C3CC3)n(Cc3cc(F)ccc3F)c2c1,5
CHEMBL4635161,CN(C)CCN(C)[C@@H]1Cn2c(c(C3CCCCC3)c3ccc(C(=O)O)cc32)-c2ccccc2O1,6
CHEMBL4633142,CC1COc2cc3c(-c4ccc[nH]c4=O)c(C(=O)NS(C)(=O)=O)n(Cc4cc(F)ccc4F)c3cc21,6
CHEMBL245328,O=C(O)c1ccc2c(C3CCCCC3)c3n(c2c1)CCOc1cc(OCc2cc(N4CCCC4=O)ccc2N2CCOCC2)ccc1-3,7.2
CHEMBL2011266,Cc1cc2c(-c3ccc[nH]c3=O)c(C(=O)NS(=O)(=O)C3CC3)n(Cc3cc(F)ccc3F)c2cc1F,8
CHEMBL372357,O=c1c(C2=Nc3ccccc3S(=O)(=O)N2)c(O)c2cc(F)ccc2n1CCC1CC1,10
CHEMBL372357,O=c1c(C2=Nc3ccccc3S(=O)(=O)N2)c(O)c2cc(F)ccc2n1CCC1CC1,10
CHEMBL4638877,Cn1c(-c2ccc(OCc3cc(N4CCCC4=O)ccc3N3CCOCC3)cc2)c(C2CCCCC2)c2sc(C(=O)O)cc21,10
CHEMBL4643906,Cc1c(C(=O)O)sc2c(C3CCCCC3)c(-c3ccccc3)n(CC(=O)N(C)C3CCN(C(C)C)C3)c12,10
CHEMBL202319,O=c1c(C2=NS(=O)(=O)c3ccccc3N2)c(O)c2ccccc2n1CCC1CC1,13
CHEMBL372357,O=c1c(C2=Nc3ccccc3S(=O)(=O)N2)c(O)c2cc(F)ccc2n1CCC1CC1,13
CHEMBL4643189,O=C(O)c1ccc2c(c1)nc(-c1ccc(OCc3ccc(N4CCCC4=O)cc3-c3ccc(Cl)cc3)cc1F)n2C1CCCCC1,17
CHEMBL3422107,CC(C)N1CC[C@@H](N2CCn3c(c(C4CCCCC4)c4sc(C(=O)O)cc43)-c3ccccc3C2)C1,19
CHEMBL353549,O=C(N[C@@H](Cc1c[nH]c2ccccc12)C(=O)O)c1ccc2c(c1)nc(-c1ccoc1)n2C1CCCCC1,19
CHEMBL202317,CC(C)CCn1c(=O)c(C2=NS(=O)(=O)c3ccccc3N2)c(O)c2cc(F)ccc21,20
CHEMBL425221,CC(C)CCn1c(=O)c(C2=NS(=O)(=O)c3ccccc3N2)c(O)c2cc(NCC(=O)O)ccc21,21
CHEMBL202405,CC(C)(C)CCn1c(=O)c(C2=NS(=O)(=O)c3ccccc3N2)c(O)c2ccccc21,21
CHEMBL379033,COc1ccc2c(c1)c(O)c(C1=NS(=O)(=O)c3ccccc3N1)c(=O)n2CCC(C)C,23
CHEMBL380686,CC(C)CCn1c(=O)c(C2=NS(=O)(=O)c3ccccc3N2)c(O)c2cc(OCC(N)=O)ccc21,24
CHEMBL370203,O=c1c(C2=NS(=O)(=O)c3ccccc3N2)c(O)c2ccccc2n1Cc1ccoc1,27
CHEMBL480816,CN(C)CCN1CCn2c(c(C3CCCCC3)c3ccc(C(=O)O)cc32)-c2ccccc2C1,27
CHEMBL176058,CC(C)CCn1c(=O)c(C2=NS(=O)(=O)c3ccccc3N2)c(O)c2ccccc21,32
CHEMBL203426,Nc1ccc2c(c1)c(O)c(C1=NS(=O)(=O)c3ccccc3N1)c(=O)n2CCC1CC1,32
CHEMBL201558,CC(C)CCn1c(=O)c(C2=NS(=O)(=O)c3ccccc3N2)c(O)c2c(Cl)cccc21,33
CHEMBL201690,CC(C)CCn1c(=O)c(C2=NS(=O)(=O)c3ccccc3N2)c(O)c2cc(OCC#N)ccc21,34
CHEMBL201332,O=c1c(C2=NS(=O)(=O)c3ccccc3N2)c(O)c2ccccc2n1Cc1cccc(Br)c1,36
CHEMBL4641917,CS(=O)(=O)Nc1cccc(S(=O)(=O)NC(=O)c2c(-c3ccc[nH]c3=O)c3ccc(Cl)cc3n2Cc2ccnc(N)c2)c1,39
CHEMBL203254,CC1CC1Cn1c(=O)c(C2=NS(=O)(=O)c3ccccc3N2)c(O)c2ccccc21,41
CHEMBL390883,CC(=O)N(c1ccc(N2CCOCC2)c(COc2ccc(-c3nc4cc(C(=O)O)ccc4n3C3CCCCC3)c(F)c2)c1)C(C)C,42
CHEMBL201406,CC(C)CCn1c(=O)c(C2=NS(=O)(=O)c3ccccc3N2)c(O)c2cc(Cl)ccc21,43
CHEMBL202165,CC(CCn1c(=O)c(C2=NS(=O)(=O)c3ccccc3N2)c(O)c2ccccc21)C(F)(F)F,44
CHEMBL201769,Cc1ccc2c(c1)c(O)c(C1=NS(=O)(=O)c3ccccc3N1)c(=O)n2CCC(C)C,47
CHEMBL201600,CC(C)CCn1c(=O)c(C2=NS(=O)(=O)c3ccccc3N2)c(O)c2c(O)cccc21,47
CHEMBL202595,CC(C)(C)CCn1c(=O)c(C2=NS(=O)(=O)c3ccccc3N2)c(O)c2cc(NCCO)ccc21,48
CHEMBL201385,O=c1c(C2=NS(=O)(=O)c3ccccc3N2)c(O)c2ccccc2n1CC1CCC1,49
CHEMBL372357,O=c1c(C2=Nc3ccccc3S(=O)(=O)N2)c(O)c2cc(F)ccc2n1CCC1CC1,49
CHEMBL201456,CSCCn1c(=O)c(C2=NS(=O)(=O)c3ccccc3N2)c(O)c2ccccc21,53
CHEMBL4636786,Nc1cc(Cn2c(C(=O)O)c(-c3ccc[nH]c3=O)c3ccc(Cl)cc32)ccn1,53
CHEMBL213832,CN(C)C(=O)Cn1c(-c2ccccc2)c(C2CCCCC2)c2sc(C(=O)O)cc21,58
CHEMBL201337,O=c1c(C2=NS(=O)(=O)c3ccccc3N2)c(O)c2ccccc2n1Cc1ccncc1,61
CHEMBL426302,CC(C)CCn1c(=O)c(C2=NS(=O)(=O)c3ccccc3N2)c(O)c2cc(N)ccc21,62
CHEMBL377275,CCC(C)CCn1c(=O)c(C2=NS(=O)(=O)c3ccccc3N2)c(O)c2ccccc21,65
CHEMBL1783101,O=C1Cn2c(c(C3CCCCC3)c3ccc(C(=O)O)cc32)-c2ccccc2N1,70
CHEMBL371635,O=c1c(C2=NS(=O)(=O)c3ccccc3N2)c(O)c2ccccc2n1CC1CC1,78
CHEMBL381010,CCCCCn1c(=O)c(C2=NS(=O)(=O)c3ccccc3N2)c(O)c2ccccc21,80
CHEMBL201063,O=c1c(C2=NS(=O)(=O)c3ccccc3N2)c(O)c2ccccc2n1Cc1cccc([N+](=O)[O-])c1,81
CHEMBL201436,COC(C)CCn1c(=O)c(C2=NS(=O)(=O)c3ccccc3N2)c(O)c2ccccc21,82
CHEMBL201088,O=c1c(C2=NS(=O)(=O)c3ccccc3N2)c(O)c2ccccc2n1Cc1ccccc1,82
CHEMBL383170,O=c1c(C2=NS(=O)(=O)c3ccccc3N2)c(O)c2cccc(F)c2n1CCC1CC1,90
CHEMBL201814,C=CCCn1c(=O)c(C2=NS(=O)(=O)c3ccccc3N2)c(O)c2ccccc21,90
CHEMBL201660,O=c1c(C2=NS(=O)(=O)c3ccccc3N2)c(O)c2ccccc2n1Cc1ccc(Br)cc1,95
CHEMBL381529,CC(C)CCn1c(=O)c(C2=NS(=O)(=O)c3ccccc3N2)c(O)c2c(Br)cccc21,105
CHEMBL202164,O=c1c(C2=NS(=O)(=O)c3ccccc3N2)c(O)c2ccccc2n1CCCC(F)(F)F,106
CHEMBL382628,CC(C)Cn1c(=O)c(C2=NS(=O)(=O)c3ccccc3N2)c(O)c2ccccc21,108
CHEMBL202310,CCOC(=O)CNc1ccc2c(c1)c(O)c(C1=NS(=O)(=O)c3ccccc3N1)c(=O)n2CCC(C)C,115
CHEMBL202271,C#CCCn1c(=O)c(C2=NS(=O)(=O)c3ccccc3N2)c(O)c2ccccc21,118
CHEMBL380442,O=c1c(C2=NS(=O)(=O)c3ccccc3N2)c(O)c2ccccc2n1CC1CCCC1,132
CHEMBL201604,CC(C)CCn1c(=O)c(C2=NS(=O)(=O)c3ccccc3N2)c(O)c2c(-c3ccccc3)cccc21,144
CHEMBL201341,C/C=C/Cn1c(=O)c(C2=NS(=O)(=O)c3ccccc3N2)c(O)c2ccccc21,150
CHEMBL362058,O=C(O)c1ccc2c(c1)nc(-c1ccco1)n2C1CCCCC1,160
CHEMBL201567,N#CCCCn1c(=O)c(C2=NS(=O)(=O)c3ccccc3N2)c(O)c2ccccc21,172
CHEMBL203312,C#CCCCn1c(=O)c(C2=NS(=O)(=O)c3ccccc3N2)c(O)c2ccccc21,179
CHEMBL180948,CC(C)C[C@@]1(C(=O)O)C[C@H](C(=O)O)[C@H](c2cccs2)N1C(=O)c1ccc(C(F)(F)F)cc1,190
CHEMBL202062,CC(C)CCn1c(=O)c(C2=NS(=O)(=O)c3ccccc3N2)c(O)c2cc(O)ccc21,198
CHEMBL180974,CCCCn1c(=O)c(C2=NS(=O)(=O)c3ccccc3N2)c(O)c2ccccc21,200
CHEMBL201119,CC(C)CCn1c(=O)c(C2=NS(=O)(=O)c3ccccc3N2)c(O)c2cc(Br)ccc21,205
CHEMBL201603,Cc1cccc2c1c(O)c(C1=NS(=O)(=O)c3ccccc3N1)c(=O)n2CCC(C)C,206
CHEMBL381218,CC(C)=CCn1c(=O)c(C2=NS(=O)(=O)c3ccccc3N2)c(O)c2ccccc21,289
CHEMBL201815,CC(Br)CCn1c(=O)c(C2=NS(=O)(=O)c3ccccc3N2)c(O)c2ccccc21,290
CHEMBL1087567,O=C(N[C@@H](Cc1c[nH]c2ccc(O)cc12)c1cscn1)c1ccc2c(c1)nc(-c1ccco1)n2C1CCCCC1,300
CHEMBL180948,CC(C)C[C@@]1(C(=O)O)C[C@H](C(=O)O)[C@H](c2cccs2)N1C(=O)c1ccc(C(F)(F)F)cc1,300
CHEMBL201873,Cc1nc(Cn2c(=O)c(C3=NS(=O)(=O)c4ccccc4N3)c(O)c3ccccc32)cs1,304
CHEMBL202514,O=c1c(C2=NS(=O)(=O)c3ccccc3N2)c(O)c2ccccc2n1Cc1cccnc1,316
CHEMBL202315,CC(C)CCn1c(=O)c(C2=NS(=O)(=O)c3ccccc3N2)c(O)c2c([N+](=O)[O-])cccc21,338
CHEMBL202513,CC(C)CCn1c(=O)c(C2=NS(=O)(=O)c3ccccc3N2)c(O)c2c(F)cccc21,340
CHEMBL4633554,C/C(=C/c1cc(-c2ccc(OCc3cc(CN4CCC(O)CC4=O)ccc3-c3ccc(C#N)cc3)cc2)n(C2CCCCC2)n1)C(=O)O,340
CHEMBL217625,O=C(O)c1ccc2c(C3CCCCC3)c3n(c2c1)CCN(CCN1CCCCC1)c1ccccc1-3,340
CHEMBL202539,O=c1c(C2=NS(=O)(=O)c3ccccc3N2)c(O)c2ccccc2n1CC1CCCCC1,367
CHEMBL181634,CC(C)C[C@@]1(C(=O)O)C[C@H](C(=O)O)[C@H](c2nccs2)N1C(=O)c1ccc(C(F)(F)F)cc1,400
CHEMBL378164,CC(C)CCn1c(=O)c(C2=NS(=O)(=O)c3ccccc3N2)c(O)c2cc([N+](=O)[O-])ccc21,455
CHEMBL381310,O=c1c(C2=NS(=O)(=O)c3ccccc3N2)c(O)c2ccccc2n1CC1CCOC1,484
CHEMBL182020,Oc1ncnc2nc(-c3ccc(F)cc3)c(-c3ccc(F)cc3)nc12,500
CHEMBL360456,CC(C)C[C@@]1(C(=O)O)C[C@H](C(=O)O)[C@H](C(C)C)N1C(=O)c1ccc(C(F)(F)F)cc1,500
CHEMBL201140,O=c1c(C2=NS(=O)(=O)c3ccccc3N2)c(O)c2ccccc2n1CC1CCCO1,528
CHEMBL4642429,O=C(O)/C=C/c1ccc(NC(=O)N(C(=O)c2ccc3c(c2)nc(-c2ccccn2)n3C2CCCCC2)C2CCCC2)cc1,550
CHEMBL202581,CC(C)CCn1c(=O)c(C2=NS(=O)(=O)c3ccccc3N2)c(O)c2ccc(F)cc21,554
CHEMBL4639473,O=C(N[C@H](Cc1c[nH]c2ccc(O)cc12)C(=O)O)c1ccc2nc(-c3ccccc3)c(C3CCCCC3)nc2c1,600
CHEMBL180099,CC(C)C[C@@]1(C(=O)O)C[C@H](C(=O)O)[C@H](c2cccs2)N1C(=O)c1cccc(C(F)(F)F)c1,600
CHEMBL179389,CC(C)C[C@@]1(C(=O)O)C[C@H](C(=O)O)[C@H](c2cccs2)N1C(=O)c1ccc(Cl)c(Cl)c1,600
CHEMBL439511,CC(C)(C)C(=O)Cn1c(=O)c(C2=NS(=O)(=O)c3ccccc3N2)c(O)c2cc(F)ccc21,696
CHEMBL180188,CC(C)C[C@@]1(C(=O)O)C[C@H](C(=O)O)[C@H](c2ccccc2)N1C(=O)c1ccc(C(F)(F)F)cc1,700
CHEMBL360543,CC(C)C[C@@]1(C(=O)O)C[C@H](C(=O)O)[C@H](c2ccccn2)N1C(=O)c1ccc(C(F)(F)F)cc1,700
CHEMBL180771,CC(C)C[C@@]1(C(=O)O)C[C@H](C(=O)O)[C@H](c2cccs2)N1C(=O)c1cccc2ccccc12,700
CHEMBL427375,N#CCCCCn1c(=O)c(C2=NS(=O)(=O)c3ccccc3N2)c(O)c2ccccc21,750
CHEMBL202191,N#Cc1ccccc1Cn1c(=O)c(C2=NS(=O)(=O)c3ccccc3N2)c(O)c2ccccc21,780
CHEMBL179508,CC(C)C[C@@]1(C(=O)O)C[C@H](C(=O)O)[C@H](c2ccco2)N1C(=O)c1ccc(C(F)(F)F)cc1,800
CHEMBL202079,COCCn1c(=O)c(C2=NS(=O)(=O)c3ccccc3N2)c(O)c2ccccc21,819
CHEMBL413358,CC(C)C[C@@]1(C(=O)O)C[C@H](C(=O)O)[C@H](c2ccc(Cl)cc2)N1C(=O)c1ccc(C(F)(F)F)cc1,900
CHEMBL439333,CC(C)CCn1c(=O)c(C2=NS(=O)(=O)c3ccccc3N2)c(O)c2cc(NC(=O)C3CCCC3)ccc21,973
CHEMBL181308,Cc1ccc([C@H]2[C@@H](C(=O)O)C[C@@](CC(C)C)(C(=O)O)N2C(=O)c2ccc(C(F)(F)F)cc2)cc1,1000
CHEMBL202407,CC(C)CCn1c(=O)c(C2=NS(=O)(=O)c3ccccc3N2)c(O)c2cc(C(=O)O)ccc21,1035
CHEMBL201927,O=c1c(C2=NS(=O)(=O)c3ccccc3N2)c(O)c2ccccc2n1CCCCO,1301
CHEMBL202250,CCCn1c(=O)c(C2=NS(=O)(=O)c3ccccc3N2)c(O)c2ccccc21,1550
CHEMBL175177,O=C(O)c1ccc2c(c1)nc(-c1ccoc1)n2C1CCCCC1,1600
CHEMBL361429,CC(C)C[C@@]1(C(=O)O)C[C@H](C(=O)O)[C@H](c2cccs2)N1C(=O)c1ccc(Cl)cc1,1700
CHEMBL425757,COCCOc1ccc2c(c1)c(O)c(C1=NS(=O)(=O)c3ccccc3N1)c(=O)n2CCC(C)C,1741
CHEMBL360800,O=C(O)[C@H]1C[C@@](Cc2ccccc2)(C(=O)O)N(C(=O)c2ccc(C(F)(F)F)cc2)[C@H]1c1ccccc1,1900
CHEMBL202606,CCOC(=O)n1c(=O)c(C2=NS(=O)(=O)c3ccccc3N2)c(O)c2ccccc21,2036
CHEMBL201305,CCn1c(=O)c(C2=NS(=O)(=O)c3ccccc3N2)c(O)c2ccccc21,2220
CHEMBL381699,CS(=O)(=O)CCn1c(=O)c(C2=NS(=O)(=O)c3ccccc3N2)c(O)c2ccccc21,2322
CHEMBL203369,CC(C)CCn1c(=O)c(C2=NS(=O)(=O)c3ccccc3N2C)c(O)c2ccccc21,2429
CHEMBL381497,O=c1c(C2=NS(=O)(=O)c3ccccc3N2)c(O)c2ccccc2n1Cc1ccc([N+](=O)[O-])cc1,2442
CHEMBL202325,C[S+]([O-])CCn1c(=O)c(C2=NS(=O)(=O)c3ccccc3N2)c(O)c2ccccc21,2537
CHEMBL200985,O=c1c(C2=NS(=O)(=O)c3ccccc3N2)c(O)c2ccccc2n1Cc1ccccn1,2694
CHEMBL201040,O=c1c(C2=NS(=O)(=O)c3ccccc3N2)c(O)c2ccccc2n1CCCO,2815
CHEMBL4640738,CCCC1(CC(=O)O)OCCC2c3c(CC)ccc(Cl)c3NC21,3000
CHEMBL206461,O=C(O)c1ccc2c(c1)nc(-c1ccc(OCc3ccccc3)cc1)n2C1CCCC1,3200
CHEMBL178557,CC(C)C[C@@]1(C(=O)O)C[C@H](C(=O)O)[C@H](c2cccs2)N1C(=O)c1ccc([N+](=O)[O-])cc1,3200
CHEMBL433580,CCCC[C@@]1(C(=O)O)C[C@H](C(=O)O)[C@H](c2ccccc2)N1C(=O)c1ccc(C(F)(F)F)cc1,3300
CHEMBL201034,CC(C)CCn1c(=O)c(C2=NS(=O)(=O)c3ccccc3N2)c(O)c2cc(OCc3ccccc3)ccc21,3950
CHEMBL202005,CC(C)CCn1c(=O)c(C2=NS(=O)(=O)c3ccccc3N2)c(O)c2cc(NC(=O)c3ccccc3)ccc21,4235
CHEMBL382159,CC(C)CCn1c(=O)c(C2=NS(=O)(=O)c3ccccc3N2)c(O)c2cc(OCCCC#N)ccc21,4328
CHEMBL360946,COc1ccccc1[C@H]1[C@@H](C(=O)O)C[C@@](CC(C)C)(C(=O)O)N1C(=O)c1ccc(C(F)(F)F)cc1,5100
CHEMBL202566,Cn1c(=O)c(C2=NS(=O)(=O)c3ccccc3N2)c(O)c2ccccc21,5592
CHEMBL204401,CC(C)CCn1c(=O)c(C2=NS(=O)(=O)c3ccccc3N2)c(O)c2cc(NC(=O)CN(C)C)ccc21,5805
CHEMBL383063,CC(C)CCn1c(=O)c(C2=NS(=O)(=O)c3ccccc3N2)c(O)c2cc(NC(=O)CC(C)C)ccc21,6503
CHEMBL361781,O=C(O)[C@H]1C[C@@H](C(=O)O)N(C(=O)c2ccc(C(F)(F)F)cc2)C1,7600
CHEMBL3617579,O=C(NCCCc1ccccc1)c1nc2ccccc2c(=O)n1O,8800
CHEMBL201876,CC(C)CCn1c(=O)n(C2=NS(=O)(=O)c3ccccc3N2)c(=O)c2ccccc21,9940
CHEMBL202587,CC(C)CCn1c(=O)c(C2=NS(=O)(=O)c3ccccc3N2)c(O)c2ccc(C(=O)O)cc21,10000
CHEMBL383449,CCOC(=O)c1ccc2c(c1)c(O)c(C1=NS(=O)(=O)c3ccccc3N1)c(=O)n2CCC(C)C,10000
CHEMBL201435,O=c1c(C2=NS(=O)(=O)c3ccccc3N2)c(O)c2ccccc2n1CCc1ccccc1,10000
CHEMBL201634,O=c1c(C2=NS(=O)(=O)c3ccccc3N2)c(O)c2ccccc2n1CCN1CCCC1,10000
CHEMBL201457,O=c1c(C2=NS(=O)(=O)c3ccccc3N2)c(O)c2ccccc2n1CCc1cccs1,10000
CHEMBL201601,CC(C)CCn1c(=O)c(C2=NS(=O)(=O)c3ccccc3N2)c(O)c2cc(I)ccc21,10000
CHEMBL202449,CC(C)CCn1cc(C2=NS(=O)(=O)c3ccccc3N2)c(=O)c2ccccc21,10000
CHEMBL201555,C=CCn1c(=O)c(C2=NS(=O)(=O)c3ccccc3N2)c(O)c2ccccc21,10000
CHEMBL201722,CC(C)CCn1c(=O)c(C2=NS(=O)(=O)c3ccccc3N2)c(O)c2ccc(/C=C/C(N)=O)cc21,10000
CHEMBL201606,CCOC(=O)CCCn1c(=O)c(C2=NS(=O)(=O)c3ccccc3N2)c(O)c2ccccc21,10000
CHEMBL202195,CCCCn1c(=O)c(-c2nc3ccccc3[nH]2)c(O)c2ccccc21,10000
CHEMBL377075,O=c1c(C2=NS(=O)(=O)c3ccccc3N2)c(O)c2ccccc2n1-c1ccccc1,10000
CHEMBL201770,O=C(O)CCCn1c(=O)c(C2=NS(=O)(=O)c3ccccc3N2)c(O)c2ccccc21,10000
CHEMBL202448,CC(C)CCn1c(=O)c(C2=NS(=O)(=O)c3ccccc3N2)cc2ccccc21,10000
CHEMBL201360,O=c1c(C2=NS(=O)(=O)c3ccccc3N2)c(O)c2ccccc2n1CCO,10000
CHEMBL201823,CC(=O)Nc1ccc2c(c1)c(O)c(C1=NS(=O)(=O)c3ccccc3N1)c(=O)n2CCC(C)C,10000
CHEMBL377721,CC(C)CCn1c(=O)c(C2=NS(=O)(=O)c3ccccc3N2)c(O)c2ccc([N+](=O)[O-])cc21,10000
CHEMBL202423,CC(C)CCn1c(=O)c(C2=NS(=O)(=O)c3ccccc3N2)c(N)c2ccccc21,10000
CHEMBL201912,CCOC(=O)c1ccc2c(O)c(C3=NS(=O)(=O)c4ccccc4N3)c(=O)n(CCC(C)C)c2c1,10000
CHEMBL202261,CC(C)CCn1c(=O)c(C2=NS(=O)(=O)c3ccccc3N2)c(O)c2ccc(Br)cc21,10000
CHEMBL202375,O=c1c(C2=NS(=O)(=O)c3ccccc3N2)c(O)c2ccccc2n1CCc1ccsc1,10000
CHEMBL202304,CC(C)CCn1c(=O)c(C2=NS(=O)(=O)c3ccccc3N2)c(O)c2cccc([N+](=O)[O-])c21,10000
CHEMBL201928,CN(C)CCn1c(=O)c(C2=NS(=O)(=O)c3ccccc3N2)c(O)c2ccccc21,10000
CHEMBL201350,CC(C)(C)c1ccc(Cn2c(=O)c(C3=NS(=O)(=O)c4ccccc4N3)c(O)c3ccccc32)cc1,10000
CHEMBL201256,O=S1(=O)N=C(c2c(O)nc3ccccc3c2O)Nc2ccccc21,10000
CHEMBL201336,CN(C)C(=O)Cn1c(=O)c(C2=NS(=O)(=O)c3ccccc3N2)c(O)c2cc(F)ccc21,10000
CHEMBL383418,NC(=O)CCCn1c(=O)c(C2=NS(=O)(=O)c3ccccc3N2)c(O)c2ccccc21,10000
CHEMBL201635,NCCCCn1c(=O)c(C2=NS(=O)(=O)c3ccccc3N2)c(O)c2ccccc21,10000
CHEMBL380341,O=c1c(C2=NS(=O)(=O)c3ccccc3N2)c(O)c2ccccc2n1CCCc1ccccc1,10000
CHEMBL201231,O=c1c(C2=NS(=O)(=O)c3ccccc3N2)c(O)c2ccccc2n1Cc1ccccc1[N+](=O)[O-],10000
CHEMBL202987,O=c1c(-c2nc(O)c3ccccc3n2)c(O)c2cc(F)ccc2n1CCC1CC1,10000
CHEMBL202326,CC(C)CCn1c(=O)c(C2=NS(=O)(=O)c3ccccc3N2)c(O)c2ccc(Cl)cc21,10000
CHEMBL361428,CC(C)C[C@@]1(C(=O)O)C[C@H](C(=O)O)[C@H](c2cccs2)N1C(=O)c1ccccc1,11400
CHEMBL180457,O=C(O)[C@H]1C[C@@H](C(=O)O)N(C(=O)c2ccc(Cl)c(Cl)c2)C1,12000
CHEMBL4641216,O=C(O)C1C(c2ccccc2)c2ccccc2C(=O)N1O,15700
CHEMBL360224,CC(C)C[C@@]1(C(=O)O)C[C@H](C(=O)O)[C@@H](c2cccs2)N1C(=O)c1ccc(C(F)(F)F)cc1,18000
CHEMBL362796,NCCC[C@@]1(C(=O)O)C[C@H](C(=O)O)[C@H](c2ccccc2)N1C(=O)c1ccc(C(F)(F)F)cc1,20000
CHEMBL369789,O=C(O)[C@H]1C[C@@](Cc2ccc(O)cc2)(C(=O)O)N(C(=O)c2ccc(C(F)(F)F)cc2)[C@H]1c1ccccc1,20000
CHEMBL180619,O=C(O)CC[C@@]1(C(=O)O)C[C@H](C(=O)O)[C@H](c2ccccc2)N1C(=O)c1ccc(C(F)(F)F)cc1,20000
CHEMBL361981,C[C@@]1(C(=O)O)C[C@H](C(=O)O)[C@H](c2ccccc2)N1C(=O)c1ccc(C(F)(F)F)cc1,20000
CHEMBL181158,CC(C)C[C@@]1(C(=O)O)C[C@H](C(=O)O)[C@H](c2cccs2)N1C(=O)c1ccncc1,20000
CHEMBL181570,CCCCCCC(=O)N1[C@@H](c2cccs2)[C@@H](C(=O)O)C[C@@]1(CC(C)C)C(=O)O,20000
CHEMBL178443,CC(C)C[C@@]1(C(=O)O)C[C@H](C(=O)O)[C@H](c2cccs2)N1C(=O)c1ccccc1C(F)(F)F,20000
CHEMBL474496,N#Cc1c(Cl)cc(Cl)cc1COc1cccc(C(=O)/C=C(\O)C(=O)O)c1,45000
