"Molecule ChEMBL ID";"Molecule Name";"Molecule Max Phase";"Molecular Weight";"#RO5 Violations";"AlogP";"Compound Key";"Smiles";"Standard Type";"Standard Relation";"Standard Value";"Standard Units";"pChEMBL Value";"Data Validity Comment";"Comment";"Uo Units";"Ligand Efficiency BEI";"Ligand Efficiency LE";"Ligand Efficiency LLE";"Ligand Efficiency SEI";"Potential Duplicate";"Assay ChEMBL ID";"Assay Description";"Assay Type";"BAO Format ID";"BAO Label";"Assay Organism";"Assay Tissue ChEMBL ID";"Assay Tissue Name";"Assay Cell Type";"Assay Subcellular Fraction";"Assay Parameters";"Assay Variant Accession";"Assay Variant Mutation";"Target ChEMBL ID";"Target Name";"Target Organism";"Target Type";"Document ChEMBL ID";"Source ID";"Source Description";"Document Journal";"Document Year";"Cell ChEMBL ID";"Properties"
"CHEMBL424973";"";"None";"478.56";"0";"3.92";"2d";"CC(Sn1c(=O)c(C2=NS(=O)(=O)c3ccccc3N2)c(O)c2cccnc21)c1ccccc1";"IC50";"'='";"4630.0";"nM";"5.33";"";"";"UO_0000065";"11.15";"0.22";"1.41";"4.69";"0";"CHEMBL832929";"Inhibitory concentration against RNA dependent RNA polymerase Nonstructural protein 5B of genotype 1b Hepatitis C virus";"B";"BAO_0000357";"single protein format";"Hepatitis C virus";"None";"None";"None";"None";"";"";"";"CHEMBL5375";"Hepatitis C virus NS5B RNA-dependent RNA polymerase";"Hepatitis C virus";"SINGLE PROTEIN";"CHEMBL1142034";"1";"Scientific Literature";"Bioorg Med Chem Lett";"2005";"None";""
"CHEMBL179884";"";"None";"426.50";"0";"3.00";"5i";"CCC(CC)Nn1c(=O)c(C2=NS(=O)(=O)c3ccccc3N2)c(O)c2ccccc21";"IC50";"'='";"2460.0";"nM";"5.61";"";"";"UO_0000065";"13.15";"0.26";"2.61";"4.97";"0";"CHEMBL832928";"Inhibitory concentration against RNA dependent RNA polymerase Nonstructural protein 5B of genotype 1a Hepatitis C virus";"B";"BAO_0000357";"single protein format";"Hepatitis C virus";"None";"None";"None";"None";"";"";"";"CHEMBL5375";"Hepatitis C virus NS5B RNA-dependent RNA polymerase";"Hepatitis C virus";"SINGLE PROTEIN";"CHEMBL1142034";"1";"Scientific Literature";"Bioorg Med Chem Lett";"2005";"None";""
"CHEMBL181246";"";"None";"454.55";"0";"3.64";"5l";"CCCC(Nn1c(=O)c(C2=NS(=O)(=O)c3ccccc3N2)c(O)c2ccccc21)C(C)C";"IC50";"'='";"6400.0";"nM";"5.19";"";"";"UO_0000065";"11.43";"0.22";"1.55";"4.60";"0";"CHEMBL832928";"Inhibitory concentration against RNA dependent RNA polymerase Nonstructural protein 5B of genotype 1a Hepatitis C virus";"B";"BAO_0000357";"single protein format";"Hepatitis C virus";"None";"None";"None";"None";"";"";"";"CHEMBL5375";"Hepatitis C virus NS5B RNA-dependent RNA polymerase";"Hepatitis C virus";"SINGLE PROTEIN";"CHEMBL1142034";"1";"Scientific Literature";"Bioorg Med Chem Lett";"2005";"None";""
"CHEMBL181109";"";"None";"440.53";"0";"3.25";"5d";"CC(C)(C)CCNn1c(=O)c(C2=NS(=O)(=O)c3ccccc3N2)c(O)c2ccccc21";"IC50";"'='";"411.0";"nM";"6.39";"";"";"UO_0000065";"14.50";"0.28";"3.14";"5.66";"0";"CHEMBL832928";"Inhibitory concentration against RNA dependent RNA polymerase Nonstructural protein 5B of genotype 1a Hepatitis C virus";"B";"BAO_0000357";"single protein format";"Hepatitis C virus";"None";"None";"None";"None";"";"";"";"CHEMBL5375";"Hepatitis C virus NS5B RNA-dependent RNA polymerase";"Hepatitis C virus";"SINGLE PROTEIN";"CHEMBL1142034";"1";"Scientific Literature";"Bioorg Med Chem Lett";"2005";"None";""
"CHEMBL182191";"";"None";"446.49";"0";"3.01";"4a";"O=c1c(C2=NS(=O)(=O)c3ccccc3N2)c(O)c2ccccc2n1NCc1ccccc1";"IC50";"'='";"129.0";"nM";"6.89";"";"";"UO_0000065";"15.43";"0.29";"3.88";"6.11";"0";"CHEMBL832929";"Inhibitory concentration against RNA dependent RNA polymerase Nonstructural protein 5B of genotype 1b Hepatitis C virus";"B";"BAO_0000357";"single protein format";"Hepatitis C virus";"None";"None";"None";"None";"";"";"";"CHEMBL5375";"Hepatitis C virus NS5B RNA-dependent RNA polymerase";"Hepatitis C virus";"SINGLE PROTEIN";"CHEMBL1142034";"1";"Scientific Literature";"Bioorg Med Chem Lett";"2005";"None";""
"CHEMBL178881";"";"None";"412.47";"0";"2.61";"5a";"CCCCNn1c(=O)c(C2=NS(=O)(=O)c3ccccc3N2)c(O)c2ccccc21";"IC50";"'='";"161.0";"nM";"6.79";"";"";"UO_0000065";"16.47";"0.32";"4.18";"6.02";"0";"CHEMBL832929";"Inhibitory concentration against RNA dependent RNA polymerase Nonstructural protein 5B of genotype 1b Hepatitis C virus";"B";"BAO_0000357";"single protein format";"Hepatitis C virus";"None";"None";"None";"None";"";"";"";"CHEMBL5375";"Hepatitis C virus NS5B RNA-dependent RNA polymerase";"Hepatitis C virus";"SINGLE PROTEIN";"CHEMBL1142034";"1";"Scientific Literature";"Bioorg Med Chem Lett";"2005";"None";""
"CHEMBL360256";"";"None";"448.46";"0";"2.29";"3a";"O=c1c(C2=NS(=O)(=O)c3ccccc3N2)c(O)c2cccnc2n1OCc1ccccc1";"IC50";"'='";"58000.0";"nM";"4.24";"";"";"UO_0000065";"9.45";"0.18";"1.95";"3.45";"0";"CHEMBL832929";"Inhibitory concentration against RNA dependent RNA polymerase Nonstructural protein 5B of genotype 1b Hepatitis C virus";"B";"BAO_0000357";"single protein format";"Hepatitis C virus";"None";"None";"None";"None";"";"";"";"CHEMBL5375";"Hepatitis C virus NS5B RNA-dependent RNA polymerase";"Hepatitis C virus";"SINGLE PROTEIN";"CHEMBL1142034";"1";"Scientific Literature";"Bioorg Med Chem Lett";"2005";"None";""
"CHEMBL367825";"";"None";"525.38";"1";"3.77";"4c";"O=c1c(C2=NS(=O)(=O)c3ccccc3N2)c(O)c2ccccc2n1NCc1cccc(Br)c1";"IC50";"'='";"75.0";"nM";"7.12";"";"";"UO_0000065";"13.56";"0.29";"3.35";"6.32";"0";"CHEMBL832929";"Inhibitory concentration against RNA dependent RNA polymerase Nonstructural protein 5B of genotype 1b Hepatitis C virus";"B";"BAO_0000357";"single protein format";"Hepatitis C virus";"None";"None";"None";"None";"";"";"";"CHEMBL5375";"Hepatitis C virus NS5B RNA-dependent RNA polymerase";"Hepatitis C virus";"SINGLE PROTEIN";"CHEMBL1142034";"1";"Scientific Literature";"Bioorg Med Chem Lett";"2005";"None";""
"CHEMBL181068";"";"None";"452.54";"0";"3.39";"5g";"O=c1c(C2=NS(=O)(=O)c3ccccc3N2)c(O)c2ccccc2n1NCC1CCCCC1";"IC50";"'='";"150.0";"nM";"6.82";"";"";"UO_0000065";"15.08";"0.29";"3.43";"6.05";"0";"CHEMBL832929";"Inhibitory concentration against RNA dependent RNA polymerase Nonstructural protein 5B of genotype 1b Hepatitis C virus";"B";"BAO_0000357";"single protein format";"Hepatitis C virus";"None";"None";"None";"None";"";"";"";"CHEMBL5375";"Hepatitis C virus NS5B RNA-dependent RNA polymerase";"Hepatitis C virus";"SINGLE PROTEIN";"CHEMBL1142034";"1";"Scientific Literature";"Bioorg Med Chem Lett";"2005";"None";""
"CHEMBL179884";"";"None";"426.50";"0";"3.00";"5i";"CCC(CC)Nn1c(=O)c(C2=NS(=O)(=O)c3ccccc3N2)c(O)c2ccccc21";"IC50";"'='";"120.0";"nM";"6.92";"";"";"UO_0000065";"16.23";"0.32";"3.92";"6.14";"0";"CHEMBL832929";"Inhibitory concentration against RNA dependent RNA polymerase Nonstructural protein 5B of genotype 1b Hepatitis C virus";"B";"BAO_0000357";"single protein format";"Hepatitis C virus";"None";"None";"None";"None";"";"";"";"CHEMBL5375";"Hepatitis C virus NS5B RNA-dependent RNA polymerase";"Hepatitis C virus";"SINGLE PROTEIN";"CHEMBL1142034";"1";"Scientific Literature";"Bioorg Med Chem Lett";"2005";"None";""
"CHEMBL180706";"";"None";"453.51";"0";"2.47";"4j";"O=c1c(C2=NS(=O)(=O)c3ccccc3N2)c(O)c2ccccc2n1NCc1nccs1";"IC50";"'='";"674.0";"nM";"6.17";"";"";"UO_0000065";"13.61";"0.27";"3.70";"4.91";"0";"CHEMBL832929";"Inhibitory concentration against RNA dependent RNA polymerase Nonstructural protein 5B of genotype 1b Hepatitis C virus";"B";"BAO_0000357";"single protein format";"Hepatitis C virus";"None";"None";"None";"None";"";"";"";"CHEMBL5375";"Hepatitis C virus NS5B RNA-dependent RNA polymerase";"Hepatitis C virus";"SINGLE PROTEIN";"CHEMBL1142034";"1";"Scientific Literature";"Bioorg Med Chem Lett";"2005";"None";""
"CHEMBL359645";"";"None";"460.52";"0";"3.32";"4g";"Cc1ccc(CNn2c(=O)c(C3=NS(=O)(=O)c4ccccc4N3)c(O)c3ccccc32)cc1";"IC50";"'>'";"5000.0";"nM";"";"";"";"UO_0000065";"";"";"";"";"0";"CHEMBL832929";"Inhibitory concentration against RNA dependent RNA polymerase Nonstructural protein 5B of genotype 1b Hepatitis C virus";"B";"BAO_0000357";"single protein format";"Hepatitis C virus";"None";"None";"None";"None";"";"";"";"CHEMBL5375";"Hepatitis C virus NS5B RNA-dependent RNA polymerase";"Hepatitis C virus";"SINGLE PROTEIN";"CHEMBL1142034";"1";"Scientific Literature";"Bioorg Med Chem Lett";"2005";"None";""
"CHEMBL181058";"";"None";"466.54";"0";"3.38";"4m";"Cc1ccsc1CNn1c(=O)c(C2=NS(=O)(=O)c3ccccc3N2)c(O)c2ccccc21";"IC50";"'='";"15000.0";"nM";"4.82";"";"";"UO_0000065";"10.34";"0.21";"1.44";"4.28";"0";"CHEMBL832928";"Inhibitory concentration against RNA dependent RNA polymerase Nonstructural protein 5B of genotype 1a Hepatitis C virus";"B";"BAO_0000357";"single protein format";"Hepatitis C virus";"None";"None";"None";"None";"";"";"";"CHEMBL5375";"Hepatitis C virus NS5B RNA-dependent RNA polymerase";"Hepatitis C virus";"SINGLE PROTEIN";"CHEMBL1142034";"1";"Scientific Literature";"Bioorg Med Chem Lett";"2005";"None";""
"CHEMBL433957";"";"None";"486.96";"0";"3.73";"4n";"O=c1c(C2=NS(=O)(=O)c3ccccc3N2)c(O)c2ccccc2n1NCc1ccc(Cl)s1";"IC50";"'='";"1450.0";"nM";"5.84";"";"";"UO_0000065";"11.99";"0.25";"2.11";"5.18";"0";"CHEMBL832929";"Inhibitory concentration against RNA dependent RNA polymerase Nonstructural protein 5B of genotype 1b Hepatitis C virus";"B";"BAO_0000357";"single protein format";"Hepatitis C virus";"None";"None";"None";"None";"";"";"";"CHEMBL5375";"Hepatitis C virus NS5B RNA-dependent RNA polymerase";"Hepatitis C virus";"SINGLE PROTEIN";"CHEMBL1142034";"1";"Scientific Literature";"Bioorg Med Chem Lett";"2005";"None";""
"CHEMBL362701";"";"None";"426.50";"0";"2.86";"5c";"CC(C)CCNn1c(=O)c(C2=NS(=O)(=O)c3ccccc3N2)c(O)c2ccccc21";"IC50";"'='";"629.0";"nM";"6.20";"";"";"UO_0000065";"14.54";"0.28";"3.34";"5.50";"0";"CHEMBL832928";"Inhibitory concentration against RNA dependent RNA polymerase Nonstructural protein 5B of genotype 1a Hepatitis C virus";"B";"BAO_0000357";"single protein format";"Hepatitis C virus";"None";"None";"None";"None";"";"";"";"CHEMBL5375";"Hepatitis C virus NS5B RNA-dependent RNA polymerase";"Hepatitis C virus";"SINGLE PROTEIN";"CHEMBL1142034";"1";"Scientific Literature";"Bioorg Med Chem Lett";"2005";"None";""
"CHEMBL362821";"";"None";"454.55";"0";"3.78";"5k";"CCCC(CCC)Nn1c(=O)c(C2=NS(=O)(=O)c3ccccc3N2)c(O)c2ccccc21";"IC50";"'='";"1800.0";"nM";"5.75";"";"";"UO_0000065";"12.64";"0.25";"1.96";"5.09";"0";"CHEMBL832929";"Inhibitory concentration against RNA dependent RNA polymerase Nonstructural protein 5B of genotype 1b Hepatitis C virus";"B";"BAO_0000357";"single protein format";"Hepatitis C virus";"None";"None";"None";"None";"";"";"";"CHEMBL5375";"Hepatitis C virus NS5B RNA-dependent RNA polymerase";"Hepatitis C virus";"SINGLE PROTEIN";"CHEMBL1142034";"1";"Scientific Literature";"Bioorg Med Chem Lett";"2005";"None";""
"CHEMBL180346";"";"None";"460.52";"0";"3.32";"4f";"Cc1cccc(CNn2c(=O)c(C3=NS(=O)(=O)c4ccccc4N3)c(O)c3ccccc32)c1";"IC50";"'='";"212.0";"nM";"6.67";"";"";"UO_0000065";"14.49";"0.28";"3.35";"5.92";"0";"CHEMBL832929";"Inhibitory concentration against RNA dependent RNA polymerase Nonstructural protein 5B of genotype 1b Hepatitis C virus";"B";"BAO_0000357";"single protein format";"Hepatitis C virus";"None";"None";"None";"None";"";"";"";"CHEMBL5375";"Hepatitis C virus NS5B RNA-dependent RNA polymerase";"Hepatitis C virus";"SINGLE PROTEIN";"CHEMBL1142034";"1";"Scientific Literature";"Bioorg Med Chem Lett";"2005";"None";""
"CHEMBL360365";"";"None";"436.45";"0";"2.60";"4k";"O=c1c(C2=NS(=O)(=O)c3ccccc3N2)c(O)c2ccccc2n1NCc1ccco1";"IC50";"'='";"3260.0";"nM";"5.49";"";"";"UO_0000065";"12.57";"0.24";"2.89";"4.36";"0";"CHEMBL832928";"Inhibitory concentration against RNA dependent RNA polymerase Nonstructural protein 5B of genotype 1a Hepatitis C virus";"B";"BAO_0000357";"single protein format";"Hepatitis C virus";"None";"None";"None";"None";"";"";"";"CHEMBL5375";"Hepatitis C virus NS5B RNA-dependent RNA polymerase";"Hepatitis C virus";"SINGLE PROTEIN";"CHEMBL1142034";"1";"Scientific Literature";"Bioorg Med Chem Lett";"2005";"None";""
"CHEMBL183588";"";"None";"410.46";"0";"2.22";"5f";"O=c1c(C2=NS(=O)(=O)c3ccccc3N2)c(O)c2ccccc2n1NCC1CC1";"EC50";"'='";"1050.0";"nM";"5.98";"";"";"UO_0000065";"14.57";"0.28";"3.76";"5.30";"0";"CHEMBL839779";"Effective concentration against RNA dependent RNA polymerase Nonstructural protein 5B of genotype 1b Hepatitis C virus";"B";"BAO_0000357";"single protein format";"Hepatitis C virus";"None";"None";"None";"None";"";"";"";"CHEMBL5375";"Hepatitis C virus NS5B RNA-dependent RNA polymerase";"Hepatitis C virus";"SINGLE PROTEIN";"CHEMBL1142034";"1";"Scientific Literature";"Bioorg Med Chem Lett";"2005";"None";""
"CHEMBL182191";"";"None";"446.49";"0";"3.01";"4a";"O=c1c(C2=NS(=O)(=O)c3ccccc3N2)c(O)c2ccccc2n1NCc1ccccc1";"EC50";"'='";"15700.0";"nM";"4.80";"";"";"UO_0000065";"10.76";"0.21";"1.79";"4.26";"0";"CHEMBL839779";"Effective concentration against RNA dependent RNA polymerase Nonstructural protein 5B of genotype 1b Hepatitis C virus";"B";"BAO_0000357";"single protein format";"Hepatitis C virus";"None";"None";"None";"None";"";"";"";"CHEMBL5375";"Hepatitis C virus NS5B RNA-dependent RNA polymerase";"Hepatitis C virus";"SINGLE PROTEIN";"CHEMBL1142034";"1";"Scientific Literature";"Bioorg Med Chem Lett";"2005";"None";""
"CHEMBL1957270";"";"None";"438.51";"0";"3.14";"5p";"O=c1c(C2=NS(=O)(=O)c3ccccc3N2)c(O)c2ccccc2n1NC1CCCCC1";"EC50";"'='";"1270.0";"nM";"5.90";"";"";"UO_0000065";"13.45";"0.26";"2.76";"5.23";"0";"CHEMBL839779";"Effective concentration against RNA dependent RNA polymerase Nonstructural protein 5B of genotype 1b Hepatitis C virus";"B";"BAO_0000357";"single protein format";"Hepatitis C virus";"None";"None";"None";"None";"";"";"";"CHEMBL5375";"Hepatitis C virus NS5B RNA-dependent RNA polymerase";"Hepatitis C virus";"SINGLE PROTEIN";"CHEMBL1142034";"1";"Scientific Literature";"Bioorg Med Chem Lett";"2005";"None";""
"CHEMBL179934";"";"None";"466.56";"0";"3.78";"5q";"O=c1c(C2=NS(=O)(=O)c3ccccc3N2)c(O)c2ccccc2n1NCC1CCCCCC1";"IC50";"'='";"217.0";"nM";"6.66";"";"";"UO_0000065";"14.28";"0.28";"2.88";"5.91";"0";"CHEMBL832929";"Inhibitory concentration against RNA dependent RNA polymerase Nonstructural protein 5B of genotype 1b Hepatitis C virus";"B";"BAO_0000357";"single protein format";"Hepatitis C virus";"None";"None";"None";"None";"";"";"";"CHEMBL5375";"Hepatitis C virus NS5B RNA-dependent RNA polymerase";"Hepatitis C virus";"SINGLE PROTEIN";"CHEMBL1142034";"1";"Scientific Literature";"Bioorg Med Chem Lett";"2005";"None";""
"CHEMBL361811";"";"None";"525.38";"1";"3.77";"4b";"O=c1c(C2=NS(=O)(=O)c3ccccc3N2)c(O)c2ccccc2n1NCc1ccccc1Br";"IC50";"'='";"6720.0";"nM";"5.17";"";"";"UO_0000065";"9.85";"0.21";"1.40";"4.59";"0";"CHEMBL832928";"Inhibitory concentration against RNA dependent RNA polymerase Nonstructural protein 5B of genotype 1a Hepatitis C virus";"B";"BAO_0000357";"single protein format";"Hepatitis C virus";"None";"None";"None";"None";"";"";"";"CHEMBL5375";"Hepatitis C virus NS5B RNA-dependent RNA polymerase";"Hepatitis C virus";"SINGLE PROTEIN";"CHEMBL1142034";"1";"Scientific Literature";"Bioorg Med Chem Lett";"2005";"None";""
"CHEMBL180706";"";"None";"453.51";"0";"2.47";"4j";"O=c1c(C2=NS(=O)(=O)c3ccccc3N2)c(O)c2ccccc2n1NCc1nccs1";"IC50";"'='";"35800.0";"nM";"4.45";"";"";"UO_0000065";"9.80";"0.20";"1.98";"3.54";"0";"CHEMBL832928";"Inhibitory concentration against RNA dependent RNA polymerase Nonstructural protein 5B of genotype 1a Hepatitis C virus";"B";"BAO_0000357";"single protein format";"Hepatitis C virus";"None";"None";"None";"None";"";"";"";"CHEMBL5375";"Hepatitis C virus NS5B RNA-dependent RNA polymerase";"Hepatitis C virus";"SINGLE PROTEIN";"CHEMBL1142034";"1";"Scientific Literature";"Bioorg Med Chem Lett";"2005";"None";""
"CHEMBL181068";"";"None";"452.54";"0";"3.39";"5g";"O=c1c(C2=NS(=O)(=O)c3ccccc3N2)c(O)c2ccccc2n1NCC1CCCCC1";"IC50";"'='";"2528.0";"nM";"5.60";"";"";"UO_0000065";"12.37";"0.24";"2.21";"4.96";"0";"CHEMBL832928";"Inhibitory concentration against RNA dependent RNA polymerase Nonstructural protein 5B of genotype 1a Hepatitis C virus";"B";"BAO_0000357";"single protein format";"Hepatitis C virus";"None";"None";"None";"None";"";"";"";"CHEMBL5375";"Hepatitis C virus NS5B RNA-dependent RNA polymerase";"Hepatitis C virus";"SINGLE PROTEIN";"CHEMBL1142034";"1";"Scientific Literature";"Bioorg Med Chem Lett";"2005";"None";""
"CHEMBL179279";"";"None";"436.45";"0";"2.60";"4l";"O=c1c(C2=NS(=O)(=O)c3ccccc3N2)c(O)c2ccccc2n1NCc1ccoc1";"IC50";"'='";"1550.0";"nM";"5.81";"";"";"UO_0000065";"13.31";"0.26";"3.21";"4.61";"0";"CHEMBL832928";"Inhibitory concentration against RNA dependent RNA polymerase Nonstructural protein 5B of genotype 1a Hepatitis C virus";"B";"BAO_0000357";"single protein format";"Hepatitis C virus";"None";"None";"None";"None";"";"";"";"CHEMBL5375";"Hepatitis C virus NS5B RNA-dependent RNA polymerase";"Hepatitis C virus";"SINGLE PROTEIN";"CHEMBL1142034";"1";"Scientific Literature";"Bioorg Med Chem Lett";"2005";"None";""
"CHEMBL359910";"";"None";"424.48";"0";"3.17";"2h";"O=c1c(C2=NS(=O)(=O)c3ccccc3N2)c(O)c2cccnc2n1C1CCCCC1";"IC50";"'='";"50000.0";"nM";"4.30";"";"";"UO_0000065";"10.13";"0.20";"1.13";"3.78";"0";"CHEMBL832929";"Inhibitory concentration against RNA dependent RNA polymerase Nonstructural protein 5B of genotype 1b Hepatitis C virus";"B";"BAO_0000357";"single protein format";"Hepatitis C virus";"None";"None";"None";"None";"";"";"";"CHEMBL5375";"Hepatitis C virus NS5B RNA-dependent RNA polymerase";"Hepatitis C virus";"SINGLE PROTEIN";"CHEMBL1142034";"1";"Scientific Literature";"Bioorg Med Chem Lett";"2005";"None";""
"CHEMBL179934";"";"None";"466.56";"0";"3.78";"5q";"O=c1c(C2=NS(=O)(=O)c3ccccc3N2)c(O)c2ccccc2n1NCC1CCCCCC1";"IC50";"'='";"1040.0";"nM";"5.98";"";"";"UO_0000065";"12.82";"0.25";"2.20";"5.30";"0";"CHEMBL832928";"Inhibitory concentration against RNA dependent RNA polymerase Nonstructural protein 5B of genotype 1a Hepatitis C virus";"B";"BAO_0000357";"single protein format";"Hepatitis C virus";"None";"None";"None";"None";"";"";"";"CHEMBL5375";"Hepatitis C virus NS5B RNA-dependent RNA polymerase";"Hepatitis C virus";"SINGLE PROTEIN";"CHEMBL1142034";"1";"Scientific Literature";"Bioorg Med Chem Lett";"2005";"None";""
"CHEMBL178881";"";"None";"412.47";"0";"2.61";"5a";"CCCCNn1c(=O)c(C2=NS(=O)(=O)c3ccccc3N2)c(O)c2ccccc21";"EC50";"'='";"3480.0";"nM";"5.46";"";"";"UO_0000065";"13.23";"0.26";"2.85";"4.84";"0";"CHEMBL839779";"Effective concentration against RNA dependent RNA polymerase Nonstructural protein 5B of genotype 1b Hepatitis C virus";"B";"BAO_0000357";"single protein format";"Hepatitis C virus";"None";"None";"None";"None";"";"";"";"CHEMBL5375";"Hepatitis C virus NS5B RNA-dependent RNA polymerase";"Hepatitis C virus";"SINGLE PROTEIN";"CHEMBL1142034";"1";"Scientific Literature";"Bioorg Med Chem Lett";"2005";"None";""
"CHEMBL183588";"";"None";"410.46";"0";"2.22";"5f";"O=c1c(C2=NS(=O)(=O)c3ccccc3N2)c(O)c2ccccc2n1NCC1CC1";"IC50";"'='";"145.0";"nM";"6.84";"";"";"UO_0000065";"16.66";"0.32";"4.62";"6.06";"0";"CHEMBL832929";"Inhibitory concentration against RNA dependent RNA polymerase Nonstructural protein 5B of genotype 1b Hepatitis C virus";"B";"BAO_0000357";"single protein format";"Hepatitis C virus";"None";"None";"None";"None";"";"";"";"CHEMBL5375";"Hepatitis C virus NS5B RNA-dependent RNA polymerase";"Hepatitis C virus";"SINGLE PROTEIN";"CHEMBL1142034";"1";"Scientific Literature";"Bioorg Med Chem Lett";"2005";"None";""
"CHEMBL440017";"";"None";"446.49";"0";"2.91";"2a";"O=c1c(C2=NS(=O)(=O)c3ccccc3N2)c(O)c2cccnc2n1CCc1ccccc1";"IC50";"'='";"1490.0";"nM";"5.83";"";"";"UO_0000065";"13.05";"0.25";"2.92";"5.13";"0";"CHEMBL832929";"Inhibitory concentration against RNA dependent RNA polymerase Nonstructural protein 5B of genotype 1b Hepatitis C virus";"B";"BAO_0000357";"single protein format";"Hepatitis C virus";"None";"None";"None";"None";"";"";"";"CHEMBL5375";"Hepatitis C virus NS5B RNA-dependent RNA polymerase";"Hepatitis C virus";"SINGLE PROTEIN";"CHEMBL1142034";"1";"Scientific Literature";"Bioorg Med Chem Lett";"2005";"None";""
"CHEMBL361221";"";"None";"426.50";"0";"3.00";"5b";"CCCCCNn1c(=O)c(C2=NS(=O)(=O)c3ccccc3N2)c(O)c2ccccc21";"IC50";"'='";"1000.0";"nM";"6.00";"";"";"UO_0000065";"14.07";"0.27";"3.00";"5.32";"0";"CHEMBL832929";"Inhibitory concentration against RNA dependent RNA polymerase Nonstructural protein 5B of genotype 1b Hepatitis C virus";"B";"BAO_0000357";"single protein format";"Hepatitis C virus";"None";"None";"None";"None";"";"";"";"CHEMBL5375";"Hepatitis C virus NS5B RNA-dependent RNA polymerase";"Hepatitis C virus";"SINGLE PROTEIN";"CHEMBL1142034";"1";"Scientific Literature";"Bioorg Med Chem Lett";"2005";"None";""
"CHEMBL178881";"";"None";"412.47";"0";"2.61";"5a";"CCCCNn1c(=O)c(C2=NS(=O)(=O)c3ccccc3N2)c(O)c2ccccc21";"IC50";"'='";"951.0";"nM";"6.02";"";"";"UO_0000065";"14.60";"0.28";"3.41";"5.34";"0";"CHEMBL832928";"Inhibitory concentration against RNA dependent RNA polymerase Nonstructural protein 5B of genotype 1a Hepatitis C virus";"B";"BAO_0000357";"single protein format";"Hepatitis C virus";"None";"None";"None";"None";"";"";"";"CHEMBL5375";"Hepatitis C virus NS5B RNA-dependent RNA polymerase";"Hepatitis C virus";"SINGLE PROTEIN";"CHEMBL1142034";"1";"Scientific Literature";"Bioorg Med Chem Lett";"2005";"None";""
"CHEMBL183588";"";"None";"410.46";"0";"2.22";"5f";"O=c1c(C2=NS(=O)(=O)c3ccccc3N2)c(O)c2ccccc2n1NCC1CC1";"IC50";"'='";"285.0";"nM";"6.54";"";"";"UO_0000065";"15.95";"0.31";"4.33";"5.80";"0";"CHEMBL832928";"Inhibitory concentration against RNA dependent RNA polymerase Nonstructural protein 5B of genotype 1a Hepatitis C virus";"B";"BAO_0000357";"single protein format";"Hepatitis C virus";"None";"None";"None";"None";"";"";"";"CHEMBL5375";"Hepatitis C virus NS5B RNA-dependent RNA polymerase";"Hepatitis C virus";"SINGLE PROTEIN";"CHEMBL1142034";"1";"Scientific Literature";"Bioorg Med Chem Lett";"2005";"None";""
"CHEMBL360050";"";"None";"414.44";"0";"1.75";"3b";"CC(C)COn1c(=O)c(C2=NS(=O)(=O)c3ccccc3N2)c(O)c2cccnc21";"IC50";"'='";"20500.0";"nM";"4.69";"";"";"UO_0000065";"11.31";"0.22";"2.94";"3.82";"0";"CHEMBL832929";"Inhibitory concentration against RNA dependent RNA polymerase Nonstructural protein 5B of genotype 1b Hepatitis C virus";"B";"BAO_0000357";"single protein format";"Hepatitis C virus";"None";"None";"None";"None";"";"";"";"CHEMBL5375";"Hepatitis C virus NS5B RNA-dependent RNA polymerase";"Hepatitis C virus";"SINGLE PROTEIN";"CHEMBL1142034";"1";"Scientific Literature";"Bioorg Med Chem Lett";"2005";"None";""
"CHEMBL179943";"";"None";"432.46";"0";"2.71";"2c";"O=c1c(C2=NS(=O)(=O)c3ccccc3N2)c(O)c2cccnc2n1Cc1ccccc1";"IC50";"'='";"83.0";"nM";"7.08";"";"";"UO_0000065";"16.37";"0.31";"4.37";"6.23";"1";"CHEMBL832929";"Inhibitory concentration against RNA dependent RNA polymerase Nonstructural protein 5B of genotype 1b Hepatitis C virus";"B";"BAO_0000357";"single protein format";"Hepatitis C virus";"None";"None";"None";"None";"";"";"";"CHEMBL5375";"Hepatitis C virus NS5B RNA-dependent RNA polymerase";"Hepatitis C virus";"SINGLE PROTEIN";"CHEMBL1142034";"1";"Scientific Literature";"Bioorg Med Chem Lett";"2005";"None";""
"CHEMBL180626";"";"None";"525.38";"1";"3.77";"4d";"O=c1c(C2=NS(=O)(=O)c3ccccc3N2)c(O)c2ccccc2n1NCc1ccc(Br)cc1";"IC50";"'='";"10360.0";"nM";"4.99";"";"";"UO_0000065";"9.49";"0.21";"1.21";"4.42";"0";"CHEMBL832928";"Inhibitory concentration against RNA dependent RNA polymerase Nonstructural protein 5B of genotype 1a Hepatitis C virus";"B";"BAO_0000357";"single protein format";"Hepatitis C virus";"None";"None";"None";"None";"";"";"";"CHEMBL5375";"Hepatitis C virus NS5B RNA-dependent RNA polymerase";"Hepatitis C virus";"SINGLE PROTEIN";"CHEMBL1142034";"1";"Scientific Literature";"Bioorg Med Chem Lett";"2005";"None";""
"CHEMBL180626";"";"None";"525.38";"1";"3.77";"4d";"O=c1c(C2=NS(=O)(=O)c3ccccc3N2)c(O)c2ccccc2n1NCc1ccc(Br)cc1";"IC50";"'='";"4690.0";"nM";"5.33";"";"";"UO_0000065";"10.14";"0.22";"1.56";"4.72";"0";"CHEMBL832929";"Inhibitory concentration against RNA dependent RNA polymerase Nonstructural protein 5B of genotype 1b Hepatitis C virus";"B";"BAO_0000357";"single protein format";"Hepatitis C virus";"None";"None";"None";"None";"";"";"";"CHEMBL5375";"Hepatitis C virus NS5B RNA-dependent RNA polymerase";"Hepatitis C virus";"SINGLE PROTEIN";"CHEMBL1142034";"1";"Scientific Literature";"Bioorg Med Chem Lett";"2005";"None";""
"CHEMBL361221";"";"None";"426.50";"0";"3.00";"5b";"CCCCCNn1c(=O)c(C2=NS(=O)(=O)c3ccccc3N2)c(O)c2ccccc21";"IC50";"'='";"928.0";"nM";"6.03";"";"";"UO_0000065";"14.14";"0.27";"3.03";"5.35";"0";"CHEMBL832928";"Inhibitory concentration against RNA dependent RNA polymerase Nonstructural protein 5B of genotype 1a Hepatitis C virus";"B";"BAO_0000357";"single protein format";"Hepatitis C virus";"None";"None";"None";"None";"";"";"";"CHEMBL5375";"Hepatitis C virus NS5B RNA-dependent RNA polymerase";"Hepatitis C virus";"SINGLE PROTEIN";"CHEMBL1142034";"1";"Scientific Literature";"Bioorg Med Chem Lett";"2005";"None";""
"CHEMBL361811";"";"None";"525.38";"1";"3.77";"4b";"O=c1c(C2=NS(=O)(=O)c3ccccc3N2)c(O)c2ccccc2n1NCc1ccccc1Br";"IC50";"'='";"469.0";"nM";"6.33";"";"";"UO_0000065";"12.05";"0.26";"2.56";"5.61";"0";"CHEMBL832929";"Inhibitory concentration against RNA dependent RNA polymerase Nonstructural protein 5B of genotype 1b Hepatitis C virus";"B";"BAO_0000357";"single protein format";"Hepatitis C virus";"None";"None";"None";"None";"";"";"";"CHEMBL5375";"Hepatitis C virus NS5B RNA-dependent RNA polymerase";"Hepatitis C virus";"SINGLE PROTEIN";"CHEMBL1142034";"1";"Scientific Literature";"Bioorg Med Chem Lett";"2005";"None";""
"CHEMBL178558";"";"None";"438.51";"0";"3.00";"5o";"O=c1c(C2=NS(=O)(=O)c3ccccc3N2)c(O)c2ccccc2n1NCC1CCCC1";"IC50";"'='";"747.0";"nM";"6.13";"";"";"UO_0000065";"13.97";"0.27";"3.13";"5.43";"0";"CHEMBL832928";"Inhibitory concentration against RNA dependent RNA polymerase Nonstructural protein 5B of genotype 1a Hepatitis C virus";"B";"BAO_0000357";"single protein format";"Hepatitis C virus";"None";"None";"None";"None";"";"";"";"CHEMBL5375";"Hepatitis C virus NS5B RNA-dependent RNA polymerase";"Hepatitis C virus";"SINGLE PROTEIN";"CHEMBL1142034";"1";"Scientific Literature";"Bioorg Med Chem Lett";"2005";"None";""
"CHEMBL1957270";"";"None";"438.51";"0";"3.14";"5p";"O=c1c(C2=NS(=O)(=O)c3ccccc3N2)c(O)c2ccccc2n1NC1CCCCC1";"IC50";"'='";"356.0";"nM";"6.45";"";"";"UO_0000065";"14.71";"0.28";"3.31";"5.72";"0";"CHEMBL832928";"Inhibitory concentration against RNA dependent RNA polymerase Nonstructural protein 5B of genotype 1a Hepatitis C virus";"B";"BAO_0000357";"single protein format";"Hepatitis C virus";"None";"None";"None";"None";"";"";"";"CHEMBL5375";"Hepatitis C virus NS5B RNA-dependent RNA polymerase";"Hepatitis C virus";"SINGLE PROTEIN";"CHEMBL1142034";"1";"Scientific Literature";"Bioorg Med Chem Lett";"2005";"None";""
"CHEMBL183587";"";"None";"460.52";"0";"3.32";"4e";"Cc1ccccc1CNn1c(=O)c(C2=NS(=O)(=O)c3ccccc3N2)c(O)c2ccccc21";"IC50";"'='";"481.0";"nM";"6.32";"";"";"UO_0000065";"13.72";"0.26";"3.00";"5.60";"0";"CHEMBL832929";"Inhibitory concentration against RNA dependent RNA polymerase Nonstructural protein 5B of genotype 1b Hepatitis C virus";"B";"BAO_0000357";"single protein format";"Hepatitis C virus";"None";"None";"None";"None";"";"";"";"CHEMBL5375";"Hepatitis C virus NS5B RNA-dependent RNA polymerase";"Hepatitis C virus";"SINGLE PROTEIN";"CHEMBL1142034";"1";"Scientific Literature";"Bioorg Med Chem Lett";"2005";"None";""
"CHEMBL178558";"";"None";"438.51";"0";"3.00";"5o";"O=c1c(C2=NS(=O)(=O)c3ccccc3N2)c(O)c2ccccc2n1NCC1CCCC1";"IC50";"'='";"150.0";"nM";"6.82";"";"";"UO_0000065";"15.56";"0.30";"3.82";"6.05";"0";"CHEMBL832929";"Inhibitory concentration against RNA dependent RNA polymerase Nonstructural protein 5B of genotype 1b Hepatitis C virus";"B";"BAO_0000357";"single protein format";"Hepatitis C virus";"None";"None";"None";"None";"";"";"";"CHEMBL5375";"Hepatitis C virus NS5B RNA-dependent RNA polymerase";"Hepatitis C virus";"SINGLE PROTEIN";"CHEMBL1142034";"1";"Scientific Literature";"Bioorg Med Chem Lett";"2005";"None";""
"CHEMBL359645";"";"None";"460.52";"0";"3.32";"4g";"Cc1ccc(CNn2c(=O)c(C3=NS(=O)(=O)c4ccccc4N3)c(O)c3ccccc32)cc1";"IC50";"'>'";"5000.0";"nM";"";"";"";"UO_0000065";"";"";"";"";"0";"CHEMBL832928";"Inhibitory concentration against RNA dependent RNA polymerase Nonstructural protein 5B of genotype 1a Hepatitis C virus";"B";"BAO_0000357";"single protein format";"Hepatitis C virus";"None";"None";"None";"None";"";"";"";"CHEMBL5375";"Hepatitis C virus NS5B RNA-dependent RNA polymerase";"Hepatitis C virus";"SINGLE PROTEIN";"CHEMBL1142034";"1";"Scientific Literature";"Bioorg Med Chem Lett";"2005";"None";""
"CHEMBL180346";"";"None";"460.52";"0";"3.32";"4f";"Cc1cccc(CNn2c(=O)c(C3=NS(=O)(=O)c4ccccc4N3)c(O)c3ccccc32)c1";"IC50";"'='";"8210.0";"nM";"5.09";"";"";"UO_0000065";"11.04";"0.21";"1.77";"4.51";"0";"CHEMBL832928";"Inhibitory concentration against RNA dependent RNA polymerase Nonstructural protein 5B of genotype 1a Hepatitis C virus";"B";"BAO_0000357";"single protein format";"Hepatitis C virus";"None";"None";"None";"None";"";"";"";"CHEMBL5375";"Hepatitis C virus NS5B RNA-dependent RNA polymerase";"Hepatitis C virus";"SINGLE PROTEIN";"CHEMBL1142034";"1";"Scientific Literature";"Bioorg Med Chem Lett";"2005";"None";""
"CHEMBL181246";"";"None";"454.55";"0";"3.64";"5l";"CCCC(Nn1c(=O)c(C2=NS(=O)(=O)c3ccccc3N2)c(O)c2ccccc21)C(C)C";"IC50";"'='";"1130.0";"nM";"5.95";"";"";"UO_0000065";"13.08";"0.25";"2.31";"5.27";"0";"CHEMBL832929";"Inhibitory concentration against RNA dependent RNA polymerase Nonstructural protein 5B of genotype 1b Hepatitis C virus";"B";"BAO_0000357";"single protein format";"Hepatitis C virus";"None";"None";"None";"None";"";"";"";"CHEMBL5375";"Hepatitis C virus NS5B RNA-dependent RNA polymerase";"Hepatitis C virus";"SINGLE PROTEIN";"CHEMBL1142034";"1";"Scientific Literature";"Bioorg Med Chem Lett";"2005";"None";""
"CHEMBL180292";"";"None";"460.52";"0";"3.57";"5m";"CC(Nn1c(=O)c(C2=NS(=O)(=O)c3ccccc3N2)c(O)c2ccccc21)c1ccccc1";"IC50";"'='";"16500.0";"nM";"4.78";"";"";"UO_0000065";"10.39";"0.20";"1.21";"4.24";"0";"CHEMBL832928";"Inhibitory concentration against RNA dependent RNA polymerase Nonstructural protein 5B of genotype 1a Hepatitis C virus";"B";"BAO_0000357";"single protein format";"Hepatitis C virus";"None";"None";"None";"None";"";"";"";"CHEMBL5375";"Hepatitis C virus NS5B RNA-dependent RNA polymerase";"Hepatitis C virus";"SINGLE PROTEIN";"CHEMBL1142034";"1";"Scientific Literature";"Bioorg Med Chem Lett";"2005";"None";""
"CHEMBL181556";"";"None";"440.53";"0";"3.39";"5j";"CCCC(CC)Nn1c(=O)c(C2=NS(=O)(=O)c3ccccc3N2)c(O)c2ccccc21";"IC50";"'='";"386.0";"nM";"6.41";"";"";"UO_0000065";"14.56";"0.28";"3.02";"5.69";"0";"CHEMBL832929";"Inhibitory concentration against RNA dependent RNA polymerase Nonstructural protein 5B of genotype 1b Hepatitis C virus";"B";"BAO_0000357";"single protein format";"Hepatitis C virus";"None";"None";"None";"None";"";"";"";"CHEMBL5375";"Hepatitis C virus NS5B RNA-dependent RNA polymerase";"Hepatitis C virus";"SINGLE PROTEIN";"CHEMBL1142034";"1";"Scientific Literature";"Bioorg Med Chem Lett";"2005";"None";""
"CHEMBL179279";"";"None";"436.45";"0";"2.60";"4l";"O=c1c(C2=NS(=O)(=O)c3ccccc3N2)c(O)c2ccccc2n1NCc1ccoc1";"IC50";"'='";"133.0";"nM";"6.88";"";"";"UO_0000065";"15.75";"0.30";"4.28";"5.46";"0";"CHEMBL832929";"Inhibitory concentration against RNA dependent RNA polymerase Nonstructural protein 5B of genotype 1b Hepatitis C virus";"B";"BAO_0000357";"single protein format";"Hepatitis C virus";"None";"None";"None";"None";"";"";"";"CHEMBL5375";"Hepatitis C virus NS5B RNA-dependent RNA polymerase";"Hepatitis C virus";"SINGLE PROTEIN";"CHEMBL1142034";"1";"Scientific Literature";"Bioorg Med Chem Lett";"2005";"None";""
"CHEMBL181058";"";"None";"466.54";"0";"3.38";"4m";"Cc1ccsc1CNn1c(=O)c(C2=NS(=O)(=O)c3ccccc3N2)c(O)c2ccccc21";"IC50";"'='";"1190.0";"nM";"5.92";"";"";"UO_0000065";"12.70";"0.25";"2.54";"5.25";"0";"CHEMBL832929";"Inhibitory concentration against RNA dependent RNA polymerase Nonstructural protein 5B of genotype 1b Hepatitis C virus";"B";"BAO_0000357";"single protein format";"Hepatitis C virus";"None";"None";"None";"None";"";"";"";"CHEMBL5375";"Hepatitis C virus NS5B RNA-dependent RNA polymerase";"Hepatitis C virus";"SINGLE PROTEIN";"CHEMBL1142034";"1";"Scientific Literature";"Bioorg Med Chem Lett";"2005";"None";""
"CHEMBL182203";"";"None";"398.44";"0";"2.22";"5h";"CC(C)Nn1c(=O)c(C2=NS(=O)(=O)c3ccccc3N2)c(O)c2ccccc21";"IC50";"'='";"640.0";"nM";"6.19";"";"";"UO_0000065";"15.55";"0.30";"3.97";"5.49";"0";"CHEMBL832929";"Inhibitory concentration against RNA dependent RNA polymerase Nonstructural protein 5B of genotype 1b Hepatitis C virus";"B";"BAO_0000357";"single protein format";"Hepatitis C virus";"None";"None";"None";"None";"";"";"";"CHEMBL5375";"Hepatitis C virus NS5B RNA-dependent RNA polymerase";"Hepatitis C virus";"SINGLE PROTEIN";"CHEMBL1142034";"1";"Scientific Literature";"Bioorg Med Chem Lett";"2005";"None";""
"CHEMBL180404";"";"None";"412.47";"0";"3.02";"2f";"CCC(CC)n1c(=O)c(C2=NS(=O)(=O)c3ccccc3N2)c(O)c2cccnc21";"IC50";"'='";"13200.0";"nM";"4.88";"";"";"UO_0000065";"11.83";"0.23";"1.86";"4.29";"0";"CHEMBL832929";"Inhibitory concentration against RNA dependent RNA polymerase Nonstructural protein 5B of genotype 1b Hepatitis C virus";"B";"BAO_0000357";"single protein format";"Hepatitis C virus";"None";"None";"None";"None";"";"";"";"CHEMBL5375";"Hepatitis C virus NS5B RNA-dependent RNA polymerase";"Hepatitis C virus";"SINGLE PROTEIN";"CHEMBL1142034";"1";"Scientific Literature";"Bioorg Med Chem Lett";"2005";"None";""
"CHEMBL369555";"";"None";"438.51";"0";"3.24";"2g";"O=c1c(C2=NS(=O)(=O)c3ccccc3N2)c(O)c2cccnc2n1CC1CCCCC1";"IC50";"'='";"93.0";"nM";"7.03";"";"";"UO_0000065";"16.04";"0.31";"3.79";"6.19";"0";"CHEMBL832929";"Inhibitory concentration against RNA dependent RNA polymerase Nonstructural protein 5B of genotype 1b Hepatitis C virus";"B";"BAO_0000357";"single protein format";"Hepatitis C virus";"None";"None";"None";"None";"";"";"";"CHEMBL5375";"Hepatitis C virus NS5B RNA-dependent RNA polymerase";"Hepatitis C virus";"SINGLE PROTEIN";"CHEMBL1142034";"1";"Scientific Literature";"Bioorg Med Chem Lett";"2005";"None";""
"CHEMBL362243";"";"None";"450.48";"0";"2.28";"5r";"O=c1c(C2=NS(=O)(=O)c3ccccc3N2)c(O)c2ccccc2n1NCC1=CCOC=C1";"IC50";"'='";"4630.0";"nM";"5.33";"";"";"UO_0000065";"11.84";"0.23";"3.05";"4.37";"0";"CHEMBL832928";"Inhibitory concentration against RNA dependent RNA polymerase Nonstructural protein 5B of genotype 1a Hepatitis C virus";"B";"BAO_0000357";"single protein format";"Hepatitis C virus";"None";"None";"None";"None";"";"";"";"CHEMBL5375";"Hepatitis C virus NS5B RNA-dependent RNA polymerase";"Hepatitis C virus";"SINGLE PROTEIN";"CHEMBL1142034";"1";"Scientific Literature";"Bioorg Med Chem Lett";"2005";"None";""
"CHEMBL180998";"";"None";"412.47";"0";"2.47";"5e";"CC(C)CNn1c(=O)c(C2=NS(=O)(=O)c3ccccc3N2)c(O)c2ccccc21";"EC50";"'='";"1350.0";"nM";"5.87";"";"";"UO_0000065";"14.23";"0.28";"3.40";"5.20";"0";"CHEMBL839779";"Effective concentration against RNA dependent RNA polymerase Nonstructural protein 5B of genotype 1b Hepatitis C virus";"B";"BAO_0000357";"single protein format";"Hepatitis C virus";"None";"None";"None";"None";"";"";"";"CHEMBL5375";"Hepatitis C virus NS5B RNA-dependent RNA polymerase";"Hepatitis C virus";"SINGLE PROTEIN";"CHEMBL1142034";"1";"Scientific Literature";"Bioorg Med Chem Lett";"2005";"None";""
"CHEMBL181556";"";"None";"440.53";"0";"3.39";"5j";"CCCC(CC)Nn1c(=O)c(C2=NS(=O)(=O)c3ccccc3N2)c(O)c2ccccc21";"IC50";"'='";"1890.0";"nM";"5.72";"";"";"UO_0000065";"12.99";"0.25";"2.33";"5.07";"0";"CHEMBL832928";"Inhibitory concentration against RNA dependent RNA polymerase Nonstructural protein 5B of genotype 1a Hepatitis C virus";"B";"BAO_0000357";"single protein format";"Hepatitis C virus";"None";"None";"None";"None";"";"";"";"CHEMBL5375";"Hepatitis C virus NS5B RNA-dependent RNA polymerase";"Hepatitis C virus";"SINGLE PROTEIN";"CHEMBL1142034";"1";"Scientific Literature";"Bioorg Med Chem Lett";"2005";"None";""
"CHEMBL362821";"";"None";"454.55";"0";"3.78";"5k";"CCCC(CCC)Nn1c(=O)c(C2=NS(=O)(=O)c3ccccc3N2)c(O)c2ccccc21";"IC50";"'='";"2240.0";"nM";"5.65";"";"";"UO_0000065";"12.43";"0.24";"1.87";"5.01";"0";"CHEMBL832928";"Inhibitory concentration against RNA dependent RNA polymerase Nonstructural protein 5B of genotype 1a Hepatitis C virus";"B";"BAO_0000357";"single protein format";"Hepatitis C virus";"None";"None";"None";"None";"";"";"";"CHEMBL5375";"Hepatitis C virus NS5B RNA-dependent RNA polymerase";"Hepatitis C virus";"SINGLE PROTEIN";"CHEMBL1142034";"1";"Scientific Literature";"Bioorg Med Chem Lett";"2005";"None";""
"CHEMBL183587";"";"None";"460.52";"0";"3.32";"4e";"Cc1ccccc1CNn1c(=O)c(C2=NS(=O)(=O)c3ccccc3N2)c(O)c2ccccc21";"IC50";"'='";"6120.0";"nM";"5.21";"";"";"UO_0000065";"11.32";"0.22";"1.89";"4.62";"0";"CHEMBL832928";"Inhibitory concentration against RNA dependent RNA polymerase Nonstructural protein 5B of genotype 1a Hepatitis C virus";"B";"BAO_0000357";"single protein format";"Hepatitis C virus";"None";"None";"None";"None";"";"";"";"CHEMBL5375";"Hepatitis C virus NS5B RNA-dependent RNA polymerase";"Hepatitis C virus";"SINGLE PROTEIN";"CHEMBL1142034";"1";"Scientific Literature";"Bioorg Med Chem Lett";"2005";"None";""
"CHEMBL433957";"";"None";"486.96";"0";"3.73";"4n";"O=c1c(C2=NS(=O)(=O)c3ccccc3N2)c(O)c2ccccc2n1NCc1ccc(Cl)s1";"IC50";"'='";"4780.0";"nM";"5.32";"";"";"UO_0000065";"10.93";"0.23";"1.59";"4.72";"0";"CHEMBL832928";"Inhibitory concentration against RNA dependent RNA polymerase Nonstructural protein 5B of genotype 1a Hepatitis C virus";"B";"BAO_0000357";"single protein format";"Hepatitis C virus";"None";"None";"None";"None";"";"";"";"CHEMBL5375";"Hepatitis C virus NS5B RNA-dependent RNA polymerase";"Hepatitis C virus";"SINGLE PROTEIN";"CHEMBL1142034";"1";"Scientific Literature";"Bioorg Med Chem Lett";"2005";"None";""
"CHEMBL362701";"";"None";"426.50";"0";"2.86";"5c";"CC(C)CCNn1c(=O)c(C2=NS(=O)(=O)c3ccccc3N2)c(O)c2ccccc21";"IC50";"'='";"134.0";"nM";"6.87";"";"";"UO_0000065";"16.11";"0.31";"4.01";"6.09";"0";"CHEMBL832929";"Inhibitory concentration against RNA dependent RNA polymerase Nonstructural protein 5B of genotype 1b Hepatitis C virus";"B";"BAO_0000357";"single protein format";"Hepatitis C virus";"None";"None";"None";"None";"";"";"";"CHEMBL5375";"Hepatitis C virus NS5B RNA-dependent RNA polymerase";"Hepatitis C virus";"SINGLE PROTEIN";"CHEMBL1142034";"1";"Scientific Literature";"Bioorg Med Chem Lett";"2005";"None";""
"CHEMBL179668";"";"None";"452.52";"0";"3.07";"4i";"O=c1c(C2=NS(=O)(=O)c3ccccc3N2)c(O)c2ccccc2n1NCc1cccs1";"IC50";"'='";"125.0";"nM";"6.90";"";"";"UO_0000065";"15.25";"0.30";"3.83";"6.12";"0";"CHEMBL832929";"Inhibitory concentration against RNA dependent RNA polymerase Nonstructural protein 5B of genotype 1b Hepatitis C virus";"B";"BAO_0000357";"single protein format";"Hepatitis C virus";"None";"None";"None";"None";"";"";"";"CHEMBL5375";"Hepatitis C virus NS5B RNA-dependent RNA polymerase";"Hepatitis C virus";"SINGLE PROTEIN";"CHEMBL1142034";"1";"Scientific Literature";"Bioorg Med Chem Lett";"2005";"None";""
"CHEMBL183046";"";"None";"412.47";"0";"2.71";"2b";"CC(C)CCn1c(=O)c(C2=NS(=O)(=O)c3ccccc3N2)c(O)c2cccnc21";"IC50";"'='";"69.0";"nM";"7.16";"";"";"UO_0000065";"17.36";"0.34";"4.45";"6.30";"0";"CHEMBL832929";"Inhibitory concentration against RNA dependent RNA polymerase Nonstructural protein 5B of genotype 1b Hepatitis C virus";"B";"BAO_0000357";"single protein format";"Hepatitis C virus";"None";"None";"None";"None";"";"";"";"CHEMBL5375";"Hepatitis C virus NS5B RNA-dependent RNA polymerase";"Hepatitis C virus";"SINGLE PROTEIN";"CHEMBL1142034";"1";"Scientific Literature";"Bioorg Med Chem Lett";"2005";"None";""
"CHEMBL180998";"";"None";"412.47";"0";"2.47";"5e";"CC(C)CNn1c(=O)c(C2=NS(=O)(=O)c3ccccc3N2)c(O)c2ccccc21";"IC50";"'='";"101.0";"nM";"7.00";"";"";"UO_0000065";"16.96";"0.33";"4.53";"6.20";"0";"CHEMBL832929";"Inhibitory concentration against RNA dependent RNA polymerase Nonstructural protein 5B of genotype 1b Hepatitis C virus";"B";"BAO_0000357";"single protein format";"Hepatitis C virus";"None";"None";"None";"None";"";"";"";"CHEMBL5375";"Hepatitis C virus NS5B RNA-dependent RNA polymerase";"Hepatitis C virus";"SINGLE PROTEIN";"CHEMBL1142034";"1";"Scientific Literature";"Bioorg Med Chem Lett";"2005";"None";""
"CHEMBL180772";"";"None";"426.50";"0";"3.10";"2e";"CCC(CC)Cn1c(=O)c(C2=NS(=O)(=O)c3ccccc3N2)c(O)c2cccnc21";"IC50";"'='";"58.0";"nM";"7.24";"";"";"UO_0000065";"16.97";"0.33";"4.14";"6.37";"0";"CHEMBL832929";"Inhibitory concentration against RNA dependent RNA polymerase Nonstructural protein 5B of genotype 1b Hepatitis C virus";"B";"BAO_0000357";"single protein format";"Hepatitis C virus";"None";"None";"None";"None";"";"";"";"CHEMBL5375";"Hepatitis C virus NS5B RNA-dependent RNA polymerase";"Hepatitis C virus";"SINGLE PROTEIN";"CHEMBL1142034";"1";"Scientific Literature";"Bioorg Med Chem Lett";"2005";"None";""
"CHEMBL182191";"";"None";"446.49";"0";"3.01";"4a";"O=c1c(C2=NS(=O)(=O)c3ccccc3N2)c(O)c2ccccc2n1NCc1ccccc1";"IC50";"'='";"5090.0";"nM";"5.29";"";"";"UO_0000065";"11.86";"0.23";"2.28";"4.69";"0";"CHEMBL832928";"Inhibitory concentration against RNA dependent RNA polymerase Nonstructural protein 5B of genotype 1a Hepatitis C virus";"B";"BAO_0000357";"single protein format";"Hepatitis C virus";"None";"None";"None";"None";"";"";"";"CHEMBL5375";"Hepatitis C virus NS5B RNA-dependent RNA polymerase";"Hepatitis C virus";"SINGLE PROTEIN";"CHEMBL1142034";"1";"Scientific Literature";"Bioorg Med Chem Lett";"2005";"None";""
"CHEMBL182203";"";"None";"398.44";"0";"2.22";"5h";"CC(C)Nn1c(=O)c(C2=NS(=O)(=O)c3ccccc3N2)c(O)c2ccccc21";"IC50";"'='";"6350.0";"nM";"5.20";"";"";"UO_0000065";"13.04";"0.25";"2.98";"4.61";"0";"CHEMBL832928";"Inhibitory concentration against RNA dependent RNA polymerase Nonstructural protein 5B of genotype 1a Hepatitis C virus";"B";"BAO_0000357";"single protein format";"Hepatitis C virus";"None";"None";"None";"None";"";"";"";"CHEMBL5375";"Hepatitis C virus NS5B RNA-dependent RNA polymerase";"Hepatitis C virus";"SINGLE PROTEIN";"CHEMBL1142034";"1";"Scientific Literature";"Bioorg Med Chem Lett";"2005";"None";""
"CHEMBL181109";"";"None";"440.53";"0";"3.25";"5d";"CC(C)(C)CCNn1c(=O)c(C2=NS(=O)(=O)c3ccccc3N2)c(O)c2ccccc21";"IC50";"'='";"135.0";"nM";"6.87";"";"";"UO_0000065";"15.59";"0.30";"3.62";"6.09";"0";"CHEMBL832929";"Inhibitory concentration against RNA dependent RNA polymerase Nonstructural protein 5B of genotype 1b Hepatitis C virus";"B";"BAO_0000357";"single protein format";"Hepatitis C virus";"None";"None";"None";"None";"";"";"";"CHEMBL5375";"Hepatitis C virus NS5B RNA-dependent RNA polymerase";"Hepatitis C virus";"SINGLE PROTEIN";"CHEMBL1142034";"1";"Scientific Literature";"Bioorg Med Chem Lett";"2005";"None";""
"CHEMBL360266";"";"None";"447.48";"0";"2.41";"4h";"O=c1c(C2=NS(=O)(=O)c3ccccc3N2)c(O)c2ccccc2n1NCc1cccnc1";"IC50";"'>'";"5000.0";"nM";"";"";"";"UO_0000065";"";"";"";"";"0";"CHEMBL832928";"Inhibitory concentration against RNA dependent RNA polymerase Nonstructural protein 5B of genotype 1a Hepatitis C virus";"B";"BAO_0000357";"single protein format";"Hepatitis C virus";"None";"None";"None";"None";"";"";"";"CHEMBL5375";"Hepatitis C virus NS5B RNA-dependent RNA polymerase";"Hepatitis C virus";"SINGLE PROTEIN";"CHEMBL1142034";"1";"Scientific Literature";"Bioorg Med Chem Lett";"2005";"None";""
"CHEMBL360365";"";"None";"436.45";"0";"2.60";"4k";"O=c1c(C2=NS(=O)(=O)c3ccccc3N2)c(O)c2ccccc2n1NCc1ccco1";"IC50";"'='";"305.0";"nM";"6.52";"";"";"UO_0000065";"14.93";"0.29";"3.92";"5.17";"0";"CHEMBL832929";"Inhibitory concentration against RNA dependent RNA polymerase Nonstructural protein 5B of genotype 1b Hepatitis C virus";"B";"BAO_0000357";"single protein format";"Hepatitis C virus";"None";"None";"None";"None";"";"";"";"CHEMBL5375";"Hepatitis C virus NS5B RNA-dependent RNA polymerase";"Hepatitis C virus";"SINGLE PROTEIN";"CHEMBL1142034";"1";"Scientific Literature";"Bioorg Med Chem Lett";"2005";"None";""
"CHEMBL362243";"";"None";"450.48";"0";"2.28";"5r";"O=c1c(C2=NS(=O)(=O)c3ccccc3N2)c(O)c2ccccc2n1NCC1=CCOC=C1";"IC50";"'='";"439.0";"nM";"6.36";"";"";"UO_0000065";"14.11";"0.27";"4.08";"5.21";"0";"CHEMBL832929";"Inhibitory concentration against RNA dependent RNA polymerase Nonstructural protein 5B of genotype 1b Hepatitis C virus";"B";"BAO_0000357";"single protein format";"Hepatitis C virus";"None";"None";"None";"None";"";"";"";"CHEMBL5375";"Hepatitis C virus NS5B RNA-dependent RNA polymerase";"Hepatitis C virus";"SINGLE PROTEIN";"CHEMBL1142034";"1";"Scientific Literature";"Bioorg Med Chem Lett";"2005";"None";""
"CHEMBL360438";"";"None";"424.48";"0";"2.61";"5n";"O=c1c(C2=NS(=O)(=O)c3ccccc3N2)c(O)c2ccccc2n1NCC1CCC1";"IC50";"'='";"278.0";"nM";"6.56";"";"";"UO_0000065";"15.44";"0.30";"3.95";"5.81";"0";"CHEMBL832928";"Inhibitory concentration against RNA dependent RNA polymerase Nonstructural protein 5B of genotype 1a Hepatitis C virus";"B";"BAO_0000357";"single protein format";"Hepatitis C virus";"None";"None";"None";"None";"";"";"";"CHEMBL5375";"Hepatitis C virus NS5B RNA-dependent RNA polymerase";"Hepatitis C virus";"SINGLE PROTEIN";"CHEMBL1142034";"1";"Scientific Literature";"Bioorg Med Chem Lett";"2005";"None";""
"CHEMBL367825";"";"None";"525.38";"1";"3.77";"4c";"O=c1c(C2=NS(=O)(=O)c3ccccc3N2)c(O)c2ccccc2n1NCc1cccc(Br)c1";"IC50";"'='";"1040.0";"nM";"5.98";"";"";"UO_0000065";"11.39";"0.25";"2.21";"5.30";"0";"CHEMBL832928";"Inhibitory concentration against RNA dependent RNA polymerase Nonstructural protein 5B of genotype 1a Hepatitis C virus";"B";"BAO_0000357";"single protein format";"Hepatitis C virus";"None";"None";"None";"None";"";"";"";"CHEMBL5375";"Hepatitis C virus NS5B RNA-dependent RNA polymerase";"Hepatitis C virus";"SINGLE PROTEIN";"CHEMBL1142034";"1";"Scientific Literature";"Bioorg Med Chem Lett";"2005";"None";""
"CHEMBL179668";"";"None";"452.52";"0";"3.07";"4i";"O=c1c(C2=NS(=O)(=O)c3ccccc3N2)c(O)c2ccccc2n1NCc1cccs1";"IC50";"'='";"2330.0";"nM";"5.63";"";"";"UO_0000065";"12.45";"0.25";"2.56";"4.99";"0";"CHEMBL832928";"Inhibitory concentration against RNA dependent RNA polymerase Nonstructural protein 5B of genotype 1a Hepatitis C virus";"B";"BAO_0000357";"single protein format";"Hepatitis C virus";"None";"None";"None";"None";"";"";"";"CHEMBL5375";"Hepatitis C virus NS5B RNA-dependent RNA polymerase";"Hepatitis C virus";"SINGLE PROTEIN";"CHEMBL1142034";"1";"Scientific Literature";"Bioorg Med Chem Lett";"2005";"None";""
"CHEMBL180292";"";"None";"460.52";"0";"3.57";"5m";"CC(Nn1c(=O)c(C2=NS(=O)(=O)c3ccccc3N2)c(O)c2ccccc21)c1ccccc1";"IC50";"'='";"1490.0";"nM";"5.83";"";"";"UO_0000065";"12.65";"0.24";"2.26";"5.17";"0";"CHEMBL832929";"Inhibitory concentration against RNA dependent RNA polymerase Nonstructural protein 5B of genotype 1b Hepatitis C virus";"B";"BAO_0000357";"single protein format";"Hepatitis C virus";"None";"None";"None";"None";"";"";"";"CHEMBL5375";"Hepatitis C virus NS5B RNA-dependent RNA polymerase";"Hepatitis C virus";"SINGLE PROTEIN";"CHEMBL1142034";"1";"Scientific Literature";"Bioorg Med Chem Lett";"2005";"None";""
"CHEMBL360438";"";"None";"424.48";"0";"2.61";"5n";"O=c1c(C2=NS(=O)(=O)c3ccccc3N2)c(O)c2ccccc2n1NCC1CCC1";"IC50";"'='";"108.0";"nM";"6.97";"";"";"UO_0000065";"16.41";"0.32";"4.36";"6.18";"0";"CHEMBL832929";"Inhibitory concentration against RNA dependent RNA polymerase Nonstructural protein 5B of genotype 1b Hepatitis C virus";"B";"BAO_0000357";"single protein format";"Hepatitis C virus";"None";"None";"None";"None";"";"";"";"CHEMBL5375";"Hepatitis C virus NS5B RNA-dependent RNA polymerase";"Hepatitis C virus";"SINGLE PROTEIN";"CHEMBL1142034";"1";"Scientific Literature";"Bioorg Med Chem Lett";"2005";"None";""
"CHEMBL360438";"";"None";"424.48";"0";"2.61";"5n";"O=c1c(C2=NS(=O)(=O)c3ccccc3N2)c(O)c2ccccc2n1NCC1CCC1";"EC50";"'='";"1030.0";"nM";"5.99";"";"";"UO_0000065";"14.10";"0.27";"3.38";"5.31";"0";"CHEMBL839779";"Effective concentration against RNA dependent RNA polymerase Nonstructural protein 5B of genotype 1b Hepatitis C virus";"B";"BAO_0000357";"single protein format";"Hepatitis C virus";"None";"None";"None";"None";"";"";"";"CHEMBL5375";"Hepatitis C virus NS5B RNA-dependent RNA polymerase";"Hepatitis C virus";"SINGLE PROTEIN";"CHEMBL1142034";"1";"Scientific Literature";"Bioorg Med Chem Lett";"2005";"None";""
"CHEMBL1957270";"";"None";"438.51";"0";"3.14";"5p";"O=c1c(C2=NS(=O)(=O)c3ccccc3N2)c(O)c2ccccc2n1NC1CCCCC1";"IC50";"'='";"60.0";"nM";"7.22";"";"";"UO_0000065";"16.47";"0.32";"4.08";"6.40";"0";"CHEMBL832929";"Inhibitory concentration against RNA dependent RNA polymerase Nonstructural protein 5B of genotype 1b Hepatitis C virus";"B";"BAO_0000357";"single protein format";"Hepatitis C virus";"None";"None";"None";"None";"";"";"";"CHEMBL5375";"Hepatitis C virus NS5B RNA-dependent RNA polymerase";"Hepatitis C virus";"SINGLE PROTEIN";"CHEMBL1142034";"1";"Scientific Literature";"Bioorg Med Chem Lett";"2005";"None";""
"CHEMBL180998";"";"None";"412.47";"0";"2.47";"5e";"CC(C)CNn1c(=O)c(C2=NS(=O)(=O)c3ccccc3N2)c(O)c2ccccc21";"IC50";"'='";"941.0";"nM";"6.03";"";"";"UO_0000065";"14.61";"0.28";"3.56";"5.34";"0";"CHEMBL832928";"Inhibitory concentration against RNA dependent RNA polymerase Nonstructural protein 5B of genotype 1a Hepatitis C virus";"B";"BAO_0000357";"single protein format";"Hepatitis C virus";"None";"None";"None";"None";"";"";"";"CHEMBL5375";"Hepatitis C virus NS5B RNA-dependent RNA polymerase";"Hepatitis C virus";"SINGLE PROTEIN";"CHEMBL1142034";"1";"Scientific Literature";"Bioorg Med Chem Lett";"2005";"None";""
"CHEMBL360266";"";"None";"447.48";"0";"2.41";"4h";"O=c1c(C2=NS(=O)(=O)c3ccccc3N2)c(O)c2ccccc2n1NCc1cccnc1";"IC50";"'='";"221.0";"nM";"6.66";"";"";"UO_0000065";"14.87";"0.28";"4.25";"5.30";"0";"CHEMBL832929";"Inhibitory concentration against RNA dependent RNA polymerase Nonstructural protein 5B of genotype 1b Hepatitis C virus";"B";"BAO_0000357";"single protein format";"Hepatitis C virus";"None";"None";"None";"None";"";"";"";"CHEMBL5375";"Hepatitis C virus NS5B RNA-dependent RNA polymerase";"Hepatitis C virus";"SINGLE PROTEIN";"CHEMBL1142034";"1";"Scientific Literature";"Bioorg Med Chem Lett";"2005";"None";""
